user_genome	classification	closest_genome_reference	closest_genome_reference_radius	closest_genome_taxonomy	closest_genome_ani	closest_genome_af	closest_placement_reference	closest_placement_radius	closest_placement_taxonomy	closest_placement_ani	closest_placement_af	pplacer_taxonomy	classification_method	note	other_related_references(genome_id,species_name,radius,ANI,AF)	msa_percent	translation_table	red_value	warnings
A173	d__Archaea;p__Asgardarchaeota;c__Njordarchaeia;o__Njordarchaeales;f__Njordarchaeaceae;g__;s__	N/A	N/A	N/A	N/A	N/A	N/A	N/A	N/A	N/A	N/A	d__Archaea;p__Asgardarchaeota;c__Njordarchaeia;o__Njordarchaeales;f__;g__;s__	taxonomic novelty determined using RED	N/A	N/A	60.54	11	0.75907	N/A
A361	d__Archaea;p__Asgardarchaeota;c__Thorarchaeia;o__Thorarchaeales;f__Thorarchaeaceae;g__B65-G9;s__B65-G9 sp029855935	GCA_029855935.1	95.0	d__Archaea;p__Asgardarchaeota;c__Thorarchaeia;o__Thorarchaeales;f__Thorarchaeaceae;g__B65-G9;s__B65-G9 sp029855935	100.0	1.0	GCA_029855935.1	95.0	d__Archaea;p__Asgardarchaeota;c__Thorarchaeia;o__Thorarchaeales;f__Thorarchaeaceae;g__B65-G9;s__B65-G9 sp029855935	100.0	1.0	d__Archaea;p__Asgardarchaeota;c__Thorarchaeia;o__Thorarchaeales;f__Thorarchaeaceae;g__B65-G9;s__	taxonomic classification defined by topology and ANI	topological placement and ANI have congruent species assignments	N/A	90.32	11	N/A	N/A
A381	d__Archaea;p__Asgardarchaeota;c__Thorarchaeia;o__Thorarchaeales;f__Thorarchaeaceae;g__JALVPN01;s__JALVPN01 sp027031765	GCA_027031765.1	95.0	d__Archaea;p__Asgardarchaeota;c__Thorarchaeia;o__Thorarchaeales;f__Thorarchaeaceae;g__JALVPN01;s__JALVPN01 sp027031765	100.0	0.982	GCA_027031765.1	95.0	d__Archaea;p__Asgardarchaeota;c__Thorarchaeia;o__Thorarchaeales;f__Thorarchaeaceae;g__JALVPN01;s__JALVPN01 sp027031765	100.0	0.982	d__Archaea;p__Asgardarchaeota;c__Thorarchaeia;o__Thorarchaeales;f__Thorarchaeaceae;g__;s__	taxonomic classification defined by topology and ANI	topological placement and ANI have congruent species assignments	N/A	83.96	11	N/A	N/A
A399	d__Archaea;p__Asgardarchaeota;c__Thorarchaeia;o__Thorarchaeales;f__Thorarchaeaceae;g__B65-G9;s__B65-G9 sp029855925	GCA_029855925.1	95.0	d__Archaea;p__Asgardarchaeota;c__Thorarchaeia;o__Thorarchaeales;f__Thorarchaeaceae;g__B65-G9;s__B65-G9 sp029855925	100.0	0.997	GCA_029855925.1	95.0	d__Archaea;p__Asgardarchaeota;c__Thorarchaeia;o__Thorarchaeales;f__Thorarchaeaceae;g__B65-G9;s__B65-G9 sp029855925	100.0	0.997	d__Archaea;p__Asgardarchaeota;c__Thorarchaeia;o__Thorarchaeales;f__Thorarchaeaceae;g__B65-G9;s__	taxonomic classification defined by topology and ANI	topological placement and ANI have congruent species assignments	N/A	65.94	11	N/A	N/A
AB1215_1	d__Archaea;p__Asgardarchaeota;c__Asgardarchaeia;o__Asgardarchaeales;f__Asgardarchaeaceae;g__Asgardarchaeum;s__Asgardarchaeum abyssi	GCA_040225955.1	95.0	d__Archaea;p__Asgardarchaeota;c__Asgardarchaeia;o__Asgardarchaeales;f__Asgardarchaeaceae;g__Asgardarchaeum;s__Asgardarchaeum abyssi	99.85	0.766	GCA_040225955.1	95.0	d__Archaea;p__Asgardarchaeota;c__Asgardarchaeia;o__Asgardarchaeales;f__Asgardarchaeaceae;g__Asgardarchaeum;s__Asgardarchaeum abyssi	99.85	0.766	d__Archaea;p__Asgardarchaeota;c__;o__;f__;g__;s__	taxonomic classification defined by topology and ANI	topological placement and ANI have congruent species assignments	N/A	61.37	11	N/A	N/A
AB3033_1	d__Archaea;p__Asgardarchaeota;c__Asgardarchaeia;o__Asgardarchaeales;f__;g__;s__	N/A	N/A	N/A	N/A	N/A	N/A	N/A	N/A	N/A	N/A	d__Archaea;p__Asgardarchaeota;c__;o__;f__;g__;s__	taxonomic novelty determined using RED	N/A	N/A	82.4	11	0.59319	N/A
AB3033_2	d__Archaea;p__Asgardarchaeota;c__Asgardarchaeia;o__Asgardarchaeales;f__Asgardarchaeaceae;g__Asgardarchaeum;s__Asgardarchaeum abyssi	GCA_040225955.1	95.0	d__Archaea;p__Asgardarchaeota;c__Asgardarchaeia;o__Asgardarchaeales;f__Asgardarchaeaceae;g__Asgardarchaeum;s__Asgardarchaeum abyssi	100.0	0.998	GCA_040225955.1	95.0	d__Archaea;p__Asgardarchaeota;c__Asgardarchaeia;o__Asgardarchaeales;f__Asgardarchaeaceae;g__Asgardarchaeum;s__Asgardarchaeum abyssi	100.0	0.998	d__Archaea;p__Asgardarchaeota;c__;o__;f__;g__;s__	taxonomic classification defined by topology and ANI	topological placement and ANI have congruent species assignments	N/A	90.96	11	N/A	N/A
ABR01	d__Archaea;p__Asgardarchaeota;c__Lokiarchaeia;o__Sigynarchaeales;f__SOKP01;g__6H3-1;s__6H3-1 sp029856045	GCA_029856045.1	95.0	d__Archaea;p__Asgardarchaeota;c__Lokiarchaeia;o__Sigynarchaeales;f__SOKP01;g__6H3-1;s__6H3-1 sp029856045	99.99	1.0	GCA_029856045.1	95.0	d__Archaea;p__Asgardarchaeota;c__Lokiarchaeia;o__Sigynarchaeales;f__SOKP01;g__6H3-1;s__6H3-1 sp029856045	99.99	1.0	d__Archaea;p__Asgardarchaeota;c__Lokiarchaeia;o__Sigynarchaeales;f__SOKP01;g__6H3-1;s__	taxonomic classification defined by topology and ANI	topological placement and ANI have congruent species assignments	GCA_019058015.1, s__6H3-1 sp019058015, 95.0, 91.59, 0.644; GCA_030606485.1, s__6H3-1 sp030606485, 95.11, 91.38, 0.648; GCA_019058135.1, s__6H3-1 sp019058135, 95.0, 91.38, 0.546	91.65	11	N/A	N/A
ABR02	d__Archaea;p__Asgardarchaeota;c__Lokiarchaeia;o__Sigynarchaeales;f__SOKP01;g__SOKP01;s__SOKP01 sp029856105	GCA_029856105.1	95.0	d__Archaea;p__Asgardarchaeota;c__Lokiarchaeia;o__Sigynarchaeales;f__SOKP01;g__SOKP01;s__SOKP01 sp029856105	100.0	1.0	GCA_029856105.1	95.0	d__Archaea;p__Asgardarchaeota;c__Lokiarchaeia;o__Sigynarchaeales;f__SOKP01;g__SOKP01;s__SOKP01 sp029856105	100.0	1.0	d__Archaea;p__Asgardarchaeota;c__Lokiarchaeia;o__Sigynarchaeales;f__SOKP01;g__SOKP01;s__	taxonomic classification defined by topology and ANI	topological placement and ANI have congruent species assignments	GCA_005222975.1, s__SOKP01 sp005222975, 95.0, 91.8, 0.516; GCA_030612905.1, s__SOKP01 sp030612905, 95.0, 91.62, 0.531; GCA_019057795.1, s__SOKP01 sp019057795, 95.0, 91.53, 0.604; GCA_030615145.1, s__SOKP01 sp030615145, 95.0, 91.12, 0.51; GCA_018238625.1, s__SOKP01 sp018238625, 95.0, 90.87, 0.57; GCA_030606095.1, s__SOKP01 sp030606095, 95.0, 90.62, 0.439	80.0	11	N/A	N/A
ABR03	d__Archaea;p__Asgardarchaeota;c__Lokiarchaeia;o__Sigynarchaeales;f__SOKP01;g__Loki-b32;s__Loki-b32 sp029856085	GCA_029856085.1	95.0	d__Archaea;p__Asgardarchaeota;c__Lokiarchaeia;o__Sigynarchaeales;f__SOKP01;g__Loki-b32;s__Loki-b32 sp029856085	100.0	0.998	GCA_029856085.1	95.0	d__Archaea;p__Asgardarchaeota;c__Lokiarchaeia;o__Sigynarchaeales;f__SOKP01;g__Loki-b32;s__Loki-b32 sp029856085	100.0	0.998	d__Archaea;p__Asgardarchaeota;c__Lokiarchaeia;o__Sigynarchaeales;f__SOKP01;g__Loki-b32;s__	taxonomic classification defined by topology and ANI	topological placement and ANI have congruent species assignments	GCA_030603385.1, s__Loki-b32 sp030603385, 95.0, 94.34, 0.594; GCA_029856445.1, s__Loki-b32 sp029856445, 95.0, 84.45, 0.162	77.19	11	N/A	N/A
ABR04	d__Archaea;p__Asgardarchaeota;c__Lokiarchaeia;o__Sigynarchaeales;f__SOKP01;g__SOKP01;s__SOKP01 sp029856125	GCA_029856125.1	95.0	d__Archaea;p__Asgardarchaeota;c__Lokiarchaeia;o__Sigynarchaeales;f__SOKP01;g__SOKP01;s__SOKP01 sp029856125	100.0	1.0	GCA_029856125.1	95.0	d__Archaea;p__Asgardarchaeota;c__Lokiarchaeia;o__Sigynarchaeales;f__SOKP01;g__SOKP01;s__SOKP01 sp029856125	100.0	1.0	d__Archaea;p__Asgardarchaeota;c__Lokiarchaeia;o__Sigynarchaeales;f__SOKP01;g__SOKP01;s__	taxonomic classification defined by topology and ANI	topological placement and ANI have congruent species assignments	GCA_019894855.1, s__SOKP01 sp019894855, 95.0, 91.89, 0.7; GCA_004375715.1, s__SOKP01 sp004375715, 95.0, 88.99, 0.448; GCA_030599585.1, s__SOKP01 sp030599585, 95.0, 88.77, 0.531; GCA_030615235.1, s__SOKP01 sp030615235, 95.0, 88.08, 0.392; GCA_035530895.1, s__SOKP01 sp035530895, 95.0, 87.28, 0.395; GCA_019894885.1, s__SOKP01 sp019894885, 95.0, 86.67, 0.362	86.13	11	N/A	N/A
ABR05	d__Archaea;p__Asgardarchaeota;c__Lokiarchaeia;o__Sigynarchaeales;f__SOKP01;g__Loki-b32;s__Loki-b32 sp029856145	GCA_029856145.1	95.0	d__Archaea;p__Asgardarchaeota;c__Lokiarchaeia;o__Sigynarchaeales;f__SOKP01;g__Loki-b32;s__Loki-b32 sp029856145	100.0	1.0	GCA_029856145.1	95.0	d__Archaea;p__Asgardarchaeota;c__Lokiarchaeia;o__Sigynarchaeales;f__SOKP01;g__Loki-b32;s__Loki-b32 sp029856145	100.0	1.0	d__Archaea;p__Asgardarchaeota;c__Lokiarchaeia;o__Sigynarchaeales;f__SOKP01;g__Loki-b32;s__	taxonomic classification defined by topology and ANI	topological placement and ANI have congruent species assignments	N/A	84.36	11	N/A	N/A
ABR06	d__Archaea;p__Asgardarchaeota;c__Lokiarchaeia;o__Sigynarchaeales;f__SOKP01;g__Loki-b32;s__Loki-b32 sp029856155	GCA_029856155.1	95.0	d__Archaea;p__Asgardarchaeota;c__Lokiarchaeia;o__Sigynarchaeales;f__SOKP01;g__Loki-b32;s__Loki-b32 sp029856155	100.0	1.0	GCA_029856155.1	95.0	d__Archaea;p__Asgardarchaeota;c__Lokiarchaeia;o__Sigynarchaeales;f__SOKP01;g__Loki-b32;s__Loki-b32 sp029856155	100.0	1.0	d__Archaea;p__Asgardarchaeota;c__Lokiarchaeia;o__Sigynarchaeales;f__SOKP01;g__Loki-b32;s__	taxonomic classification defined by topology and ANI	topological placement and ANI have congruent species assignments	GCA_019058365.1, s__Loki-b32 sp019058365, 95.0, 89.27, 0.531	87.46	11	N/A	N/A
ABR08	d__Archaea;p__Asgardarchaeota;c__Lokiarchaeia;o__Sigynarchaeales;f__SOKP01;g__SOKP01;s__	N/A	N/A	N/A	N/A	N/A	N/A	N/A	N/A	N/A	N/A	d__Archaea;p__Asgardarchaeota;c__Lokiarchaeia;o__Sigynarchaeales;f__SOKP01;g__SOKP01;s__	taxonomic classification defined by topology and ANI	N/A	GCA_016839745.1, s__SOKP01 sp016839745, 95.0, 83.26, 0.17	70.23	11	0.97387	N/A
ABR09	d__Archaea;p__Asgardarchaeota;c__Thorarchaeia;o__Thorarchaeales;f__Thorarchaeaceae;g__SMTZ1-45;s__SMTZ1-45 sp001940705	GCA_001940705.1	95.0	d__Archaea;p__Asgardarchaeota;c__Thorarchaeia;o__Thorarchaeales;f__Thorarchaeaceae;g__SMTZ1-45;s__SMTZ1-45 sp001940705	98.88	0.914	GCA_001940705.1	95.0	d__Archaea;p__Asgardarchaeota;c__Thorarchaeia;o__Thorarchaeales;f__Thorarchaeaceae;g__SMTZ1-45;s__SMTZ1-45 sp001940705	98.88	0.914	d__Archaea;p__Asgardarchaeota;c__Thorarchaeia;o__Thorarchaeales;f__Thorarchaeaceae;g__SMTZ1-45;s__	taxonomic classification defined by topology and ANI	topological placement and ANI have congruent species assignments	N/A	54.56	11	N/A	N/A
ABR10	d__Archaea;p__Asgardarchaeota;c__Thorarchaeia;o__Thorarchaeales;f__Thorarchaeaceae;g__;s__	N/A	N/A	N/A	N/A	N/A	N/A	N/A	N/A	N/A	N/A	d__Archaea;p__Asgardarchaeota;c__Thorarchaeia;o__Thorarchaeales;f__Thorarchaeaceae;g__;s__	taxonomic classification fully defined by topology	N/A	N/A	53.68	11	0.85002	N/A
ABR11	d__Archaea;p__Asgardarchaeota;c__Lokiarchaeia;o__Sigynarchaeales;f__SOKP01;g__SOKP01;s__SOKP01 sp029856235	GCA_029856235.1	95.0	d__Archaea;p__Asgardarchaeota;c__Lokiarchaeia;o__Sigynarchaeales;f__SOKP01;g__SOKP01;s__SOKP01 sp029856235	100.0	0.999	GCA_029856235.1	95.0	d__Archaea;p__Asgardarchaeota;c__Lokiarchaeia;o__Sigynarchaeales;f__SOKP01;g__SOKP01;s__SOKP01 sp029856235	100.0	0.999	d__Archaea;p__Asgardarchaeota;c__Lokiarchaeia;o__Sigynarchaeales;f__SOKP01;g__SOKP01;s__	taxonomic classification defined by topology and ANI	topological placement and ANI have congruent species assignments	GCA_013375475.1, s__SOKP01 sp013375475, 95.0, 93.0, 0.565; GCA_016839745.1, s__SOKP01 sp016839745, 95.0, 85.11, 0.275	73.95	11	N/A	N/A
ABR13	d__Archaea;p__Asgardarchaeota;c__Lokiarchaeia;o__Sigynarchaeales;f__SOKP01;g__SOKP01;s__	N/A	N/A	N/A	N/A	N/A	GCA_029856235.1	95.0	d__Archaea;p__Asgardarchaeota;c__Lokiarchaeia;o__Sigynarchaeales;f__SOKP01;g__SOKP01;s__SOKP01 sp029856235	87.86	0.392	d__Archaea;p__Asgardarchaeota;c__Lokiarchaeia;o__Sigynarchaeales;f__SOKP01;g__SOKP01;s__	taxonomic classification defined by topology and ANI	N/A	GCA_013375475.1, s__SOKP01 sp013375475, 95.0, 87.4, 0.412; GCA_016839745.1, s__SOKP01 sp016839745, 95.0, 83.47, 0.192	72.23	11	0.99511	N/A
ABR14	d__Archaea;p__Asgardarchaeota;c__Heimdallarchaeia;o__JABLTI01;f__JABLTI01;g__JABLTI01;s__	N/A	N/A	N/A	N/A	N/A	GCA_019058165.1	95.0	d__Archaea;p__Asgardarchaeota;c__Heimdallarchaeia;o__JABLTI01;f__JABLTI01;g__JABLTI01;s__JABLTI01 sp019058165	94.25	0.632	d__Archaea;p__Asgardarchaeota;c__Heimdallarchaeia;o__JABLTI01;f__JABLTI01;g__JABLTI01;s__	taxonomic classification defined by topology and ANI	N/A	GCA_030671945.1, s__JABLTI01 sp030671945, 95.0, 90.89, 0.452; GCA_013166835.1, s__JABLTI01 sp013166835, 95.0, 90.65, 0.551; GCA_030629105.1, s__JABLTI01 sp030629105, 95.0, 90.11, 0.484	57.31	11	0.99123	Genome not assigned to closest species as it falls outside its pre-defined ANI radius
ABR15	d__Archaea;p__Asgardarchaeota;c__Lokiarchaeia;o__Sigynarchaeales;f__SOKP01;g__LW40-45;s__LW40-45 sp029856295	GCA_029856295.1	95.0	d__Archaea;p__Asgardarchaeota;c__Lokiarchaeia;o__Sigynarchaeales;f__SOKP01;g__LW40-45;s__LW40-45 sp029856295	100.0	0.999	GCA_029856295.1	95.0	d__Archaea;p__Asgardarchaeota;c__Lokiarchaeia;o__Sigynarchaeales;f__SOKP01;g__LW40-45;s__LW40-45 sp029856295	100.0	0.999	d__Archaea;p__Asgardarchaeota;c__Lokiarchaeia;o__Sigynarchaeales;f__SOKP01;g__LW40-45;s__	taxonomic classification defined by topology and ANI	topological placement and ANI have congruent species assignments	N/A	69.77	11	N/A	N/A
ABR16	d__Archaea;p__Asgardarchaeota;c__Heimdallarchaeia;o__Heimdallarchaeales;f__Heimdallarchaeaceae;g__UBA460;s__UBA460 sp001940755	GCA_001940755.1	95.0	d__Archaea;p__Asgardarchaeota;c__Heimdallarchaeia;o__Heimdallarchaeales;f__Heimdallarchaeaceae;g__UBA460;s__UBA460 sp001940755	99.85	0.977	GCA_001940755.1	95.0	d__Archaea;p__Asgardarchaeota;c__Heimdallarchaeia;o__Heimdallarchaeales;f__Heimdallarchaeaceae;g__UBA460;s__UBA460 sp001940755	99.85	0.977	d__Archaea;p__Asgardarchaeota;c__Heimdallarchaeia;o__Heimdallarchaeales;f__Heimdallarchaeaceae;g__UBA460;s__	taxonomic classification defined by topology and ANI	topological placement and ANI have congruent species assignments	GCA_016840095.1, s__UBA460 sp016840095, 95.0, 83.8, 0.221	95.04	11	N/A	N/A
AB_1215_Bin_10	d__Archaea;p__Asgardarchaeota;c__Heimdallarchaeia;o__JABLTI01;f__JABLTI01;g__JABLTI01;s__	N/A	N/A	N/A	N/A	N/A	GCA_030667035.1	95.0	d__Archaea;p__Asgardarchaeota;c__Heimdallarchaeia;o__JABLTI01;f__JABLTI01;g__JABLTI01;s__JABLTI01 sp030667035	94.61	0.604	d__Archaea;p__Asgardarchaeota;c__Heimdallarchaeia;o__JABLTI01;f__JABLTI01;g__JABLTI01;s__	taxonomic classification defined by topology and ANI	N/A	GCA_030614005.1, s__JABLTI01 sp030614005, 95.0, 87.43, 0.333; GCA_018238155.1, s__JABLTI01 sp018238155, 95.0, 86.28, 0.254	64.75	11	0.9901	Genome not assigned to closest species as it falls outside its pre-defined ANI radius
AB_1215_Bin_101	d__Archaea;p__Asgardarchaeota;c__Heimdallarchaeia;o__JABLTI01;f__JABLTI01;g__JABLTI01;s__JABLTI01 sp030629105	GCA_030629105.1	95.0	d__Archaea;p__Asgardarchaeota;c__Heimdallarchaeia;o__JABLTI01;f__JABLTI01;g__JABLTI01;s__JABLTI01 sp030629105	97.37	0.721	GCA_030629105.1	95.0	d__Archaea;p__Asgardarchaeota;c__Heimdallarchaeia;o__JABLTI01;f__JABLTI01;g__JABLTI01;s__JABLTI01 sp030629105	97.37	0.721	d__Archaea;p__Asgardarchaeota;c__Heimdallarchaeia;o__JABLTI01;f__JABLTI01;g__JABLTI01;s__	taxonomic classification defined by topology and ANI	topological placement and ANI have congruent species assignments	GCA_030671945.1, s__JABLTI01 sp030671945, 95.0, 90.99, 0.478; GCA_013166835.1, s__JABLTI01 sp013166835, 95.0, 90.58, 0.523; GCA_019058165.1, s__JABLTI01 sp019058165, 95.0, 90.34, 0.499	68.49	11	N/A	N/A
AB_1215_Bin_128	d__Archaea;p__Asgardarchaeota;c__Heimdallarchaeia;o__Heimdallarchaeales;f__Heimdallarchaeaceae;g__UBA460;s__	N/A	N/A	N/A	N/A	N/A	GCA_030611665.1	95.0	d__Archaea;p__Asgardarchaeota;c__Heimdallarchaeia;o__Heimdallarchaeales;f__Heimdallarchaeaceae;g__UBA460;s__UBA460 sp030611665	90.93	0.605	d__Archaea;p__Asgardarchaeota;c__Heimdallarchaeia;o__Heimdallarchaeales;f__Heimdallarchaeaceae;g__UBA460;s__	taxonomic classification defined by topology and ANI	N/A	GCA_023705945.1, s__UBA460 sp023705945, 95.0, 89.1, 0.498; GCA_018238545.1, s__UBA460 sp018238545, 95.0, 88.36, 0.533; GCA_030668875.1, s__UBA460 sp030668875, 95.0, 87.4, 0.444; GCA_023705905.1, s__UBA460 sp023705905, 95.0, 86.11, 0.34	91.07	11	0.9856	Genome not assigned to closest species as it falls outside its pre-defined ANI radius
AB_1215_Bin_151	d__Archaea;p__Asgardarchaeota;c__Heimdallarchaeia;o__Hodarchaeales;f__Hodarchaeaceae;g__Hodarchaeum;s__	N/A	N/A	N/A	N/A	N/A	N/A	N/A	N/A	N/A	N/A	d__Archaea;p__Asgardarchaeota;c__Heimdallarchaeia;o__Hodarchaeales;f__Hodarchaeaceae;g__Hodarchaeum;s__	taxonomic classification fully defined by topology	N/A	N/A	62.59	11	0.9426	N/A
AB_1215_Bin_22	d__Archaea;p__Asgardarchaeota;c__Lokiarchaeia;o__Sigynarchaeales;f__SOKP01;g__LW40-45;s__	N/A	N/A	N/A	N/A	N/A	N/A	N/A	N/A	N/A	N/A	d__Archaea;p__Asgardarchaeota;c__Lokiarchaeia;o__Sigynarchaeales;f__SOKP01;g__;s__	taxonomic novelty determined using RED	N/A	N/A	56.78	11	0.92025	N/A
AB_1215_Bin_32	d__Archaea;p__Asgardarchaeota;c__Heimdallarchaeia;o__Heimdallarchaeales;f__Heimdallarchaeaceae;g__UBA460;s__UBA460 sp023139025	GCA_023139025.1	95.0	d__Archaea;p__Asgardarchaeota;c__Heimdallarchaeia;o__Heimdallarchaeales;f__Heimdallarchaeaceae;g__UBA460;s__UBA460 sp023139025	97.62	0.717	GCA_023139025.1	95.0	d__Archaea;p__Asgardarchaeota;c__Heimdallarchaeia;o__Heimdallarchaeales;f__Heimdallarchaeaceae;g__UBA460;s__UBA460 sp023139025	97.62	0.717	d__Archaea;p__Asgardarchaeota;c__Heimdallarchaeia;o__Heimdallarchaeales;f__Heimdallarchaeaceae;g__UBA460;s__	taxonomic classification defined by topology and ANI	topological placement and ANI have congruent species assignments	GCA_030608385.1, s__UBA460 sp030608385, 95.0, 94.25, 0.681; GCA_021399345.1, s__UBA460 sp021399345, 95.0, 93.6, 0.662; GCA_030668825.1, s__UBA460 sp023132955, 95.0, 92.0, 0.59; GCA_030607575.1, s__UBA460 sp030607575, 95.0, 91.57, 0.645; GCA_019057375.1, s__UBA460 sp002505645, 95.0, 91.42, 0.623	86.67	11	N/A	N/A
AB_1215_Bin_94	d__Archaea;p__Asgardarchaeota;c__Heimdallarchaeia;o__JABLTI01;f__JABLTI01;g__JABLTI01;s__	N/A	N/A	N/A	N/A	N/A	N/A	N/A	N/A	N/A	N/A	d__Archaea;p__Asgardarchaeota;c__Heimdallarchaeia;o__JABLTI01;f__JABLTI01;g__JABLTI01;s__	taxonomic classification fully defined by topology	N/A	N/A	57.02	11	0.91833	N/A
AB_69_Bin_121	d__Archaea;p__Asgardarchaeota;c__Lokiarchaeia;o__Sigynarchaeales;f__MK-D1;g__Prometheoarchaeum;s__	N/A	N/A	N/A	N/A	N/A	N/A	N/A	N/A	N/A	N/A	d__Archaea;p__Asgardarchaeota;c__Lokiarchaeia;o__Sigynarchaeales;f__MK-D1;g__Prometheoarchaeum;s__	taxonomic classification fully defined by topology	N/A	N/A	47.77	11	0.97723	N/A
AB_69_Bin_161	d__Archaea;p__Asgardarchaeota;c__Lokiarchaeia;o__Sigynarchaeales;f__SOKP01;g__SOKP01;s__	N/A	N/A	N/A	N/A	N/A	N/A	N/A	N/A	N/A	N/A	d__Archaea;p__Asgardarchaeota;c__Lokiarchaeia;o__Sigynarchaeales;f__SOKP01;g__SOKP01;s__	taxonomic classification fully defined by topology	N/A	N/A	36.03	11	0.98741	N/A
AB_69_Bin_233	d__Archaea;p__Asgardarchaeota;c__Lokiarchaeia;o__Sigynarchaeales;f__SOKP01;g__SOKP01;s__	N/A	N/A	N/A	N/A	N/A	N/A	N/A	N/A	N/A	N/A	d__Archaea;p__Asgardarchaeota;c__Lokiarchaeia;o__Sigynarchaeales;f__SOKP01;g__SOKP01;s__	taxonomic classification defined by topology and ANI	N/A	GCA_029856125.1, s__SOKP01 sp029856125, 95.0, 90.82, 0.443; GCA_004375715.1, s__SOKP01 sp004375715, 95.0, 90.72, 0.325; GCA_030599585.1, s__SOKP01 sp030599585, 95.0, 90.58, 0.48; GCA_019894855.1, s__SOKP01 sp019894855, 95.0, 90.58, 0.352; GCA_030615235.1, s__SOKP01 sp030615235, 95.0, 89.87, 0.211; GCA_035530895.1, s__SOKP01 sp035530895, 95.0, 89.55, 0.226; GCA_019894885.1, s__SOKP01 sp019894885, 95.0, 89.21, 0.228	61.16	11	0.98933	N/A
AB_69_Bin_241	d__Archaea;p__Asgardarchaeota;c__Lokiarchaeia;o__Sigynarchaeales;f__MK-D1;g__Harpocratesius;s__	N/A	N/A	N/A	N/A	N/A	N/A	N/A	N/A	N/A	N/A	d__Archaea;p__Asgardarchaeota;c__Lokiarchaeia;o__Sigynarchaeales;f__MK-D1;g__Harpocratesius;s__	taxonomic classification fully defined by topology	N/A	N/A	83.43	11	0.97981	N/A
AB_69_Bin_244	d__Archaea;p__Asgardarchaeota;c__Heimdallarchaeia;o__Heimdallarchaeales;f__Heimdallarchaeaceae;g__UBA460;s__	N/A	N/A	N/A	N/A	N/A	GCA_030611665.1	95.0	d__Archaea;p__Asgardarchaeota;c__Heimdallarchaeia;o__Heimdallarchaeales;f__Heimdallarchaeaceae;g__UBA460;s__UBA460 sp030611665	92.75	0.362	d__Archaea;p__Asgardarchaeota;c__Heimdallarchaeia;o__Heimdallarchaeales;f__Heimdallarchaeaceae;g__UBA460;s__	taxonomic classification defined by topology and ANI	N/A	GCA_023705945.1, s__UBA460 sp023705945, 95.0, 91.1, 0.278; GCA_018238545.1, s__UBA460 sp018238545, 95.0, 89.67, 0.263; GCA_030668875.1, s__UBA460 sp030668875, 95.0, 89.67, 0.231; GCA_023705905.1, s__UBA460 sp023705905, 95.0, 88.98, 0.177	58.83	11	0.98541	N/A
AB_69_Bin_72	d__Archaea;p__Asgardarchaeota;c__Lokiarchaeia;o__Sigynarchaeales;f__SOKP01;g__SOKP01;s__	N/A	N/A	N/A	N/A	N/A	N/A	N/A	N/A	N/A	N/A	d__Archaea;p__Asgardarchaeota;c__Lokiarchaeia;o__Sigynarchaeales;f__SOKP01;g__SOKP01;s__	taxonomic classification fully defined by topology	N/A	N/A	41.23	11	0.97445	N/A
AB_69_Bin_81	d__Archaea;p__Asgardarchaeota;c__Lokiarchaeia;o__Sigynarchaeales;f__SOKP01;g__SOKP01;s__	N/A	N/A	N/A	N/A	N/A	GCA_030599585.1	95.0	d__Archaea;p__Asgardarchaeota;c__Lokiarchaeia;o__Sigynarchaeales;f__SOKP01;g__SOKP01;s__SOKP01 sp030599585	91.19	0.636	d__Archaea;p__Asgardarchaeota;c__Lokiarchaeia;o__Sigynarchaeales;f__SOKP01;g__SOKP01;s__	taxonomic classification defined by topology and ANI	N/A	GCA_004375715.1, s__SOKP01 sp004375715, 95.0, 90.5, 0.438; GCA_029856125.1, s__SOKP01 sp029856125, 95.0, 88.34, 0.458; GCA_019894855.1, s__SOKP01 sp019894855, 95.0, 87.8, 0.405; GCA_030615235.1, s__SOKP01 sp030615235, 95.0, 86.92, 0.252; GCA_035530895.1, s__SOKP01 sp035530895, 95.0, 85.9, 0.255; GCA_019894885.1, s__SOKP01 sp019894885, 95.0, 85.63, 0.256	63.52	11	0.9941	Genome not assigned to closest species as it falls outside its pre-defined ANI radius
B11_G17	d__Archaea;p__Asgardarchaeota;c__Njordarchaeia;o__Njordarchaeales;f__Njordarchaeaceae;g__JAHKLG01;s__JAHKLG01 sp029856625	GCA_029856625.1	95.0	d__Archaea;p__Asgardarchaeota;c__Njordarchaeia;o__Njordarchaeales;f__Njordarchaeaceae;g__JAHKLG01;s__JAHKLG01 sp029856625	99.36	0.824	GCA_029856625.1	95.0	d__Archaea;p__Asgardarchaeota;c__Njordarchaeia;o__Njordarchaeales;f__Njordarchaeaceae;g__JAHKLG01;s__JAHKLG01 sp029856625	99.36	0.824	d__Archaea;p__Asgardarchaeota;c__Njordarchaeia;o__Njordarchaeales;f__Njordarchaeaceae;g__;s__	taxonomic classification defined by topology and ANI	topological placement and ANI have congruent species assignments	N/A	81.67	11	N/A	N/A
B13_G17	d__Archaea;p__Asgardarchaeota;c__Njordarchaeia;o__Njordarchaeales;f__Panguiarchaeaceae;g__Panguiarchaeum;s__Panguiarchaeum sp029856685	GCA_029856685.1	95.0	d__Archaea;p__Asgardarchaeota;c__Njordarchaeia;o__Njordarchaeales;f__Panguiarchaeaceae;g__Panguiarchaeum;s__Panguiarchaeum sp029856685	100.0	0.999	GCA_029856685.1	95.0	d__Archaea;p__Asgardarchaeota;c__Njordarchaeia;o__Njordarchaeales;f__Panguiarchaeaceae;g__Panguiarchaeum;s__Panguiarchaeum sp029856685	100.0	0.999	d__Archaea;p__Asgardarchaeota;c__Njordarchaeia;o__Njordarchaeales;f__Panguiarchaeaceae;g__Panguiarchaeum;s__	taxonomic classification defined by topology and ANI	topological placement and ANI have congruent species assignments	N/A	59.32	11	N/A	N/A
B16_G1	d__Archaea;p__Asgardarchaeota;c__Asgardarchaeia;o__Asgardarchaeales;f__;g__;s__	N/A	N/A	N/A	N/A	N/A	N/A	N/A	N/A	N/A	N/A	d__Archaea;p__Asgardarchaeota;c__;o__;f__;g__;s__	taxonomic novelty determined using RED	N/A	N/A	58.6	11	0.51291	N/A
B20_G9	d__Archaea;p__Asgardarchaeota;c__Njordarchaeia;o__Njordarchaeales;f__Njordarchaeaceae;g__Njordarchaeum;s__Njordarchaeum guaymaensis	GCA_030587605.2	95.0	d__Archaea;p__Asgardarchaeota;c__Njordarchaeia;o__Njordarchaeales;f__Njordarchaeaceae;g__Njordarchaeum;s__Njordarchaeum guaymaensis	98.65	0.774	GCA_030587605.2	95.0	d__Archaea;p__Asgardarchaeota;c__Njordarchaeia;o__Njordarchaeales;f__Njordarchaeaceae;g__Njordarchaeum;s__Njordarchaeum guaymaensis	98.65	0.774	d__Archaea;p__Asgardarchaeota;c__Njordarchaeia;o__Njordarchaeales;f__Njordarchaeaceae;g__;s__	taxonomic classification defined by topology and ANI	topological placement and ANI have congruent species assignments	N/A	73.78	11	N/A	N/A
B32_G17	d__Archaea;p__Asgardarchaeota;c__Njordarchaeia;o__Njordarchaeales;f__Panguiarchaeaceae;g__;s__	N/A	N/A	N/A	N/A	N/A	N/A	N/A	N/A	N/A	N/A	d__Archaea;p__Asgardarchaeota;c__Njordarchaeia;o__Njordarchaeales;f__;g__;s__	taxonomic novelty determined using RED	N/A	N/A	37.15	11	0.88215	N/A
B34_G2	d__Archaea;p__Asgardarchaeota;c__Njordarchaeia;o__Njordarchaeales;f__Panguiarchaeaceae;g__Panguiarchaeum;s__Panguiarchaeum sp029856685	GCA_029856685.1	95.0	d__Archaea;p__Asgardarchaeota;c__Njordarchaeia;o__Njordarchaeales;f__Panguiarchaeaceae;g__Panguiarchaeum;s__Panguiarchaeum sp029856685	99.61	0.715	GCA_029856685.1	95.0	d__Archaea;p__Asgardarchaeota;c__Njordarchaeia;o__Njordarchaeales;f__Panguiarchaeaceae;g__Panguiarchaeum;s__Panguiarchaeum sp029856685	99.61	0.715	d__Archaea;p__Asgardarchaeota;c__Njordarchaeia;o__Njordarchaeales;f__Panguiarchaeaceae;g__Panguiarchaeum;s__	taxonomic classification defined by topology and ANI	topological placement and ANI have congruent species assignments	N/A	37.55	11	N/A	N/A
B36_G16	d__Archaea;p__Asgardarchaeota;c__Jordiarchaeia;o__Jordiarchaeales;f__Freyrarchaeaceae;g__Freyrarchaeum;s__Freyrarchaeum sp029258835	GCA_029258835.1	95.0	d__Archaea;p__Asgardarchaeota;c__Jordiarchaeia;o__Jordiarchaeales;f__Freyrarchaeaceae;g__Freyrarchaeum;s__Freyrarchaeum sp029258835	98.51	0.727	GCA_029258835.1	95.0	d__Archaea;p__Asgardarchaeota;c__Jordiarchaeia;o__Jordiarchaeales;f__Freyrarchaeaceae;g__Freyrarchaeum;s__Freyrarchaeum sp029258835	98.51	0.727	d__Archaea;p__Asgardarchaeota;c__Jordiarchaeia;o__Jordiarchaeales;f__Freyrarchaeaceae;g__;s__	taxonomic classification defined by topology and ANI	topological placement and ANI have congruent species assignments	N/A	89.89	11	N/A	N/A
B37_G2	d__Archaea;p__Asgardarchaeota;c__Njordarchaeia;o__Njordarchaeales;f__Njordarchaeaceae;g__JAHQWF01;s__	N/A	N/A	N/A	N/A	N/A	N/A	N/A	N/A	N/A	N/A	d__Archaea;p__Asgardarchaeota;c__Njordarchaeia;o__Njordarchaeales;f__Njordarchaeaceae;g__;s__	taxonomic novelty determined using RED	N/A	N/A	30.27	11	0.91639	N/A
B44_G1	d__Archaea;p__Asgardarchaeota;c__Njordarchaeia;o__Njordarchaeales;f__Njordarchaeaceae;g__JAHQWF01;s__	N/A	N/A	N/A	N/A	N/A	N/A	N/A	N/A	N/A	N/A	d__Archaea;p__Asgardarchaeota;c__Njordarchaeia;o__Njordarchaeales;f__Njordarchaeaceae;g__;s__	taxonomic novelty determined using RED	N/A	N/A	49.68	11	0.91482	N/A
B4_G2	d__Archaea;p__Asgardarchaeota;c__Jordiarchaeia;o__Jordiarchaeales;f__Jordiarchaeaceae;g__;s__	N/A	N/A	N/A	N/A	N/A	N/A	N/A	N/A	N/A	N/A	d__Archaea;p__Asgardarchaeota;c__Jordiarchaeia;o__Jordiarchaeales;f__;g__;s__	taxonomic novelty determined using RED	N/A	N/A	86.18	11	0.78972	N/A
B62_G16	d__Archaea;p__Asgardarchaeota;c__Njordarchaeia;o__Njordarchaeales;f__Panguiarchaeaceae;g__Panguiarchaeum;s__Panguiarchaeum sp029856685	GCA_029856685.1	95.0	d__Archaea;p__Asgardarchaeota;c__Njordarchaeia;o__Njordarchaeales;f__Panguiarchaeaceae;g__Panguiarchaeum;s__Panguiarchaeum sp029856685	95.76	0.669	GCA_029856685.1	95.0	d__Archaea;p__Asgardarchaeota;c__Njordarchaeia;o__Njordarchaeales;f__Panguiarchaeaceae;g__Panguiarchaeum;s__Panguiarchaeum sp029856685	95.76	0.669	d__Archaea;p__Asgardarchaeota;c__Njordarchaeia;o__Njordarchaeales;f__Panguiarchaeaceae;g__Panguiarchaeum;s__	taxonomic classification defined by topology and ANI	topological placement and ANI have congruent species assignments	N/A	64.71	11	N/A	N/A
B6_G17	d__Archaea;p__Asgardarchaeota;c__Njordarchaeia;o__Njordarchaeales;f__Njordarchaeaceae;g__JAHKLF01;s__JAHKLF01 sp029856615	GCA_029856615.1	95.0	d__Archaea;p__Asgardarchaeota;c__Njordarchaeia;o__Njordarchaeales;f__Njordarchaeaceae;g__JAHKLF01;s__JAHKLF01 sp029856615	100.0	1.0	GCA_029856615.1	95.0	d__Archaea;p__Asgardarchaeota;c__Njordarchaeia;o__Njordarchaeales;f__Njordarchaeaceae;g__JAHKLF01;s__JAHKLF01 sp029856615	100.0	1.0	d__Archaea;p__Asgardarchaeota;c__Njordarchaeia;o__Njordarchaeales;f__Njordarchaeaceae;g__;s__	taxonomic classification defined by topology and ANI	topological placement and ANI have congruent species assignments	N/A	57.44	11	N/A	N/A
B77_G9	d__Archaea;p__Asgardarchaeota;c__Njordarchaeia;o__Njordarchaeales;f__Njordarchaeaceae;g__JAHKLG01;s__JAHKLG01 sp029856625	GCA_029856625.1	95.0	d__Archaea;p__Asgardarchaeota;c__Njordarchaeia;o__Njordarchaeales;f__Njordarchaeaceae;g__JAHKLG01;s__JAHKLG01 sp029856625	100.0	1.0	GCA_029856625.1	95.0	d__Archaea;p__Asgardarchaeota;c__Njordarchaeia;o__Njordarchaeales;f__Njordarchaeaceae;g__JAHKLG01;s__JAHKLG01 sp029856625	100.0	1.0	d__Archaea;p__Asgardarchaeota;c__Njordarchaeia;o__Njordarchaeales;f__Njordarchaeaceae;g__;s__	taxonomic classification defined by topology and ANI	topological placement and ANI have congruent species assignments	N/A	73.69	11	N/A	N/A
B7_G1	d__Archaea;p__Asgardarchaeota;c__Jordiarchaeia;o__Jordiarchaeales;f__Jordiarchaeaceae;g__;s__	N/A	N/A	N/A	N/A	N/A	N/A	N/A	N/A	N/A	N/A	d__Archaea;p__Asgardarchaeota;c__Jordiarchaeia;o__Jordiarchaeales;f__;g__;s__	taxonomic novelty determined using RED	N/A	N/A	74.71	11	0.80528	N/A
B7_G17	d__Archaea;p__Asgardarchaeota;c__Njordarchaeia;o__Njordarchaeales;f__JAHKLH01;g__JAHKLH01;s__JAHKLH01 sp029856635	GCA_029856635.1	95.0	d__Archaea;p__Asgardarchaeota;c__Njordarchaeia;o__Njordarchaeales;f__JAHKLH01;g__JAHKLH01;s__JAHKLH01 sp029856635	100.0	1.0	GCA_029856635.1	95.0	d__Archaea;p__Asgardarchaeota;c__Njordarchaeia;o__Njordarchaeales;f__JAHKLH01;g__JAHKLH01;s__JAHKLH01 sp029856635	100.0	1.0	d__Archaea;p__Asgardarchaeota;c__Njordarchaeia;o__Njordarchaeales;f__;g__;s__	taxonomic classification defined by topology and ANI	topological placement and ANI have congruent species assignments	N/A	60.53	11	N/A	N/A
B90_G9	d__Archaea;p__Asgardarchaeota;c__Njordarchaeia;o__Njordarchaeales;f__Panguiarchaeaceae;g__Panguiarchaeum;s__Panguiarchaeum sp029856685	GCA_029856685.1	95.0	d__Archaea;p__Asgardarchaeota;c__Njordarchaeia;o__Njordarchaeales;f__Panguiarchaeaceae;g__Panguiarchaeum;s__Panguiarchaeum sp029856685	99.66	0.798	GCA_029856685.1	95.0	d__Archaea;p__Asgardarchaeota;c__Njordarchaeia;o__Njordarchaeales;f__Panguiarchaeaceae;g__Panguiarchaeum;s__Panguiarchaeum sp029856685	99.66	0.798	d__Archaea;p__Asgardarchaeota;c__Njordarchaeia;o__Njordarchaeales;f__Panguiarchaeaceae;g__Panguiarchaeum;s__	taxonomic classification defined by topology and ANI	topological placement and ANI have congruent species assignments	N/A	51.29	11	N/A	N/A
BHB10_26_Bin_164_clean	d__Archaea;p__Asgardarchaeota;c__Thorarchaeia;o__Thorarchaeales;f__Thorarchaeaceae;g__MP5-2226;s__	N/A	N/A	N/A	N/A	N/A	N/A	N/A	N/A	N/A	N/A	d__Archaea;p__Asgardarchaeota;c__Thorarchaeia;o__Thorarchaeales;f__Thorarchaeaceae;g__MP5-2226;s__	taxonomic classification fully defined by topology	N/A	N/A	29.03	11	0.9632	N/A
BHB10_26_Bin_165_clean	d__Archaea;p__Asgardarchaeota;c__Thorarchaeia;o__Thorarchaeales;f__Thorarchaeaceae;g__SMTZ1-83;s__	N/A	N/A	N/A	N/A	N/A	N/A	N/A	N/A	N/A	N/A	d__Archaea;p__Asgardarchaeota;c__Thorarchaeia;o__Thorarchaeales;f__Thorarchaeaceae;g__SMTZ1-83;s__	taxonomic classification fully defined by topology	N/A	N/A	59.1	11	0.96959	Genome has more than 11.3% of markers with multiple hits
BHB10_26_Bin_277_clean	d__Archaea;p__Asgardarchaeota;c__Lokiarchaeia;o__Sigynarchaeales;f__SOKP01;g__Loki-b32;s__	N/A	N/A	N/A	N/A	N/A	N/A	N/A	N/A	N/A	N/A	d__Archaea;p__Asgardarchaeota;c__Lokiarchaeia;o__Sigynarchaeales;f__SOKP01;g__Loki-b32;s__	taxonomic classification fully defined by topology	N/A	N/A	45.04	11	0.9391	N/A
BHB10_26_Bin_319	d__Archaea;p__Asgardarchaeota;c__Thorarchaeia;o__Thorarchaeales;f__Thorarchaeaceae;g__;s__	N/A	N/A	N/A	N/A	N/A	N/A	N/A	N/A	N/A	N/A	d__Archaea;p__Asgardarchaeota;c__Thorarchaeia;o__Thorarchaeales;f__Thorarchaeaceae;g__;s__	taxonomic novelty determined using RED	N/A	N/A	83.42	11	0.87195	N/A
BHB10_26_Bin_322	d__Archaea;p__Asgardarchaeota;c__Heimdallarchaeia;o__Hodarchaeales;f__;g__;s__	N/A	N/A	N/A	N/A	N/A	N/A	N/A	N/A	N/A	N/A	d__Archaea;p__Asgardarchaeota;c__Heimdallarchaeia;o__;f__;g__;s__	taxonomic novelty determined using RED	N/A	N/A	77.38	11	0.56264	N/A
BHB10_26_Bin_338	d__Archaea;p__Asgardarchaeota;c__Thorarchaeia;o__Thorarchaeales;f__Thorarchaeaceae;g__SMTZ1-45;s__	N/A	N/A	N/A	N/A	N/A	GCA_001940705.1	95.0	d__Archaea;p__Asgardarchaeota;c__Thorarchaeia;o__Thorarchaeales;f__Thorarchaeaceae;g__SMTZ1-45;s__SMTZ1-45 sp001940705	90.43	0.389	d__Archaea;p__Asgardarchaeota;c__Thorarchaeia;o__Thorarchaeales;f__Thorarchaeaceae;g__SMTZ1-45;s__	taxonomic classification defined by topology and ANI	N/A	N/A	52.41	11	0.97811	N/A
BHB10_26_Bin_359	d__Archaea;p__Asgardarchaeota;c__Thorarchaeia;o__Thorarchaeales;f__Thorarchaeaceae;g__SMTZ1-83;s__	N/A	N/A	N/A	N/A	N/A	GCA_016839605.1	95.0	d__Archaea;p__Asgardarchaeota;c__Thorarchaeia;o__Thorarchaeales;f__Thorarchaeaceae;g__SMTZ1-83;s__SMTZ1-83 sp016839605	88.35	0.202	d__Archaea;p__Asgardarchaeota;c__Thorarchaeia;o__Thorarchaeales;f__Thorarchaeaceae;g__SMTZ1-83;s__	taxonomic classification defined by topology and ANI	N/A	N/A	49.27	11	0.98572	N/A
BHB10_26_Bin_38	d__Archaea;p__Asgardarchaeota;c__Hermodarchaeia;o__Hermodarchaeales;f__Hermodarchaeaceae;g__Hermodarchaeum;s__	N/A	N/A	N/A	N/A	N/A	GCA_016839995.1	95.0	d__Archaea;p__Asgardarchaeota;c__Hermodarchaeia;o__Hermodarchaeales;f__Hermodarchaeaceae;g__Hermodarchaeum;s__Hermodarchaeum sp016839995	94.54	0.435	d__Archaea;p__Asgardarchaeota;c__Hermodarchaeia;o__Hermodarchaeales;f__Hermodarchaeaceae;g__Hermodarchaeum;s__	taxonomic classification defined by topology and ANI	N/A	N/A	49.38	11	0.99298	N/A
BHB10_2_Bin_344	d__Archaea;p__Asgardarchaeota;c__Heimdallarchaeia;o__Heimdallarchaeales;f__Kariarchaeaceae;g__Kariarchaeum;s__Kariarchaeum sp016839545	GCA_016839545.1	95.0	d__Archaea;p__Asgardarchaeota;c__Heimdallarchaeia;o__Heimdallarchaeales;f__Kariarchaeaceae;g__Kariarchaeum;s__Kariarchaeum sp016839545	99.51	0.856	GCA_016839545.1	95.0	d__Archaea;p__Asgardarchaeota;c__Heimdallarchaeia;o__Heimdallarchaeales;f__Kariarchaeaceae;g__Kariarchaeum;s__Kariarchaeum sp016839545	99.51	0.856	d__Archaea;p__Asgardarchaeota;c__Heimdallarchaeia;o__Heimdallarchaeales;f__Kariarchaeaceae;g__Kariarchaeum;s__	taxonomic classification defined by topology and ANI	topological placement and ANI have congruent species assignments	N/A	76.62	11	N/A	N/A
BHB10_38_Bin_122	d__Archaea;p__Asgardarchaeota;c__Lokiarchaeia;o__Sigynarchaeales;f__SOKP01;g__SOKP01;s__	N/A	N/A	N/A	N/A	N/A	N/A	N/A	N/A	N/A	N/A	d__Archaea;p__Asgardarchaeota;c__Lokiarchaeia;o__Sigynarchaeales;f__SOKP01;g__SOKP01;s__	taxonomic classification defined by topology and ANI	N/A	GCA_016839765.1, s__SOKP01 sp016839765, 95.0, 92.13, 0.577; GCA_016840545.1, s__SOKP01 sp016840545, 95.0, 90.22, 0.458	54.37	11	0.97776	Genome not assigned to closest species as it falls outside its pre-defined ANI radius
BHB10_38_Bin_149	d__Archaea;p__Asgardarchaeota;c__Thorarchaeia;o__Thorarchaeales;f__Thorarchaeaceae;g__SMTZ1-83;s__	N/A	N/A	N/A	N/A	N/A	N/A	N/A	N/A	N/A	N/A	d__Archaea;p__Asgardarchaeota;c__Thorarchaeia;o__Thorarchaeales;f__Thorarchaeaceae;g__SMTZ1-83;s__	taxonomic classification fully defined by topology	N/A	N/A	83.22	11	0.96899	N/A
BHB10_38_Bin_151	d__Archaea;p__Asgardarchaeota;c__Hermodarchaeia;o__Hermodarchaeales;f__Hermodarchaeaceae;g__Hermodarchaeum;s__	N/A	N/A	N/A	N/A	N/A	GCA_016839995.1	95.0	d__Archaea;p__Asgardarchaeota;c__Hermodarchaeia;o__Hermodarchaeales;f__Hermodarchaeaceae;g__Hermodarchaeum;s__Hermodarchaeum sp016839995	92.98	0.285	d__Archaea;p__Asgardarchaeota;c__Hermodarchaeia;o__Hermodarchaeales;f__Hermodarchaeaceae;g__Hermodarchaeum;s__	taxonomic classification defined by topology and ANI	N/A	N/A	47.26	11	0.98515	N/A
BHB10_38_Bin_177	d__Archaea;p__Asgardarchaeota;c__Asgardarchaeia;o__;f__;g__;s__	N/A	N/A	N/A	N/A	N/A	N/A	N/A	N/A	N/A	N/A	d__Archaea;p__Asgardarchaeota;c__;o__;f__;g__;s__	taxonomic novelty determined using RED	N/A	N/A	70.16	11	0.38396	N/A
BHB10_38_Bin_224	d__Archaea;p__Asgardarchaeota;c__Heimdallarchaeia;o__Hodarchaeales;f__;g__;s__	N/A	N/A	N/A	N/A	N/A	N/A	N/A	N/A	N/A	N/A	d__Archaea;p__Asgardarchaeota;c__Heimdallarchaeia;o__Hodarchaeales;f__;g__;s__	taxonomic novelty determined using RED	N/A	N/A	81.46	11	0.62814	N/A
BHB10_38_Bin_270	d__Archaea;p__Asgardarchaeota;c__Lokiarchaeia;o__Sigynarchaeales;f__SOKP01;g__Loki-b32;s__	N/A	N/A	N/A	N/A	N/A	N/A	N/A	N/A	N/A	N/A	d__Archaea;p__Asgardarchaeota;c__Lokiarchaeia;o__Sigynarchaeales;f__SOKP01;g__Loki-b32;s__	taxonomic classification fully defined by topology	N/A	N/A	67.87	11	0.9389	N/A
BHB10_38_Bin_279	d__Archaea;p__Asgardarchaeota;c__Thorarchaeia;o__Thorarchaeales;f__Thorarchaeaceae;g__SMTZ1-45;s__	N/A	N/A	N/A	N/A	N/A	N/A	N/A	N/A	N/A	N/A	d__Archaea;p__Asgardarchaeota;c__Thorarchaeia;o__Thorarchaeales;f__Thorarchaeaceae;g__SMTZ1-45;s__	taxonomic classification fully defined by topology	N/A	N/A	63.38	11	0.97087	N/A
BHB10_38_Bin_301	d__Archaea;p__Asgardarchaeota;c__Heimdallarchaeia;o__Heimdallarchaeales;f__Heimdallarchaeaceae;g__UBA460;s__	N/A	N/A	N/A	N/A	N/A	N/A	N/A	N/A	N/A	N/A	d__Archaea;p__Asgardarchaeota;c__Heimdallarchaeia;o__Heimdallarchaeales;f__Heimdallarchaeaceae;g__UBA460;s__	taxonomic classification fully defined by topology	N/A	N/A	58.25	11	0.92519	N/A
BHB10_38_Bin_38	d__Archaea;p__Asgardarchaeota;c__Lokiarchaeia;o__Sigynarchaeales;f__SOKP01;g__Loki-b32;s__	N/A	N/A	N/A	N/A	N/A	N/A	N/A	N/A	N/A	N/A	d__Archaea;p__Asgardarchaeota;c__Lokiarchaeia;o__Sigynarchaeales;f__SOKP01;g__Loki-b32;s__	taxonomic classification fully defined by topology	N/A	N/A	77.66	11	0.93984	N/A
BHB10_38_Bin_74	d__Archaea;p__Asgardarchaeota;c__Thorarchaeia;o__Thorarchaeales;f__Thorarchaeaceae;g__;s__	N/A	N/A	N/A	N/A	N/A	N/A	N/A	N/A	N/A	N/A	d__Archaea;p__Asgardarchaeota;c__Thorarchaeia;o__Thorarchaeales;f__Thorarchaeaceae;g__;s__	taxonomic novelty determined using RED	N/A	N/A	81.27	11	0.87263	N/A
BHB10_38_Bin_92_clean	d__Archaea;p__Asgardarchaeota;c__Hermodarchaeia;o__Hermodarchaeales;f__Hermodarchaeaceae;g__Hermodarchaeum;s__	N/A	N/A	N/A	N/A	N/A	GCA_016840405.1	95.0	d__Archaea;p__Asgardarchaeota;c__Hermodarchaeia;o__Hermodarchaeales;f__Hermodarchaeaceae;g__Hermodarchaeum;s__Hermodarchaeum yapensis	87.42	0.242	d__Archaea;p__Asgardarchaeota;c__Hermodarchaeia;o__Hermodarchaeales;f__Hermodarchaeaceae;g__Hermodarchaeum;s__	taxonomic classification defined by topology and ANI	N/A	N/A	65.47	11	0.98064	N/A
Co_bin120	d__Archaea;p__Asgardarchaeota;c__Heimdallarchaeia;o__Heimdallarchaeales;f__Heimdallarchaeaceae;g__UBA460;s__UBA460 sp030607575	GCA_030607575.1	95.0	d__Archaea;p__Asgardarchaeota;c__Heimdallarchaeia;o__Heimdallarchaeales;f__Heimdallarchaeaceae;g__UBA460;s__UBA460 sp030607575	99.89	0.899	GCA_030607575.1	95.0	d__Archaea;p__Asgardarchaeota;c__Heimdallarchaeia;o__Heimdallarchaeales;f__Heimdallarchaeaceae;g__UBA460;s__UBA460 sp030607575	99.89	0.899	d__Archaea;p__Asgardarchaeota;c__Heimdallarchaeia;o__Heimdallarchaeales;f__Heimdallarchaeaceae;g__UBA460;s__	taxonomic classification defined by topology and ANI	topological placement and ANI have congruent species assignments	GCA_023139025.1, s__UBA460 sp023139025, 95.0, 91.88, 0.637; GCA_030668825.1, s__UBA460 sp023132955, 95.0, 91.64, 0.667; GCA_019057375.1, s__UBA460 sp002505645, 95.0, 91.63, 0.743; GCA_030608385.1, s__UBA460 sp030608385, 95.0, 90.87, 0.703; GCA_021399345.1, s__UBA460 sp021399345, 95.0, 90.76, 0.744	94.72	11	N/A	N/A
Co_bin147	d__Archaea;p__Asgardarchaeota;c__Lokiarchaeia;o__Sigynarchaeales;f__SOKP01;g__;s__	N/A	N/A	N/A	N/A	N/A	N/A	N/A	N/A	N/A	N/A	d__Archaea;p__Asgardarchaeota;c__Lokiarchaeia;o__Sigynarchaeales;f__SOKP01;g__;s__	taxonomic classification fully defined by topology	N/A	N/A	43.09	11	0.88778	N/A
Co_bin153	d__Archaea;p__Asgardarchaeota;c__Lokiarchaeia;o__Sigynarchaeales;f__SOKP01;g__LW40-45;s__	N/A	N/A	N/A	N/A	N/A	GCA_029856295.1	95.0	d__Archaea;p__Asgardarchaeota;c__Lokiarchaeia;o__Sigynarchaeales;f__SOKP01;g__LW40-45;s__LW40-45 sp029856295	90.2	0.236	d__Archaea;p__Asgardarchaeota;c__Lokiarchaeia;o__Sigynarchaeales;f__SOKP01;g__LW40-45;s__	taxonomic classification defined by topology and ANI	N/A	N/A	63.88	11	0.97386	N/A
Co_bin157	d__Archaea;p__Asgardarchaeota;c__Thorarchaeia;o__Thorarchaeales;f__Thorarchaeaceae;g__WTCK01;s__	N/A	N/A	N/A	N/A	N/A	GCA_013138615.1	95.0	d__Archaea;p__Asgardarchaeota;c__Thorarchaeia;o__Thorarchaeales;f__Thorarchaeaceae;g__WTCK01;s__WTCK01 sp013138615	91.63	0.339	d__Archaea;p__Asgardarchaeota;c__Thorarchaeia;o__Thorarchaeales;f__Thorarchaeaceae;g__WTCK01;s__	taxonomic classification defined by topology and ANI	N/A	GCA_030642465.1, s__WTCK01 sp030642465, 95.0, 91.86, 0.403; GCA_018238375.1, s__WTCK01 sp018238375, 95.0, 90.4, 0.273; GCA_030669595.1, s__WTCK01 sp030669595, 95.0, 90.36, 0.295; GCA_019057475.1, s__WTCK01 sp019057475, 95.0, 90.27, 0.398; GCA_030612365.1, s__WTCK01 sp030612365, 95.0, 89.71, 0.263; GCA_023134215.1, s__WTCK01 sp023134215, 95.0, 87.1, 0.192	46.48	11	0.9909	N/A
Co_bin169	d__Archaea;p__Asgardarchaeota;c__Lokiarchaeia;o__Sigynarchaeales;f__SOKP01;g__SOKP01;s__SOKP01 sp030612905	GCA_030612905.1	95.0	d__Archaea;p__Asgardarchaeota;c__Lokiarchaeia;o__Sigynarchaeales;f__SOKP01;g__SOKP01;s__SOKP01 sp030612905	97.99	0.535	GCA_030612905.1	95.0	d__Archaea;p__Asgardarchaeota;c__Lokiarchaeia;o__Sigynarchaeales;f__SOKP01;g__SOKP01;s__SOKP01 sp030612905	97.99	0.535	d__Archaea;p__Asgardarchaeota;c__Lokiarchaeia;o__Sigynarchaeales;f__SOKP01;g__SOKP01;s__	taxonomic classification defined by topology and ANI	topological placement and ANI have congruent species assignments	GCA_019057795.1, s__SOKP01 sp019057795, 95.0, 93.0, 0.492; GCA_005222975.1, s__SOKP01 sp005222975, 95.0, 92.88, 0.413; GCA_030615145.1, s__SOKP01 sp030615145, 95.0, 92.49, 0.305; GCA_029856105.1, s__SOKP01 sp029856105, 95.0, 91.91, 0.423; GCA_030606095.1, s__SOKP01 sp030606095, 95.0, 91.86, 0.274; GCA_018238625.1, s__SOKP01 sp018238625, 95.0, 91.52, 0.445	51.34	11	N/A	N/A
Co_bin177	d__Archaea;p__Asgardarchaeota;c__Lokiarchaeia;o__Sigynarchaeales;f__SOKP01;g__SOKP01;s__	N/A	N/A	N/A	N/A	N/A	N/A	N/A	N/A	N/A	N/A	d__Archaea;p__Asgardarchaeota;c__Lokiarchaeia;o__Sigynarchaeales;f__SOKP01;g__SOKP01;s__	taxonomic classification defined by topology and ANI	N/A	GCA_029856125.1, s__SOKP01 sp029856125, 95.0, 86.69, 0.158; GCA_035530895.1, s__SOKP01 sp035530895, 95.0, 86.62, 0.159; GCA_030599585.1, s__SOKP01 sp030599585, 95.0, 86.35, 0.172	61.75	11	0.97761	N/A
Co_bin235	d__Archaea;p__Asgardarchaeota;c__Lokiarchaeia;o__Sigynarchaeales;f__MK-D1;g__Prometheoarchaeum;s__Prometheoarchaeum sp030611625	GCA_030611625.1	95.0	d__Archaea;p__Asgardarchaeota;c__Lokiarchaeia;o__Sigynarchaeales;f__MK-D1;g__Prometheoarchaeum;s__Prometheoarchaeum sp030611625	99.85	0.654	GCA_030611625.1	95.0	d__Archaea;p__Asgardarchaeota;c__Lokiarchaeia;o__Sigynarchaeales;f__MK-D1;g__Prometheoarchaeum;s__Prometheoarchaeum sp030611625	99.85	0.654	d__Archaea;p__Asgardarchaeota;c__Lokiarchaeia;o__Sigynarchaeales;f__MK-D1;g__Prometheoarchaeum;s__	taxonomic classification defined by topology and ANI	topological placement and ANI have congruent species assignments	GCA_030612265.1, s__Prometheoarchaeum sp030612265, 95.0, 88.37, 0.151	38.77	11	N/A	N/A
Co_bin241	d__Archaea;p__Asgardarchaeota;c__Lokiarchaeia;o__Sigynarchaeales;f__SOKP01;g__SOKP01;s__	N/A	N/A	N/A	N/A	N/A	N/A	N/A	N/A	N/A	N/A	d__Archaea;p__Asgardarchaeota;c__Lokiarchaeia;o__Sigynarchaeales;f__SOKP01;g__SOKP01;s__	taxonomic classification defined by topology and ANI	N/A	GCA_029856125.1, s__SOKP01 sp029856125, 95.0, 90.27, 0.266; GCA_004375715.1, s__SOKP01 sp004375715, 95.0, 90.02, 0.243; GCA_019894855.1, s__SOKP01 sp019894855, 95.0, 89.75, 0.306; GCA_035530895.1, s__SOKP01 sp035530895, 95.0, 89.65, 0.171; GCA_030599585.1, s__SOKP01 sp030599585, 95.0, 89.55, 0.268; GCA_030615235.1, s__SOKP01 sp030615235, 95.0, 89.54, 0.161	42.26	11	0.98978	N/A
Co_bin249	d__Archaea;p__Asgardarchaeota;c__Lokiarchaeia;o__Sigynarchaeales;f__SOKP01;g__SOKP01;s__	N/A	N/A	N/A	N/A	N/A	N/A	N/A	N/A	N/A	N/A	d__Archaea;p__Asgardarchaeota;c__Lokiarchaeia;o__Sigynarchaeales;f__SOKP01;g__SOKP01;s__	taxonomic classification defined by topology and ANI	N/A	GCA_004375715.1, s__SOKP01 sp004375715, 95.0, 92.14, 0.339; GCA_030599585.1, s__SOKP01 sp030599585, 95.0, 91.55, 0.454; GCA_019894855.1, s__SOKP01 sp019894855, 95.0, 89.68, 0.236; GCA_030615235.1, s__SOKP01 sp030615235, 95.0, 89.66, 0.158; GCA_029856125.1, s__SOKP01 sp029856125, 95.0, 89.53, 0.302; GCA_035530895.1, s__SOKP01 sp035530895, 95.0, 88.73, 0.161	49.78	11	0.99131	N/A
Co_bin263	d__Archaea;p__Asgardarchaeota;c__Lokiarchaeia;o__Sigynarchaeales;f__MK-D1;g__Prometheoarchaeum;s__Prometheoarchaeum sp030613185	GCA_030613185.1	95.0	d__Archaea;p__Asgardarchaeota;c__Lokiarchaeia;o__Sigynarchaeales;f__MK-D1;g__Prometheoarchaeum;s__Prometheoarchaeum sp030613185	98.59	0.801	GCA_030613185.1	95.0	d__Archaea;p__Asgardarchaeota;c__Lokiarchaeia;o__Sigynarchaeales;f__MK-D1;g__Prometheoarchaeum;s__Prometheoarchaeum sp030613185	98.59	0.801	d__Archaea;p__Asgardarchaeota;c__Lokiarchaeia;o__Sigynarchaeales;f__MK-D1;g__Prometheoarchaeum;s__	taxonomic classification defined by topology and ANI	topological placement and ANI have congruent species assignments	GCA_030612265.1, s__Prometheoarchaeum sp030612265, 95.0, 87.25, 0.171; GCA_030611625.1, s__Prometheoarchaeum sp030611625, 95.0, 87.25, 0.166	69.18	11	N/A	N/A
Co_bin277	d__Archaea;p__Asgardarchaeota;c__Heimdallarchaeia;o__Heimdallarchaeales;f__Heimdallarchaeaceae;g__UBA460;s__	N/A	N/A	N/A	N/A	N/A	GCA_018238545.1	95.0	d__Archaea;p__Asgardarchaeota;c__Heimdallarchaeia;o__Heimdallarchaeales;f__Heimdallarchaeaceae;g__UBA460;s__UBA460 sp018238545	88.14	0.381	d__Archaea;p__Asgardarchaeota;c__Heimdallarchaeia;o__Heimdallarchaeales;f__Heimdallarchaeaceae;g__UBA460;s__	taxonomic classification defined by topology and ANI	N/A	GCA_030611665.1, s__UBA460 sp030611665, 95.0, 90.06, 0.503; GCA_023705945.1, s__UBA460 sp023705945, 95.0, 89.09, 0.368; GCA_030668875.1, s__UBA460 sp030668875, 95.0, 87.67, 0.335; GCA_023705905.1, s__UBA460 sp023705905, 95.0, 86.27, 0.239	49.67	11	0.97928	Genome not assigned to closest species as it falls outside its pre-defined ANI radius
Co_bin41	d__Archaea;p__Asgardarchaeota;c__Heimdallarchaeia;o__JABLTI01;f__JABLTI01;g__JABLTI01;s__JABLTI01 sp030614005	GCA_030614005.1	95.0	d__Archaea;p__Asgardarchaeota;c__Heimdallarchaeia;o__JABLTI01;f__JABLTI01;g__JABLTI01;s__JABLTI01 sp030614005	99.91	0.961	GCA_030614005.1	95.0	d__Archaea;p__Asgardarchaeota;c__Heimdallarchaeia;o__JABLTI01;f__JABLTI01;g__JABLTI01;s__JABLTI01 sp030614005	99.91	0.961	d__Archaea;p__Asgardarchaeota;c__Heimdallarchaeia;o__JABLTI01;f__JABLTI01;g__JABLTI01;s__	taxonomic classification defined by topology and ANI	topological placement and ANI have congruent species assignments	GCA_030667035.1, s__JABLTI01 sp030667035, 95.0, 88.58, 0.389; GCA_018238155.1, s__JABLTI01 sp018238155, 95.0, 85.08, 0.351	88.15	11	N/A	N/A
Co_bin44	d__Archaea;p__Asgardarchaeota;c__Lokiarchaeia;o__Sigynarchaeales;f__SOKP01;g__JAUWRB01;s__JAUWRB01 sp030610785	GCA_030610785.1	95.0	d__Archaea;p__Asgardarchaeota;c__Lokiarchaeia;o__Sigynarchaeales;f__SOKP01;g__JAUWRB01;s__JAUWRB01 sp030610785	99.69	0.81	GCA_030610785.1	95.0	d__Archaea;p__Asgardarchaeota;c__Lokiarchaeia;o__Sigynarchaeales;f__SOKP01;g__JAUWRB01;s__JAUWRB01 sp030610785	99.69	0.81	d__Archaea;p__Asgardarchaeota;c__Lokiarchaeia;o__Sigynarchaeales;f__SOKP01;g__;s__	taxonomic classification defined by topology and ANI	topological placement and ANI have congruent species assignments	N/A	68.85	11	N/A	N/A
Co_bin69	d__Archaea;p__Asgardarchaeota;c__Asgardarchaeia;o__;f__;g__;s__	N/A	N/A	N/A	N/A	N/A	N/A	N/A	N/A	N/A	N/A	d__Archaea;p__Asgardarchaeota;c__;o__;f__;g__;s__	taxonomic novelty determined using RED	N/A	N/A	73.83	11	0.35778	N/A
Co_bin7	d__Archaea;p__Asgardarchaeota;c__Lokiarchaeia;o__Sigynarchaeales;f__MK-D1;g__Prometheoarchaeum;s__Prometheoarchaeum sp030612265	GCA_030612265.1	95.0	d__Archaea;p__Asgardarchaeota;c__Lokiarchaeia;o__Sigynarchaeales;f__MK-D1;g__Prometheoarchaeum;s__Prometheoarchaeum sp030612265	99.62	0.813	GCA_030612265.1	95.0	d__Archaea;p__Asgardarchaeota;c__Lokiarchaeia;o__Sigynarchaeales;f__MK-D1;g__Prometheoarchaeum;s__Prometheoarchaeum sp030612265	99.62	0.813	d__Archaea;p__Asgardarchaeota;c__Lokiarchaeia;o__Sigynarchaeales;f__MK-D1;g__Prometheoarchaeum;s__	taxonomic classification defined by topology and ANI	topological placement and ANI have congruent species assignments	GCA_030611625.1, s__Prometheoarchaeum sp030611625, 95.0, 88.06, 0.324; GCA_030613185.1, s__Prometheoarchaeum sp030613185, 95.0, 85.75, 0.202	81.05	11	N/A	N/A
D4991_C11_H1_Bin_169	d__Archaea;p__Asgardarchaeota;c__Lokiarchaeia;o__Sigynarchaeales;f__MK-D1;g__Prometheoarchaeum;s__	N/A	N/A	N/A	N/A	N/A	N/A	N/A	N/A	N/A	N/A	d__Archaea;p__Asgardarchaeota;c__Lokiarchaeia;o__Sigynarchaeales;f__MK-D1;g__;s__	taxonomic novelty determined using RED	N/A	N/A	75.07	11	0.91367	N/A
D4991_C11_H1_Bin_181	d__Archaea;p__Asgardarchaeota;c__Thorarchaeia;o__Thorarchaeales;f__Thorarchaeaceae;g__B65-G9;s__B65-G9 sp003662765	GCA_003662765.1	95.0	d__Archaea;p__Asgardarchaeota;c__Thorarchaeia;o__Thorarchaeales;f__Thorarchaeaceae;g__B65-G9;s__B65-G9 sp003662765	99.48	0.812	GCA_003662765.1	95.0	d__Archaea;p__Asgardarchaeota;c__Thorarchaeia;o__Thorarchaeales;f__Thorarchaeaceae;g__B65-G9;s__B65-G9 sp003662765	99.48	0.812	d__Archaea;p__Asgardarchaeota;c__Thorarchaeia;o__Thorarchaeales;f__Thorarchaeaceae;g__B65-G9;s__	taxonomic classification defined by topology and ANI	topological placement and ANI have congruent species assignments	N/A	73.87	11	N/A	N/A
D4991_C11_H1_Bin_188	d__Archaea;p__Asgardarchaeota;c__Heimdallarchaeia;o__JABLTI01;f__JABLTI01;g__JABLTI01;s__JABLTI01 sp019056785	GCA_019056785.1	95.0	d__Archaea;p__Asgardarchaeota;c__Heimdallarchaeia;o__JABLTI01;f__JABLTI01;g__JABLTI01;s__JABLTI01 sp019056785	99.23	0.802	GCA_019056785.1	95.0	d__Archaea;p__Asgardarchaeota;c__Heimdallarchaeia;o__JABLTI01;f__JABLTI01;g__JABLTI01;s__JABLTI01 sp019056785	99.23	0.802	d__Archaea;p__Asgardarchaeota;c__Heimdallarchaeia;o__JABLTI01;f__JABLTI01;g__JABLTI01;s__	taxonomic classification defined by topology and ANI	topological placement and ANI have congruent species assignments	N/A	78.34	11	N/A	N/A
D4991_C11_H1_Bin_86	d__Archaea;p__Asgardarchaeota;c__Lokiarchaeia;o__Sigynarchaeales;f__MK-D1;g__Harpocratesius;s__	N/A	N/A	N/A	N/A	N/A	N/A	N/A	N/A	N/A	N/A	d__Archaea;p__Asgardarchaeota;c__Lokiarchaeia;o__Sigynarchaeales;f__MK-D1;g__Harpocratesius;s__	taxonomic classification fully defined by topology	N/A	N/A	81.33	11	0.97294	N/A
D4993_C5_H1_Bin_185	d__Archaea;p__Asgardarchaeota;c__Thorarchaeia;o__Thorarchaeales;f__Thorarchaeaceae;g__MP8T-1;s__	N/A	N/A	N/A	N/A	N/A	N/A	N/A	N/A	N/A	N/A	d__Archaea;p__Asgardarchaeota;c__Thorarchaeia;o__Thorarchaeales;f__Thorarchaeaceae;g__MP8T-1;s__	taxonomic classification fully defined by topology	N/A	N/A	60.41	11	0.96437	N/A
D4993_C5_H1_Bin_246	d__Archaea;p__Asgardarchaeota;c__Heimdallarchaeia;o__JABLTI01;f__JABLTI01;g__JABLTI01;s__	N/A	N/A	N/A	N/A	N/A	N/A	N/A	N/A	N/A	N/A	d__Archaea;p__Asgardarchaeota;c__Heimdallarchaeia;o__JABLTI01;f__JABLTI01;g__JABLTI01;s__	taxonomic classification fully defined by topology	N/A	N/A	80.35	11	0.92279	N/A
D4993_C5_H1_Bin_263	d__Archaea;p__Asgardarchaeota;c__Lokiarchaeia;o__Sigynarchaeales;f__Sigynarchaeaceae;g__WJJB01;s__	N/A	N/A	N/A	N/A	N/A	N/A	N/A	N/A	N/A	N/A	d__Archaea;p__Asgardarchaeota;c__Lokiarchaeia;o__Sigynarchaeales;f__Sigynarchaeaceae;g__;s__	taxonomic novelty determined using RED	N/A	N/A	80.39	11	0.85875	N/A
D4993_C5_H1_Bin_269	d__Archaea;p__Asgardarchaeota;c__Thorarchaeia;o__Thorarchaeales;f__Thorarchaeaceae;g__;s__	N/A	N/A	N/A	N/A	N/A	N/A	N/A	N/A	N/A	N/A	d__Archaea;p__Asgardarchaeota;c__Thorarchaeia;o__Thorarchaeales;f__Thorarchaeaceae;g__;s__	taxonomic novelty determined using RED	N/A	N/A	80.44	11	0.88503	N/A
D4993_C5_H1_Bin_32_clean	d__Archaea;p__Asgardarchaeota;c__Asgardarchaeia;o__;f__;g__;s__	N/A	N/A	N/A	N/A	N/A	N/A	N/A	N/A	N/A	N/A	d__Archaea;p__Asgardarchaeota;c__;o__;f__;g__;s__	taxonomic novelty determined using RED	N/A	N/A	75.4	11	0.38258	N/A
D4993_C5_H1_Bin_406_clean	d__Archaea;p__Asgardarchaeota;c__Lokiarchaeia;o__Sigynarchaeales;f__MK-D1;g__Prometheoarchaeum;s__	N/A	N/A	N/A	N/A	N/A	N/A	N/A	N/A	N/A	N/A	d__Archaea;p__Asgardarchaeota;c__Lokiarchaeia;o__Sigynarchaeales;f__MK-D1;g__;s__	taxonomic novelty determined using RED	N/A	N/A	79.2	11	0.91514	N/A
D4993_C5_H1_Bin_447	d__Archaea;p__Asgardarchaeota;c__Heimdallarchaeia;o__Heimdallarchaeales;f__DAOWED01;g__DAOWED01;s__	N/A	N/A	N/A	N/A	N/A	GCA_030638685.1	95.0	d__Archaea;p__Asgardarchaeota;c__Heimdallarchaeia;o__Heimdallarchaeales;f__DAOWED01;g__DAOWED01;s__DAOWED01 sp030638685	85.01	0.277	d__Archaea;p__Asgardarchaeota;c__Heimdallarchaeia;o__Heimdallarchaeales;f__;g__;s__	taxonomic classification defined by topology and ANI	N/A	N/A	75.51	11	0.96557	N/A
D4993_C5_H1_Bin_456	d__Archaea;p__Asgardarchaeota;c__Lokiarchaeia;o__Sigynarchaeales;f__SOKP01;g__SOKP01;s__	N/A	N/A	N/A	N/A	N/A	N/A	N/A	N/A	N/A	N/A	d__Archaea;p__Asgardarchaeota;c__Lokiarchaeia;o__Sigynarchaeales;f__SOKP01;g__SOKP01;s__	taxonomic classification defined by topology and ANI	N/A	GCA_019894815.1, s__SOKP01 sp019894815, 95.0, 92.73, 0.588; GCA_030667705.1, s__SOKP01 sp030667705, 95.0, 91.66, 0.563; GCA_019894955.1, s__SOKP01 sp019894955, 95.0, 86.22, 0.29	78.47	11	0.98293	Genome not assigned to closest species as it falls outside its pre-defined ANI radius
D4993_C5_H1_Bin_526	d__Archaea;p__Asgardarchaeota;c__Lokiarchaeia;o__Sigynarchaeales;f__MK-D1;g__Lokiarchaeum;s__	N/A	N/A	N/A	N/A	N/A	N/A	N/A	N/A	N/A	N/A	d__Archaea;p__Asgardarchaeota;c__Lokiarchaeia;o__Sigynarchaeales;f__MK-D1;g__;s__	taxonomic novelty determined using RED	N/A	N/A	69.4	11	0.90081	N/A
D4993_C5_H1_Bin_95	d__Archaea;p__Asgardarchaeota;c__Thorarchaeia;o__Thorarchaeales;f__Thorarchaeaceae;g__MP8T-1;s__	N/A	N/A	N/A	N/A	N/A	N/A	N/A	N/A	N/A	N/A	d__Archaea;p__Asgardarchaeota;c__Thorarchaeia;o__Thorarchaeales;f__Thorarchaeaceae;g__MP8T-1;s__	taxonomic classification defined by topology and ANI	N/A	GCA_018238205.1, s__MP8T-1 sp018238205, 95.0, 91.91, 0.575; GCA_030612005.1, s__MP8T-1 sp030612005, 95.0, 91.28, 0.521; GCA_018238825.1, s__MP8T-1 sp018238825, 95.0, 90.96, 0.499	52.36	11	0.98893	Genome not assigned to closest species as it falls outside its pre-defined ANI radius
D4993_C5_H2_Bin_133_clean	d__Archaea;p__Asgardarchaeota;c__Thorarchaeia;o__Thorarchaeales;f__Thorarchaeaceae;g__;s__	N/A	N/A	N/A	N/A	N/A	N/A	N/A	N/A	N/A	N/A	d__Archaea;p__Asgardarchaeota;c__Thorarchaeia;o__Thorarchaeales;f__Thorarchaeaceae;g__;s__	taxonomic novelty determined using RED	N/A	N/A	83.65	11	0.88521	N/A
D4993_C5_H2_Bin_260	d__Archaea;p__Asgardarchaeota;c__Lokiarchaeia;o__Sigynarchaeales;f__SOKP01;g__SOKP01;s__	N/A	N/A	N/A	N/A	N/A	N/A	N/A	N/A	N/A	N/A	d__Archaea;p__Asgardarchaeota;c__Lokiarchaeia;o__Sigynarchaeales;f__SOKP01;g__SOKP01;s__	taxonomic classification defined by topology and ANI	N/A	GCA_019894815.1, s__SOKP01 sp019894815, 95.0, 92.77, 0.615; GCA_030667705.1, s__SOKP01 sp030667705, 95.0, 92.06, 0.57; GCA_019894955.1, s__SOKP01 sp019894955, 95.0, 86.12, 0.309	85.92	11	0.98164	Genome not assigned to closest species as it falls outside its pre-defined ANI radius
D4993_C5_H2_Bin_290_clean	d__Archaea;p__Asgardarchaeota;c__Lokiarchaeia;o__Helarchaeales;f__RDOG01;g__;s__	N/A	N/A	N/A	N/A	N/A	N/A	N/A	N/A	N/A	N/A	d__Archaea;p__Asgardarchaeota;c__Lokiarchaeia;o__Helarchaeales;f__;g__;s__	taxonomic novelty determined using RED	N/A	N/A	82.01	11	0.70403	N/A
D4993_C5_H2_Bin_325	d__Archaea;p__Asgardarchaeota;c__Lokiarchaeia;o__Sigynarchaeales;f__Sigynarchaeaceae;g__WJJB01;s__	N/A	N/A	N/A	N/A	N/A	N/A	N/A	N/A	N/A	N/A	d__Archaea;p__Asgardarchaeota;c__Lokiarchaeia;o__Sigynarchaeales;f__Sigynarchaeaceae;g__;s__	taxonomic novelty determined using RED	N/A	N/A	78.4	11	0.8249	N/A
D4993_C5_H2_Bin_370	d__Archaea;p__Asgardarchaeota;c__Lokiarchaeia;o__Sigynarchaeales;f__MK-D1;g__Prometheoarchaeum;s__	N/A	N/A	N/A	N/A	N/A	N/A	N/A	N/A	N/A	N/A	d__Archaea;p__Asgardarchaeota;c__Lokiarchaeia;o__Sigynarchaeales;f__MK-D1;g__;s__	taxonomic novelty determined using RED	N/A	N/A	83.63	11	0.91577	N/A
D4993_C5_H2_Bin_435	d__Archaea;p__Asgardarchaeota;c__Thorarchaeia;o__Thorarchaeales;f__Thorarchaeaceae;g__MP8T-1;s__	N/A	N/A	N/A	N/A	N/A	N/A	N/A	N/A	N/A	N/A	d__Archaea;p__Asgardarchaeota;c__Thorarchaeia;o__Thorarchaeales;f__Thorarchaeaceae;g__MP8T-1;s__	taxonomic classification defined by topology and ANI	N/A	GCA_030612005.1, s__MP8T-1 sp030612005, 95.0, 90.02, 0.259; GCA_018238205.1, s__MP8T-1 sp018238205, 95.0, 88.98, 0.228; GCA_018238825.1, s__MP8T-1 sp018238825, 95.0, 88.52, 0.155	31.67	11	0.97722	N/A
D4993_C5_H2_Bin_444	d__Archaea;p__Asgardarchaeota;c__Heimdallarchaeia;o__Heimdallarchaeales;f__Heimdallarchaeaceae;g__UBA460;s__	N/A	N/A	N/A	N/A	N/A	N/A	N/A	N/A	N/A	N/A	d__Archaea;p__Asgardarchaeota;c__Heimdallarchaeia;o__Heimdallarchaeales;f__Heimdallarchaeaceae;g__UBA460;s__	taxonomic classification defined by topology and ANI	N/A	GCA_023705945.1, s__UBA460 sp023705945, 95.0, 86.6, 0.345; GCA_018238545.1, s__UBA460 sp018238545, 95.0, 85.49, 0.347; GCA_030611665.1, s__UBA460 sp030611665, 95.0, 85.37, 0.368; GCA_030668875.1, s__UBA460 sp030668875, 95.0, 84.96, 0.329; GCA_023705905.1, s__UBA460 sp023705905, 95.0, 84.77, 0.254	91.34	11	0.96215	N/A
D4993_C5_H2_Bin_518	d__Archaea;p__Asgardarchaeota;c__Thorarchaeia;o__Thorarchaeales;f__Thorarchaeaceae;g__B65-G9;s__B65-G9 sp003662765	GCA_003662765.1	95.0	d__Archaea;p__Asgardarchaeota;c__Thorarchaeia;o__Thorarchaeales;f__Thorarchaeaceae;g__B65-G9;s__B65-G9 sp003662765	95.91	0.744	GCA_003662765.1	95.0	d__Archaea;p__Asgardarchaeota;c__Thorarchaeia;o__Thorarchaeales;f__Thorarchaeaceae;g__B65-G9;s__B65-G9 sp003662765	95.91	0.744	d__Archaea;p__Asgardarchaeota;c__Thorarchaeia;o__Thorarchaeales;f__Thorarchaeaceae;g__B65-G9;s__	taxonomic classification defined by topology and ANI	topological placement and ANI have congruent species assignments	N/A	78.78	11	N/A	N/A
D4993_C5_H2_Bin_565	d__Archaea;p__Asgardarchaeota;c__Lokiarchaeia;o__Helarchaeales;f__HEL-GB-B;g__HEL-GB-B;s__HEL-GB-B sp005191425	GCA_005191425.1	95.0	d__Archaea;p__Asgardarchaeota;c__Lokiarchaeia;o__Helarchaeales;f__HEL-GB-B;g__HEL-GB-B;s__HEL-GB-B sp005191425	99.08	0.839	GCA_005191425.1	95.0	d__Archaea;p__Asgardarchaeota;c__Lokiarchaeia;o__Helarchaeales;f__HEL-GB-B;g__HEL-GB-B;s__HEL-GB-B sp005191425	99.08	0.839	d__Archaea;p__Asgardarchaeota;c__Lokiarchaeia;o__Helarchaeales;f__;g__;s__	taxonomic classification defined by topology and ANI	topological placement and ANI have congruent species assignments	N/A	85.52	11	N/A	N/A
D4993_C5_H2_Bin_570	d__Archaea;p__Asgardarchaeota;c__Heimdallarchaeia;o__Hodarchaeales;f__Hodarchaeaceae;g__Hodarchaeum;s__	N/A	N/A	N/A	N/A	N/A	N/A	N/A	N/A	N/A	N/A	d__Archaea;p__Asgardarchaeota;c__Heimdallarchaeia;o__Hodarchaeales;f__Hodarchaeaceae;g__Hodarchaeum;s__	taxonomic classification fully defined by topology	N/A	N/A	61.47	11	0.91871	N/A
D4993_C5_H2_Bin_581	d__Archaea;p__Asgardarchaeota;c__Heimdallarchaeia;o__JABLTI01;f__JABLTI01;g__;s__	N/A	N/A	N/A	N/A	N/A	N/A	N/A	N/A	N/A	N/A	d__Archaea;p__Asgardarchaeota;c__Heimdallarchaeia;o__JABLTI01;f__JABLTI01;g__;s__	taxonomic novelty determined using RED	N/A	N/A	53.72	11	0.80916	N/A
D4993_C5_H2_Bin_583	d__Archaea;p__Asgardarchaeota;c__Hermodarchaeia;o__;f__;g__;s__	N/A	N/A	N/A	N/A	N/A	N/A	N/A	N/A	N/A	N/A	d__Archaea;p__Asgardarchaeota;c__;o__;f__;g__;s__	taxonomic novelty determined using RED	N/A	N/A	71.73	11	0.43173	N/A
D4993_C5_H2_Bin_648	d__Archaea;p__Asgardarchaeota;c__Lokiarchaeia;o__Sigynarchaeales;f__MK-D1;g__;s__	N/A	N/A	N/A	N/A	N/A	N/A	N/A	N/A	N/A	N/A	d__Archaea;p__Asgardarchaeota;c__Lokiarchaeia;o__Sigynarchaeales;f__MK-D1;g__;s__	taxonomic classification fully defined by topology	N/A	N/A	79.2	11	0.76674	N/A
D4993_C5_H2_Bin_733	d__Archaea;p__Asgardarchaeota;c__Lokiarchaeia;o__Sigynarchaeales;f__MK-D1;g__Harpocratesius;s__	N/A	N/A	N/A	N/A	N/A	N/A	N/A	N/A	N/A	N/A	d__Archaea;p__Asgardarchaeota;c__Lokiarchaeia;o__Sigynarchaeales;f__MK-D1;g__Harpocratesius;s__	taxonomic classification fully defined by topology	N/A	N/A	81.0	11	0.97273	N/A
D4993_C5_H2_Bin_79	d__Archaea;p__Asgardarchaeota;c__Thorarchaeia;o__Thorarchaeales;f__Thorarchaeaceae;g__B65-G9;s__	N/A	N/A	N/A	N/A	N/A	GCA_021498125.1	95.0	d__Archaea;p__Asgardarchaeota;c__Thorarchaeia;o__Thorarchaeales;f__Thorarchaeaceae;g__B65-G9;s__B65-G9 sp021498125	89.29	0.595	d__Archaea;p__Asgardarchaeota;c__Thorarchaeia;o__Thorarchaeales;f__Thorarchaeaceae;g__B65-G9;s__	taxonomic classification defined by topology and ANI	N/A	N/A	90.82	11	0.98419	Genome not assigned to closest species as it falls outside its pre-defined ANI radius
D4993_C5_H2_Bin_811	d__Archaea;p__Asgardarchaeota;c__Heimdallarchaeia;o__Heimdallarchaeales;f__Heimdallarchaeaceae;g__Heimdallarchaeum;s__Heimdallarchaeum endolithica	GCA_021513715.1	95.0	d__Archaea;p__Asgardarchaeota;c__Heimdallarchaeia;o__Heimdallarchaeales;f__Heimdallarchaeaceae;g__Heimdallarchaeum;s__Heimdallarchaeum endolithica	97.53	0.755	GCA_021513715.1	95.0	d__Archaea;p__Asgardarchaeota;c__Heimdallarchaeia;o__Heimdallarchaeales;f__Heimdallarchaeaceae;g__Heimdallarchaeum;s__Heimdallarchaeum endolithica	97.53	0.755	d__Archaea;p__Asgardarchaeota;c__Heimdallarchaeia;o__Heimdallarchaeales;f__Heimdallarchaeaceae;g__Heimdallarchaeum;s__	taxonomic classification defined by topology and ANI	topological placement and ANI have congruent species assignments	GCA_021513695.1, s__Heimdallarchaeum aukensis, 95.0, 87.85, 0.439	76.47	11	N/A	N/A
D4993_C5_H2_Bin_84_clean	d__Archaea;p__Asgardarchaeota;c__Thorarchaeia;o__Thorarchaeales;f__Thorarchaeaceae;g__MP8T-1;s__	N/A	N/A	N/A	N/A	N/A	N/A	N/A	N/A	N/A	N/A	d__Archaea;p__Asgardarchaeota;c__Thorarchaeia;o__Thorarchaeales;f__Thorarchaeaceae;g__MP8T-1;s__	taxonomic classification fully defined by topology	N/A	N/A	74.5	11	0.9599	N/A
D4993_C5_H3_Bin_186	d__Archaea;p__Asgardarchaeota;c__Thorarchaeia;o__Thorarchaeales;f__Thorarchaeaceae;g__B65-G9;s__B65-G9 sp003662765	GCA_003662765.1	95.0	d__Archaea;p__Asgardarchaeota;c__Thorarchaeia;o__Thorarchaeales;f__Thorarchaeaceae;g__B65-G9;s__B65-G9 sp003662765	95.03	0.61	GCA_003662765.1	95.0	d__Archaea;p__Asgardarchaeota;c__Thorarchaeia;o__Thorarchaeales;f__Thorarchaeaceae;g__B65-G9;s__B65-G9 sp003662765	95.03	0.61	d__Archaea;p__Asgardarchaeota;c__Thorarchaeia;o__Thorarchaeales;f__Thorarchaeaceae;g__B65-G9;s__	taxonomic classification defined by topology and ANI	topological placement and ANI have congruent species assignments	N/A	46.79	11	N/A	N/A
D4993_C5_H3_Bin_323	d__Archaea;p__Asgardarchaeota;c__Heimdallarchaeia;o__JABLTI01;f__JABLTI01;g__JABLTI01;s__JABLTI01 sp019056785	GCA_019056785.1	95.0	d__Archaea;p__Asgardarchaeota;c__Heimdallarchaeia;o__JABLTI01;f__JABLTI01;g__JABLTI01;s__JABLTI01 sp019056785	98.99	0.951	GCA_019056785.1	95.0	d__Archaea;p__Asgardarchaeota;c__Heimdallarchaeia;o__JABLTI01;f__JABLTI01;g__JABLTI01;s__JABLTI01 sp019056785	98.99	0.951	d__Archaea;p__Asgardarchaeota;c__Heimdallarchaeia;o__JABLTI01;f__JABLTI01;g__JABLTI01;s__	taxonomic classification defined by topology and ANI	topological placement and ANI have congruent species assignments	N/A	59.45	11	N/A	N/A
D4993_C5_H3_Bin_368	d__Archaea;p__Asgardarchaeota;c__Thorarchaeia;o__Thorarchaeales;f__Thorarchaeaceae;g__B65-G9;s__	N/A	N/A	N/A	N/A	N/A	GCA_021498125.1	95.0	d__Archaea;p__Asgardarchaeota;c__Thorarchaeia;o__Thorarchaeales;f__Thorarchaeaceae;g__B65-G9;s__B65-G9 sp021498125	89.3	0.627	d__Archaea;p__Asgardarchaeota;c__Thorarchaeia;o__Thorarchaeales;f__Thorarchaeaceae;g__B65-G9;s__	taxonomic classification defined by topology and ANI	N/A	N/A	90.82	11	0.98419	Genome not assigned to closest species as it falls outside its pre-defined ANI radius
D4993_C5_H3_Bin_385	d__Archaea;p__Asgardarchaeota;c__Heimdallarchaeia;o__JABLTI01;f__JABLTI01;g__;s__	N/A	N/A	N/A	N/A	N/A	N/A	N/A	N/A	N/A	N/A	d__Archaea;p__Asgardarchaeota;c__Heimdallarchaeia;o__JABLTI01;f__JABLTI01;g__;s__	taxonomic novelty determined using RED	N/A	N/A	45.45	11	0.8133	N/A
D4993_C5_H3_Bin_400	d__Archaea;p__Asgardarchaeota;c__Lokiarchaeia;o__Helarchaeales;f__HEL-GB-B;g__HEL-GB-B;s__HEL-GB-B sp005191425	GCA_005191425.1	95.0	d__Archaea;p__Asgardarchaeota;c__Lokiarchaeia;o__Helarchaeales;f__HEL-GB-B;g__HEL-GB-B;s__HEL-GB-B sp005191425	99.08	0.824	GCA_005191425.1	95.0	d__Archaea;p__Asgardarchaeota;c__Lokiarchaeia;o__Helarchaeales;f__HEL-GB-B;g__HEL-GB-B;s__HEL-GB-B sp005191425	99.08	0.824	d__Archaea;p__Asgardarchaeota;c__Lokiarchaeia;o__Helarchaeales;f__;g__;s__	taxonomic classification defined by topology and ANI	topological placement and ANI have congruent species assignments	N/A	90.88	11	N/A	N/A
D4993_C5_H3_Bin_450	d__Archaea;p__Asgardarchaeota;c__Heimdallarchaeia;o__Heimdallarchaeales;f__Heimdallarchaeaceae;g__UBA460;s__	N/A	N/A	N/A	N/A	N/A	N/A	N/A	N/A	N/A	N/A	d__Archaea;p__Asgardarchaeota;c__Heimdallarchaeia;o__Heimdallarchaeales;f__Heimdallarchaeaceae;g__UBA460;s__	taxonomic classification fully defined by topology	N/A	N/A	68.61	11	0.93237	N/A
D4993_C5_H3_Bin_468	d__Archaea;p__Asgardarchaeota;c__Lokiarchaeia;o__Sigynarchaeales;f__MK-D1;g__Prometheoarchaeum;s__	N/A	N/A	N/A	N/A	N/A	N/A	N/A	N/A	N/A	N/A	d__Archaea;p__Asgardarchaeota;c__Lokiarchaeia;o__Sigynarchaeales;f__MK-D1;g__;s__	taxonomic novelty determined using RED	N/A	N/A	85.09	11	0.91589	N/A
D4993_C5_H3_Bin_486	d__Archaea;p__Asgardarchaeota;c__Asgardarchaeia;o__;f__;g__;s__	N/A	N/A	N/A	N/A	N/A	N/A	N/A	N/A	N/A	N/A	d__Archaea;p__Asgardarchaeota;c__;o__;f__;g__;s__	taxonomic novelty determined using RED	N/A	N/A	80.07	11	0.37334	N/A
D4993_C5_H3_Bin_497	d__Archaea;p__Asgardarchaeota;c__Lokiarchaeia;o__Sigynarchaeales;f__MK-D1;g__;s__	N/A	N/A	N/A	N/A	N/A	N/A	N/A	N/A	N/A	N/A	d__Archaea;p__Asgardarchaeota;c__Lokiarchaeia;o__Sigynarchaeales;f__MK-D1;g__;s__	taxonomic classification fully defined by topology	N/A	N/A	72.98	11	0.76749	N/A
D4993_C5_H3_Bin_515_clean	d__Archaea;p__Asgardarchaeota;c__Lokiarchaeia;o__Sigynarchaeales;f__SOKP01;g__SOKP01;s__	N/A	N/A	N/A	N/A	N/A	N/A	N/A	N/A	N/A	N/A	d__Archaea;p__Asgardarchaeota;c__Lokiarchaeia;o__Sigynarchaeales;f__SOKP01;g__SOKP01;s__	taxonomic classification defined by topology and ANI	N/A	GCA_019894815.1, s__SOKP01 sp019894815, 95.0, 92.05, 0.48; GCA_030667705.1, s__SOKP01 sp030667705, 95.0, 91.43, 0.51; GCA_019894955.1, s__SOKP01 sp019894955, 95.0, 85.07, 0.218	64.49	11	0.98315	Genome not assigned to closest species as it falls outside its pre-defined ANI radius
D4993_C5_H3_Bin_532	d__Archaea;p__Asgardarchaeota;c__Heimdallarchaeia;o__Heimdallarchaeales;f__Heimdallarchaeaceae;g__Heimdallarchaeum;s__Heimdallarchaeum endolithica	GCA_021513715.1	95.0	d__Archaea;p__Asgardarchaeota;c__Heimdallarchaeia;o__Heimdallarchaeales;f__Heimdallarchaeaceae;g__Heimdallarchaeum;s__Heimdallarchaeum endolithica	97.53	0.753	GCA_021513715.1	95.0	d__Archaea;p__Asgardarchaeota;c__Heimdallarchaeia;o__Heimdallarchaeales;f__Heimdallarchaeaceae;g__Heimdallarchaeum;s__Heimdallarchaeum endolithica	97.53	0.753	d__Archaea;p__Asgardarchaeota;c__Heimdallarchaeia;o__Heimdallarchaeales;f__Heimdallarchaeaceae;g__Heimdallarchaeum;s__	taxonomic classification defined by topology and ANI	topological placement and ANI have congruent species assignments	GCA_021513695.1, s__Heimdallarchaeum aukensis, 95.0, 88.53, 0.419	62.24	11	N/A	Genome has more than 13.2% of markers with multiple hits
D4993_C5_H3_Bin_603_clean	d__Archaea;p__Asgardarchaeota;c__Baldrarchaeia;o__Baldrarchaeales;f__DXJG01;g__DXJG01;s__	N/A	N/A	N/A	N/A	N/A	GCA_021158895.1	95.0	d__Archaea;p__Asgardarchaeota;c__Baldrarchaeia;o__Baldrarchaeales;f__DXJG01;g__DXJG01;s__DXJG01 sp021158895	94.27	0.594	d__Archaea;p__Asgardarchaeota;c__Baldrarchaeia;o__Baldrarchaeales;f__DXJG01;g__DXJG01;s__	taxonomic classification defined by topology and ANI	N/A	GCA_016840485.1, s__DXJG01 sp016840485, 95.0, 93.32, 0.432	77.41	11	0.98546	Genome not assigned to closest species as it falls outside its pre-defined ANI radius
D4993_C5_H3_Bin_613	d__Archaea;p__Asgardarchaeota;c__Lokiarchaeia;o__Sigynarchaeales;f__Sigynarchaeaceae;g__WJJB01;s__	N/A	N/A	N/A	N/A	N/A	N/A	N/A	N/A	N/A	N/A	d__Archaea;p__Asgardarchaeota;c__Lokiarchaeia;o__Sigynarchaeales;f__Sigynarchaeaceae;g__;s__	taxonomic novelty determined using RED	N/A	N/A	76.53	11	0.82456	N/A
D4993_C5_H3_Bin_680	d__Archaea;p__Asgardarchaeota;c__Heimdallarchaeia;o__Heimdallarchaeales;f__Heimdallarchaeaceae;g__;s__	N/A	N/A	N/A	N/A	N/A	N/A	N/A	N/A	N/A	N/A	d__Archaea;p__Asgardarchaeota;c__Heimdallarchaeia;o__Heimdallarchaeales;f__Heimdallarchaeaceae;g__;s__	taxonomic classification fully defined by topology	N/A	N/A	84.21	11	0.80641	N/A
D4993_C5_H3_Bin_765_clean	d__Archaea;p__Asgardarchaeota;c__Heimdallarchaeia;o__Heimdallarchaeales;f__Heimdallarchaeaceae;g__UBA460;s__	N/A	N/A	N/A	N/A	N/A	N/A	N/A	N/A	N/A	N/A	d__Archaea;p__Asgardarchaeota;c__Heimdallarchaeia;o__Heimdallarchaeales;f__Heimdallarchaeaceae;g__UBA460;s__	taxonomic classification defined by topology and ANI	N/A	GCA_023705945.1, s__UBA460 sp023705945, 95.0, 86.21, 0.298; GCA_030668875.1, s__UBA460 sp030668875, 95.0, 86.16, 0.297; GCA_018238545.1, s__UBA460 sp018238545, 95.0, 86.14, 0.318; GCA_030611665.1, s__UBA460 sp030611665, 95.0, 85.66, 0.31; GCA_023705905.1, s__UBA460 sp023705905, 95.0, 84.71, 0.228	91.74	11	0.96287	N/A
D4993_C5_H3_Bin_769	d__Archaea;p__Asgardarchaeota;c__Lokiarchaeia;o__Helarchaeales;f__RDOG01;g__;s__	N/A	N/A	N/A	N/A	N/A	N/A	N/A	N/A	N/A	N/A	d__Archaea;p__Asgardarchaeota;c__Lokiarchaeia;o__Helarchaeales;f__;g__;s__	taxonomic novelty determined using RED	N/A	N/A	78.42	11	0.71584	N/A
D4993_C5_H4_Bin_11	d__Archaea;p__Asgardarchaeota;c__Lokiarchaeia;o__Sigynarchaeales;f__SOKP01;g__SOKP01;s__	N/A	N/A	N/A	N/A	N/A	N/A	N/A	N/A	N/A	N/A	d__Archaea;p__Asgardarchaeota;c__Lokiarchaeia;o__Sigynarchaeales;f__SOKP01;g__SOKP01;s__	taxonomic classification fully defined by topology	N/A	N/A	42.2	11	0.91765	N/A
D4993_C5_H4_Bin_142_clean	d__Archaea;p__Asgardarchaeota;c__Heimdallarchaeia;o__JABLTI01;f__JABLTI01;g__JABLTI01;s__JABLTI01 sp019056785	GCA_019056785.1	95.0	d__Archaea;p__Asgardarchaeota;c__Heimdallarchaeia;o__JABLTI01;f__JABLTI01;g__JABLTI01;s__JABLTI01 sp019056785	98.81	0.927	GCA_019056785.1	95.0	d__Archaea;p__Asgardarchaeota;c__Heimdallarchaeia;o__JABLTI01;f__JABLTI01;g__JABLTI01;s__JABLTI01 sp019056785	98.81	0.927	d__Archaea;p__Asgardarchaeota;c__Heimdallarchaeia;o__JABLTI01;f__JABLTI01;g__JABLTI01;s__	taxonomic classification defined by topology and ANI	topological placement and ANI have congruent species assignments	N/A	61.42	11	N/A	N/A
D4993_C5_H4_Bin_224_clean	d__Archaea;p__Asgardarchaeota;c__Heimdallarchaeia;o__Heimdallarchaeales;f__Heimdallarchaeaceae;g__;s__	N/A	N/A	N/A	N/A	N/A	N/A	N/A	N/A	N/A	N/A	d__Archaea;p__Asgardarchaeota;c__Heimdallarchaeia;o__Heimdallarchaeales;f__;g__;s__	taxonomic novelty determined using RED	N/A	N/A	52.42	11	0.74568	N/A
D4993_C5_H4_Bin_33	d__Archaea;p__Asgardarchaeota;c__Odinarchaeia;o__Odinarchaeales;f__Odinarchaeaceae;g__;s__	N/A	N/A	N/A	N/A	N/A	N/A	N/A	N/A	N/A	N/A	d__Archaea;p__Asgardarchaeota;c__;o__;f__;g__;s__	taxonomic novelty determined using RED	N/A	N/A	44.99	11	0.6921	N/A
D4993_C5_H4_Bin_46	d__Archaea;p__Asgardarchaeota;c__Lokiarchaeia;o__Sigynarchaeales;f__SOKP01;g__JALGVJ01;s__	N/A	N/A	N/A	N/A	N/A	GCA_029838195.1	95.0	d__Archaea;p__Asgardarchaeota;c__Lokiarchaeia;o__Sigynarchaeales;f__SOKP01;g__JALGVJ01;s__JALGVJ01 sp029838195	91.05	0.423	d__Archaea;p__Asgardarchaeota;c__Lokiarchaeia;o__Sigynarchaeales;f__SOKP01;g__;s__	taxonomic classification defined by topology and ANI	N/A	N/A	45.8	11	0.9798	N/A
D4993_C5_H4_Bin_5	d__Archaea;p__Asgardarchaeota;c__Lokiarchaeia;o__Helarchaeales;f__HEL-GB-B;g__HEL-GB-B;s__HEL-GB-B sp005191425	GCA_005191425.1	95.0	d__Archaea;p__Asgardarchaeota;c__Lokiarchaeia;o__Helarchaeales;f__HEL-GB-B;g__HEL-GB-B;s__HEL-GB-B sp005191425	99.49	0.784	GCA_005191425.1	95.0	d__Archaea;p__Asgardarchaeota;c__Lokiarchaeia;o__Helarchaeales;f__HEL-GB-B;g__HEL-GB-B;s__HEL-GB-B sp005191425	99.49	0.784	d__Archaea;p__Asgardarchaeota;c__Lokiarchaeia;o__Helarchaeales;f__;g__;s__	taxonomic classification defined by topology and ANI	topological placement and ANI have congruent species assignments	N/A	44.74	11	N/A	N/A
D4993_C5_LG_Bin_111	d__Archaea;p__Asgardarchaeota;c__Heimdallarchaeia;o__Heimdallarchaeales;f__Heimdallarchaeaceae;g__Heimdallarchaeum;s__Heimdallarchaeum endolithica	GCA_021513715.1	95.0	d__Archaea;p__Asgardarchaeota;c__Heimdallarchaeia;o__Heimdallarchaeales;f__Heimdallarchaeaceae;g__Heimdallarchaeum;s__Heimdallarchaeum endolithica	97.54	0.798	GCA_021513715.1	95.0	d__Archaea;p__Asgardarchaeota;c__Heimdallarchaeia;o__Heimdallarchaeales;f__Heimdallarchaeaceae;g__Heimdallarchaeum;s__Heimdallarchaeum endolithica	97.54	0.798	d__Archaea;p__Asgardarchaeota;c__Heimdallarchaeia;o__Heimdallarchaeales;f__Heimdallarchaeaceae;g__Heimdallarchaeum;s__	taxonomic classification defined by topology and ANI	topological placement and ANI have congruent species assignments	GCA_021513695.1, s__Heimdallarchaeum aukensis, 95.0, 88.6, 0.457	47.35	11	N/A	N/A
D4993_C5_LG_Bin_146_clean	d__Archaea;p__Asgardarchaeota;c__Thorarchaeia;o__Thorarchaeales;f__Thorarchaeaceae;g__B65-G9;s__B65-G9 sp003662765	GCA_003662765.1	95.0	d__Archaea;p__Asgardarchaeota;c__Thorarchaeia;o__Thorarchaeales;f__Thorarchaeaceae;g__B65-G9;s__B65-G9 sp003662765	95.74	0.531	GCA_003662765.1	95.0	d__Archaea;p__Asgardarchaeota;c__Thorarchaeia;o__Thorarchaeales;f__Thorarchaeaceae;g__B65-G9;s__B65-G9 sp003662765	95.74	0.531	d__Archaea;p__Asgardarchaeota;c__Thorarchaeia;o__Thorarchaeales;f__Thorarchaeaceae;g__B65-G9;s__	taxonomic classification defined by topology and ANI	topological placement and ANI have congruent species assignments	N/A	41.39	11	N/A	N/A
D4993_C5_LG_Bin_231_clean	d__Archaea;p__Asgardarchaeota;c__Asgardarchaeia;o__Asgardarchaeales;f__;g__;s__	N/A	N/A	N/A	N/A	N/A	N/A	N/A	N/A	N/A	N/A	d__Archaea;p__Asgardarchaeota;c__;o__;f__;g__;s__	taxonomic novelty determined using RED	N/A	N/A	57.63	11	0.5795	Genome has more than 11.3% of markers with multiple hits
D4993_C5_LG_Bin_247	d__Archaea;p__Asgardarchaeota;c__Lokiarchaeia;o__Sigynarchaeales;f__MK-D1;g__Harpocratesius;s__	N/A	N/A	N/A	N/A	N/A	N/A	N/A	N/A	N/A	N/A	d__Archaea;p__Asgardarchaeota;c__Lokiarchaeia;o__Sigynarchaeales;f__MK-D1;g__Harpocratesius;s__	taxonomic classification fully defined by topology	N/A	N/A	70.0	11	0.97289	N/A
D4993_C5_LG_Bin_279	d__Archaea;p__Asgardarchaeota;c__Lokiarchaeia;o__Sigynarchaeales;f__MK-D1;g__Prometheoarchaeum;s__	N/A	N/A	N/A	N/A	N/A	N/A	N/A	N/A	N/A	N/A	d__Archaea;p__Asgardarchaeota;c__Lokiarchaeia;o__Sigynarchaeales;f__MK-D1;g__;s__	taxonomic novelty determined using RED	N/A	N/A	78.36	11	0.91465	N/A
D4993_C5_LG_Bin_292	d__Archaea;p__Asgardarchaeota;c__Thorarchaeia;o__Thorarchaeales;f__Thorarchaeaceae;g__FT1-004;s__	N/A	N/A	N/A	N/A	N/A	N/A	N/A	N/A	N/A	N/A	d__Archaea;p__Asgardarchaeota;c__Thorarchaeia;o__Thorarchaeales;f__Thorarchaeaceae;g__;s__	taxonomic novelty determined using RED	N/A	N/A	87.55	11	0.91091	N/A
D4993_C5_LG_Bin_298	d__Archaea;p__Asgardarchaeota;c__Lokiarchaeia;o__Helarchaeales;f__HEL-GB-B;g__HEL-GB-B;s__HEL-GB-B sp005191425	GCA_005191425.1	95.0	d__Archaea;p__Asgardarchaeota;c__Lokiarchaeia;o__Helarchaeales;f__HEL-GB-B;g__HEL-GB-B;s__HEL-GB-B sp005191425	99.62	0.841	GCA_005191425.1	95.0	d__Archaea;p__Asgardarchaeota;c__Lokiarchaeia;o__Helarchaeales;f__HEL-GB-B;g__HEL-GB-B;s__HEL-GB-B sp005191425	99.62	0.841	d__Archaea;p__Asgardarchaeota;c__Lokiarchaeia;o__Helarchaeales;f__;g__;s__	taxonomic classification defined by topology and ANI	topological placement and ANI have congruent species assignments	N/A	89.66	11	N/A	N/A
D4993_C5_LG_Bin_330	d__Archaea;p__Asgardarchaeota;c__Lokiarchaeia;o__Sigynarchaeales;f__SOKP01;g__JALGVJ01;s__JALGVJ01 sp029838195	GCA_029838195.1	95.0	d__Archaea;p__Asgardarchaeota;c__Lokiarchaeia;o__Sigynarchaeales;f__SOKP01;g__JALGVJ01;s__JALGVJ01 sp029838195	99.78	0.976	GCA_029838195.1	95.0	d__Archaea;p__Asgardarchaeota;c__Lokiarchaeia;o__Sigynarchaeales;f__SOKP01;g__JALGVJ01;s__JALGVJ01 sp029838195	99.78	0.976	d__Archaea;p__Asgardarchaeota;c__Lokiarchaeia;o__Sigynarchaeales;f__SOKP01;g__;s__	taxonomic classification defined by topology and ANI	topological placement and ANI have congruent species assignments	N/A	74.67	11	N/A	N/A
D4993_C5_LG_Bin_346	d__Archaea;p__Asgardarchaeota;c__Heimdallarchaeia;o__JABLTI01;f__JABLTI01;g__JABLTI01;s__	N/A	N/A	N/A	N/A	N/A	N/A	N/A	N/A	N/A	N/A	d__Archaea;p__Asgardarchaeota;c__Heimdallarchaeia;o__JABLTI01;f__JABLTI01;g__JABLTI01;s__	taxonomic classification fully defined by topology	N/A	N/A	89.93	11	0.92317	N/A
D4993_C5_LG_Bin_37	d__Archaea;p__Asgardarchaeota;c__Heimdallarchaeia;o__JABLTI01;f__JABLTI01;g__JABLTI01;s__JABLTI01 sp019056785	GCA_019056785.1	95.0	d__Archaea;p__Asgardarchaeota;c__Heimdallarchaeia;o__JABLTI01;f__JABLTI01;g__JABLTI01;s__JABLTI01 sp019056785	98.72	0.896	GCA_019056785.1	95.0	d__Archaea;p__Asgardarchaeota;c__Heimdallarchaeia;o__JABLTI01;f__JABLTI01;g__JABLTI01;s__JABLTI01 sp019056785	98.72	0.896	d__Archaea;p__Asgardarchaeota;c__Heimdallarchaeia;o__JABLTI01;f__JABLTI01;g__JABLTI01;s__	taxonomic classification defined by topology and ANI	topological placement and ANI have congruent species assignments	N/A	86.86	11	N/A	N/A
D4993_C5_LG_Bin_387_clean	d__Archaea;p__Asgardarchaeota;c__Thorarchaeia;o__Thorarchaeales;f__Thorarchaeaceae;g__MP8T-1;s__	N/A	N/A	N/A	N/A	N/A	N/A	N/A	N/A	N/A	N/A	d__Archaea;p__Asgardarchaeota;c__Thorarchaeia;o__Thorarchaeales;f__Thorarchaeaceae;g__MP8T-1;s__	taxonomic classification fully defined by topology	N/A	N/A	72.48	11	0.9637	N/A
D4993_C5_LG_Bin_413_clean	d__Archaea;p__Asgardarchaeota;c__Heimdallarchaeia;o__Heimdallarchaeales;f__Heimdallarchaeaceae;g__UBA460;s__	N/A	N/A	N/A	N/A	N/A	N/A	N/A	N/A	N/A	N/A	d__Archaea;p__Asgardarchaeota;c__Heimdallarchaeia;o__Heimdallarchaeales;f__Heimdallarchaeaceae;g__UBA460;s__	taxonomic classification defined by topology and ANI	N/A	GCA_023705945.1, s__UBA460 sp023705945, 95.0, 86.43, 0.321; GCA_030668875.1, s__UBA460 sp030668875, 95.0, 85.65, 0.344; GCA_018238545.1, s__UBA460 sp018238545, 95.0, 85.58, 0.361; GCA_030611665.1, s__UBA460 sp030611665, 95.0, 85.19, 0.349; GCA_023705905.1, s__UBA460 sp023705905, 95.0, 84.69, 0.252	87.92	11	0.96413	N/A
D4993_C5_LG_Bin_429	d__Archaea;p__Asgardarchaeota;c__Odinarchaeia;o__Odinarchaeales;f__Odinarchaeaceae;g__;s__	N/A	N/A	N/A	N/A	N/A	N/A	N/A	N/A	N/A	N/A	d__Archaea;p__Asgardarchaeota;c__;o__;f__;g__;s__	taxonomic novelty determined using RED	N/A	N/A	63.22	11	0.67593	N/A
D4993_C5_LG_Bin_447	d__Archaea;p__Asgardarchaeota;c__Lokiarchaeia;o__Sigynarchaeales;f__SOKP01;g__SOKP01;s__	N/A	N/A	N/A	N/A	N/A	N/A	N/A	N/A	N/A	N/A	d__Archaea;p__Asgardarchaeota;c__Lokiarchaeia;o__Sigynarchaeales;f__SOKP01;g__SOKP01;s__	taxonomic classification defined by topology and ANI	N/A	GCA_019894815.1, s__SOKP01 sp019894815, 95.0, 92.3, 0.522; GCA_030667705.1, s__SOKP01 sp030667705, 95.0, 91.36, 0.498; GCA_019894955.1, s__SOKP01 sp019894955, 95.0, 85.9, 0.264	74.19	11	0.98347	Genome not assigned to closest species as it falls outside its pre-defined ANI radius
D4993_C5_LG_Bin_498	d__Archaea;p__Asgardarchaeota;c__Lokiarchaeia;o__Sigynarchaeales;f__MK-D1;g__;s__	N/A	N/A	N/A	N/A	N/A	N/A	N/A	N/A	N/A	N/A	d__Archaea;p__Asgardarchaeota;c__Lokiarchaeia;o__Sigynarchaeales;f__MK-D1;g__;s__	taxonomic classification fully defined by topology	N/A	N/A	76.94	11	0.76795	N/A
D4993_C5_LG_Bin_529	d__Archaea;p__Asgardarchaeota;c__Lokiarchaeia;o__Sigynarchaeales;f__SOKP01;g__JALGVJ01;s__	N/A	N/A	N/A	N/A	N/A	GCA_029838195.1	95.0	d__Archaea;p__Asgardarchaeota;c__Lokiarchaeia;o__Sigynarchaeales;f__SOKP01;g__JALGVJ01;s__JALGVJ01 sp029838195	88.28	0.385	d__Archaea;p__Asgardarchaeota;c__Lokiarchaeia;o__Sigynarchaeales;f__SOKP01;g__;s__	taxonomic classification defined by topology and ANI	N/A	N/A	72.07	11	0.9803	N/A
D4993_C5_LG_Bin_530	d__Archaea;p__Asgardarchaeota;c__Thorarchaeia;o__Thorarchaeales;f__Thorarchaeaceae;g__B65-G9;s__	N/A	N/A	N/A	N/A	N/A	GCA_021498125.1	95.0	d__Archaea;p__Asgardarchaeota;c__Thorarchaeia;o__Thorarchaeales;f__Thorarchaeaceae;g__B65-G9;s__B65-G9 sp021498125	89.33	0.627	d__Archaea;p__Asgardarchaeota;c__Thorarchaeia;o__Thorarchaeales;f__Thorarchaeaceae;g__B65-G9;s__	taxonomic classification defined by topology and ANI	N/A	N/A	90.82	11	0.98419	Genome not assigned to closest species as it falls outside its pre-defined ANI radius
D4993_C5_LG_Bin_604	d__Archaea;p__Asgardarchaeota;c__Lokiarchaeia;o__Helarchaeales;f__RDOG01;g__;s__	N/A	N/A	N/A	N/A	N/A	N/A	N/A	N/A	N/A	N/A	d__Archaea;p__Asgardarchaeota;c__Lokiarchaeia;o__Helarchaeales;f__;g__;s__	taxonomic novelty determined using RED	N/A	N/A	63.61	11	0.71497	N/A
D4993_C5_LG_Bin_609	d__Archaea;p__Asgardarchaeota;c__Lokiarchaeia;o__Sigynarchaeales;f__Sigynarchaeaceae;g__;s__	N/A	N/A	N/A	N/A	N/A	N/A	N/A	N/A	N/A	N/A	d__Archaea;p__Asgardarchaeota;c__Lokiarchaeia;o__Sigynarchaeales;f__Sigynarchaeaceae;g__;s__	taxonomic novelty determined using RED	N/A	N/A	83.42	11	0.82208	N/A
D4993_C5_LG_Bin_705_clean	d__Archaea;p__Asgardarchaeota;c__Lokiarchaeia;o__Sigynarchaeales;f__SOKP01;g__;s__	N/A	N/A	N/A	N/A	N/A	N/A	N/A	N/A	N/A	N/A	d__Archaea;p__Asgardarchaeota;c__Lokiarchaeia;o__Sigynarchaeales;f__SOKP01;g__;s__	taxonomic classification fully defined by topology	N/A	N/A	79.94	11	0.80353	N/A
D4993_C5_LG_Bin_732	d__Archaea;p__Asgardarchaeota;c__Asgardarchaeia;o__;f__;g__;s__	N/A	N/A	N/A	N/A	N/A	N/A	N/A	N/A	N/A	N/A	d__Archaea;p__Asgardarchaeota;c__;o__;f__;g__;s__	taxonomic novelty determined using RED	N/A	N/A	57.1	11	0.33627	N/A
D4993_C5_LG_Bin_739_clean	d__Archaea;p__Asgardarchaeota;c__Heimdallarchaeia;o__Heimdallarchaeales;f__Heimdallarchaeaceae;g__;s__	N/A	N/A	N/A	N/A	N/A	N/A	N/A	N/A	N/A	N/A	d__Archaea;p__Asgardarchaeota;c__Heimdallarchaeia;o__Heimdallarchaeales;f__Heimdallarchaeaceae;g__;s__	taxonomic classification fully defined by topology	N/A	N/A	86.81	11	0.80596	N/A
D4994_C39_H1_Bin_122	d__Archaea;p__Asgardarchaeota;c__Lokiarchaeia;o__Sigynarchaeales;f__MK-D1;g__;s__	N/A	N/A	N/A	N/A	N/A	N/A	N/A	N/A	N/A	N/A	d__Archaea;p__Asgardarchaeota;c__Lokiarchaeia;o__Sigynarchaeales;f__MK-D1;g__;s__	taxonomic classification fully defined by topology	N/A	N/A	59.54	11	0.86667	N/A
D4994_C39_H1_Bin_188	d__Archaea;p__Asgardarchaeota;c__Lokiarchaeia;o__Sigynarchaeales;f__MK-D1;g__Harpocratesius;s__	N/A	N/A	N/A	N/A	N/A	GCA_018238965.1	95.0	d__Archaea;p__Asgardarchaeota;c__Lokiarchaeia;o__Sigynarchaeales;f__MK-D1;g__Harpocratesius;s__Harpocratesius sp018238965	87.61	0.302	d__Archaea;p__Asgardarchaeota;c__Lokiarchaeia;o__Sigynarchaeales;f__MK-D1;g__Harpocratesius;s__	taxonomic classification defined by topology and ANI	N/A	N/A	73.33	11	0.99093	N/A
D4994_C39_H1_Bin_225	d__Archaea;p__Asgardarchaeota;c__Thorarchaeia;o__Thorarchaeales;f__Thorarchaeaceae;g__MP8T-1;s__	N/A	N/A	N/A	N/A	N/A	N/A	N/A	N/A	N/A	N/A	d__Archaea;p__Asgardarchaeota;c__Thorarchaeia;o__Thorarchaeales;f__Thorarchaeaceae;g__MP8T-1;s__	taxonomic classification fully defined by topology	N/A	N/A	80.1	11	0.96004	N/A
D4994_C39_H1_Bin_261	d__Archaea;p__Asgardarchaeota;c__Lokiarchaeia;o__Sigynarchaeales;f__MK-D1;g__Prometheoarchaeum;s__	N/A	N/A	N/A	N/A	N/A	N/A	N/A	N/A	N/A	N/A	d__Archaea;p__Asgardarchaeota;c__Lokiarchaeia;o__Sigynarchaeales;f__MK-D1;g__;s__	taxonomic novelty determined using RED	N/A	N/A	67.38	11	0.91517	N/A
D4994_C39_H1_Bin_316	d__Archaea;p__Asgardarchaeota;c__Heimdallarchaeia;o__Heimdallarchaeales;f__Heimdallarchaeaceae;g__UBA460;s__	N/A	N/A	N/A	N/A	N/A	N/A	N/A	N/A	N/A	N/A	d__Archaea;p__Asgardarchaeota;c__Heimdallarchaeia;o__Heimdallarchaeales;f__Heimdallarchaeaceae;g__UBA460;s__	taxonomic classification defined by topology and ANI	N/A	GCA_023705945.1, s__UBA460 sp023705945, 95.0, 86.62, 0.325; GCA_018238545.1, s__UBA460 sp018238545, 95.0, 85.64, 0.352; GCA_030611665.1, s__UBA460 sp030611665, 95.0, 85.47, 0.348; GCA_030668875.1, s__UBA460 sp030668875, 95.0, 85.18, 0.319; GCA_023705905.1, s__UBA460 sp023705905, 95.0, 84.44, 0.252	90.19	11	0.96292	N/A
D4994_C39_H1_Bin_319	d__Archaea;p__Asgardarchaeota;c__Lokiarchaeia;o__Sigynarchaeales;f__;g__;s__	N/A	N/A	N/A	N/A	N/A	N/A	N/A	N/A	N/A	N/A	d__Archaea;p__Asgardarchaeota;c__Lokiarchaeia;o__Sigynarchaeales;f__;g__;s__	taxonomic novelty determined using RED	N/A	N/A	94.9	11	0.6309	N/A
D4994_C39_H1_Bin_33	d__Archaea;p__Asgardarchaeota;c__Lokiarchaeia;o__Sigynarchaeales;f__Sigynarchaeaceae;g__WJJB01;s__	N/A	N/A	N/A	N/A	N/A	N/A	N/A	N/A	N/A	N/A	d__Archaea;p__Asgardarchaeota;c__Lokiarchaeia;o__Sigynarchaeales;f__Sigynarchaeaceae;g__;s__	taxonomic novelty determined using RED	N/A	N/A	83.78	11	0.85416	N/A
D4994_C39_H1_Bin_335	d__Archaea;p__Asgardarchaeota;c__Lokiarchaeia;o__Sigynarchaeales;f__SOKP01;g__JALGVJ01;s__	N/A	N/A	N/A	N/A	N/A	GCA_029838195.1	95.0	d__Archaea;p__Asgardarchaeota;c__Lokiarchaeia;o__Sigynarchaeales;f__SOKP01;g__JALGVJ01;s__JALGVJ01 sp029838195	88.99	0.429	d__Archaea;p__Asgardarchaeota;c__Lokiarchaeia;o__Sigynarchaeales;f__SOKP01;g__;s__	taxonomic classification defined by topology and ANI	N/A	N/A	80.15	11	0.97925	N/A
D4994_C39_H1_Bin_37	d__Archaea;p__Asgardarchaeota;c__Lokiarchaeia;o__Sigynarchaeales;f__MK-D1;g__;s__	N/A	N/A	N/A	N/A	N/A	N/A	N/A	N/A	N/A	N/A	d__Archaea;p__Asgardarchaeota;c__Lokiarchaeia;o__Sigynarchaeales;f__MK-D1;g__;s__	taxonomic novelty determined using RED	N/A	N/A	84.82	11	0.81596	N/A
D4994_C39_H1_Bin_371	d__Archaea;p__Asgardarchaeota;c__Lokiarchaeia;o__Sigynarchaeales;f__SOKP01;g__SOKP01;s__	N/A	N/A	N/A	N/A	N/A	N/A	N/A	N/A	N/A	N/A	d__Archaea;p__Asgardarchaeota;c__Lokiarchaeia;o__Sigynarchaeales;f__SOKP01;g__SOKP01;s__	taxonomic classification defined by topology and ANI	N/A	GCA_019894815.1, s__SOKP01 sp019894815, 95.0, 88.04, 0.343; GCA_030667705.1, s__SOKP01 sp030667705, 95.0, 86.59, 0.321; GCA_019894955.1, s__SOKP01 sp019894955, 95.0, 84.66, 0.197	73.77	11	0.96728	N/A
D4994_C39_H1_Bin_436	d__Archaea;p__Asgardarchaeota;c__Heimdallarchaeia;o__Heimdallarchaeales;f__Heimdallarchaeaceae;g__;s__	N/A	N/A	N/A	N/A	N/A	N/A	N/A	N/A	N/A	N/A	d__Archaea;p__Asgardarchaeota;c__Heimdallarchaeia;o__Heimdallarchaeales;f__Heimdallarchaeaceae;g__;s__	taxonomic novelty determined using RED	N/A	N/A	81.02	11	0.86637	N/A
D4994_C39_H1_Bin_629	d__Archaea;p__Asgardarchaeota;c__Thorarchaeia;o__Thorarchaeales;f__Thorarchaeaceae;g__B65-G9;s__B65-G9 sp003662765	GCA_003662765.1	95.0	d__Archaea;p__Asgardarchaeota;c__Thorarchaeia;o__Thorarchaeales;f__Thorarchaeaceae;g__B65-G9;s__B65-G9 sp003662765	96.0	0.693	GCA_003662765.1	95.0	d__Archaea;p__Asgardarchaeota;c__Thorarchaeia;o__Thorarchaeales;f__Thorarchaeaceae;g__B65-G9;s__B65-G9 sp003662765	96.0	0.693	d__Archaea;p__Asgardarchaeota;c__Thorarchaeia;o__Thorarchaeales;f__Thorarchaeaceae;g__B65-G9;s__	taxonomic classification defined by topology and ANI	topological placement and ANI have congruent species assignments	N/A	51.61	11	N/A	N/A
D4994_C39_H1_Bin_674	d__Archaea;p__Asgardarchaeota;c__Lokiarchaeia;o__Helarchaeales;f__HEL-GB-B;g__HEL-GB-B;s__HEL-GB-B sp005191425	GCA_005191425.1	95.0	d__Archaea;p__Asgardarchaeota;c__Lokiarchaeia;o__Helarchaeales;f__HEL-GB-B;g__HEL-GB-B;s__HEL-GB-B sp005191425	98.82	0.881	GCA_005191425.1	95.0	d__Archaea;p__Asgardarchaeota;c__Lokiarchaeia;o__Helarchaeales;f__HEL-GB-B;g__HEL-GB-B;s__HEL-GB-B sp005191425	98.82	0.881	d__Archaea;p__Asgardarchaeota;c__Lokiarchaeia;o__Helarchaeales;f__;g__;s__	taxonomic classification defined by topology and ANI	topological placement and ANI have congruent species assignments	N/A	86.84	11	N/A	N/A
D4994_C39_H1_Bin_696_clean	d__Archaea;p__Asgardarchaeota;c__Heimdallarchaeia;o__JABLTI01;f__JABLTI01;g__JABLTI01;s__JABLTI01 sp019056785	GCA_019056785.1	95.0	d__Archaea;p__Asgardarchaeota;c__Heimdallarchaeia;o__JABLTI01;f__JABLTI01;g__JABLTI01;s__JABLTI01 sp019056785	98.89	0.924	GCA_019056785.1	95.0	d__Archaea;p__Asgardarchaeota;c__Heimdallarchaeia;o__JABLTI01;f__JABLTI01;g__JABLTI01;s__JABLTI01 sp019056785	98.89	0.924	d__Archaea;p__Asgardarchaeota;c__Heimdallarchaeia;o__JABLTI01;f__JABLTI01;g__JABLTI01;s__	taxonomic classification defined by topology and ANI	topological placement and ANI have congruent species assignments	N/A	77.29	11	N/A	N/A
D4994_C39_H1_Bin_733	d__Archaea;p__Asgardarchaeota;c__Lokiarchaeia;o__Sigynarchaeales;f__Sigynarchaeaceae;g__;s__	N/A	N/A	N/A	N/A	N/A	N/A	N/A	N/A	N/A	N/A	d__Archaea;p__Asgardarchaeota;c__Lokiarchaeia;o__Sigynarchaeales;f__;g__;s__	taxonomic novelty determined using RED	N/A	N/A	87.22	11	0.72858	N/A
D4994_C39_H1_Bin_797	d__Archaea;p__Asgardarchaeota;c__Lokiarchaeia;o__Sigynarchaeales;f__SOKP01;g__SOKP01;s__	N/A	N/A	N/A	N/A	N/A	N/A	N/A	N/A	N/A	N/A	d__Archaea;p__Asgardarchaeota;c__Lokiarchaeia;o__Sigynarchaeales;f__SOKP01;g__SOKP01;s__	taxonomic classification fully defined by topology	N/A	N/A	37.43	11	0.92884	N/A
D4994_C39_H1_Bin_803	d__Archaea;p__Asgardarchaeota;c__Njordarchaeia;o__Njordarchaeales;f__Njordarchaeaceae;g__Njordarchaeum;s__Njordarchaeum guaymaensis	GCA_030587605.2	95.0	d__Archaea;p__Asgardarchaeota;c__Njordarchaeia;o__Njordarchaeales;f__Njordarchaeaceae;g__Njordarchaeum;s__Njordarchaeum guaymaensis	96.73	0.679	GCA_030587605.2	95.0	d__Archaea;p__Asgardarchaeota;c__Njordarchaeia;o__Njordarchaeales;f__Njordarchaeaceae;g__Njordarchaeum;s__Njordarchaeum guaymaensis	96.73	0.679	d__Archaea;p__Asgardarchaeota;c__Njordarchaeia;o__Njordarchaeales;f__Njordarchaeaceae;g__;s__	taxonomic classification defined by topology and ANI	topological placement and ANI have congruent species assignments	N/A	65.72	11	N/A	N/A
D4994_C39_H2_Bin_166	d__Archaea;p__Asgardarchaeota;c__Thorarchaeia;o__Thorarchaeales;f__Thorarchaeaceae;g__B65-G9;s__B65-G9 sp003662765	GCA_003662765.1	95.0	d__Archaea;p__Asgardarchaeota;c__Thorarchaeia;o__Thorarchaeales;f__Thorarchaeaceae;g__B65-G9;s__B65-G9 sp003662765	99.11	0.703	GCA_003662765.1	95.0	d__Archaea;p__Asgardarchaeota;c__Thorarchaeia;o__Thorarchaeales;f__Thorarchaeaceae;g__B65-G9;s__B65-G9 sp003662765	99.11	0.703	d__Archaea;p__Asgardarchaeota;c__Thorarchaeia;o__Thorarchaeales;f__Thorarchaeaceae;g__B65-G9;s__	taxonomic classification defined by topology and ANI	topological placement and ANI have congruent species assignments	N/A	59.39	11	N/A	N/A
D4994_C39_H2_Bin_21	d__Archaea;p__Asgardarchaeota;c__Lokiarchaeia;o__Helarchaeales;f__HEL-GB-A;g__HEL-GB-A;s__HEL-GB-A sp005191415	GCA_005191415.1	95.0	d__Archaea;p__Asgardarchaeota;c__Lokiarchaeia;o__Helarchaeales;f__HEL-GB-A;g__HEL-GB-A;s__HEL-GB-A sp005191415	98.61	0.753	GCA_005191415.1	95.0	d__Archaea;p__Asgardarchaeota;c__Lokiarchaeia;o__Helarchaeales;f__HEL-GB-A;g__HEL-GB-A;s__HEL-GB-A sp005191415	98.61	0.753	d__Archaea;p__Asgardarchaeota;c__Lokiarchaeia;o__Helarchaeales;f__HEL-GB-A;g__;s__	taxonomic classification defined by topology and ANI	topological placement and ANI have congruent species assignments	N/A	72.58	11	N/A	N/A
D4994_C39_H2_Bin_222	d__Archaea;p__Asgardarchaeota;c__Baldrarchaeia;o__Baldrarchaeales;f__DXJG01;g__DXJG01;s__	N/A	N/A	N/A	N/A	N/A	N/A	N/A	N/A	N/A	N/A	d__Archaea;p__Asgardarchaeota;c__Baldrarchaeia;o__Baldrarchaeales;f__DXJG01;g__DXJG01;s__	taxonomic classification defined by topology and ANI	N/A	GCA_016840485.1, s__DXJG01 sp016840485, 95.0, 85.49, 0.165	53.08	11	0.93549	N/A
D4994_C39_H2_Bin_3_clean	d__Archaea;p__Asgardarchaeota;c__Jordiarchaeia;o__Jordiarchaeales;f__Freyrarchaeaceae;g__Freyrarchaeum;s__Freyrarchaeum sp029258835	GCA_029258835.1	95.0	d__Archaea;p__Asgardarchaeota;c__Jordiarchaeia;o__Jordiarchaeales;f__Freyrarchaeaceae;g__Freyrarchaeum;s__Freyrarchaeum sp029258835	98.55	0.681	GCA_029258835.1	95.0	d__Archaea;p__Asgardarchaeota;c__Jordiarchaeia;o__Jordiarchaeales;f__Freyrarchaeaceae;g__Freyrarchaeum;s__Freyrarchaeum sp029258835	98.55	0.681	d__Archaea;p__Asgardarchaeota;c__Jordiarchaeia;o__Jordiarchaeales;f__Freyrarchaeaceae;g__;s__	taxonomic classification defined by topology and ANI	topological placement and ANI have congruent species assignments	N/A	52.96	11	N/A	N/A
D4994_C39_H2_Bin_6_clean	d__Archaea;p__Asgardarchaeota;c__Heimdallarchaeia;o__JABLTI01;f__JABLTI01;g__JABLTI01;s__JABLTI01 sp019056785	GCA_019056785.1	95.0	d__Archaea;p__Asgardarchaeota;c__Heimdallarchaeia;o__JABLTI01;f__JABLTI01;g__JABLTI01;s__JABLTI01 sp019056785	97.8	0.728	GCA_019056785.1	95.0	d__Archaea;p__Asgardarchaeota;c__Heimdallarchaeia;o__JABLTI01;f__JABLTI01;g__JABLTI01;s__JABLTI01 sp019056785	97.8	0.728	d__Archaea;p__Asgardarchaeota;c__Heimdallarchaeia;o__JABLTI01;f__JABLTI01;g__JABLTI01;s__	taxonomic classification defined by topology and ANI	topological placement and ANI have congruent species assignments	N/A	48.97	11	N/A	Genome has more than 13.2% of markers with multiple hits
D4998_C1112_H1_Bin_177	d__Archaea;p__Asgardarchaeota;c__Lokiarchaeia;o__Sigynarchaeales;f__SOKP01;g__SOKP01;s__	N/A	N/A	N/A	N/A	N/A	N/A	N/A	N/A	N/A	N/A	d__Archaea;p__Asgardarchaeota;c__Lokiarchaeia;o__Sigynarchaeales;f__SOKP01;g__SOKP01;s__	taxonomic classification defined by topology and ANI	N/A	GCA_019894815.1, s__SOKP01 sp019894815, 95.0, 92.6, 0.59; GCA_030667705.1, s__SOKP01 sp030667705, 95.0, 91.5, 0.542; GCA_019894955.1, s__SOKP01 sp019894955, 95.0, 85.96, 0.288	84.22	11	0.98158	Genome not assigned to closest species as it falls outside its pre-defined ANI radius
D4998_C1112_H1_Bin_241	d__Archaea;p__Asgardarchaeota;c__Heimdallarchaeia;o__JABLTI01;f__JABLTI01;g__JABLTI01;s__	N/A	N/A	N/A	N/A	N/A	N/A	N/A	N/A	N/A	N/A	d__Archaea;p__Asgardarchaeota;c__Heimdallarchaeia;o__JABLTI01;f__JABLTI01;g__JABLTI01;s__	taxonomic classification fully defined by topology	N/A	N/A	82.19	11	0.92248	N/A
D4998_C1112_H1_Bin_245	d__Archaea;p__Asgardarchaeota;c__Lokiarchaeia;o__Sigynarchaeales;f__SOKP01;g__SOKP01;s__	N/A	N/A	N/A	N/A	N/A	N/A	N/A	N/A	N/A	N/A	d__Archaea;p__Asgardarchaeota;c__Lokiarchaeia;o__Sigynarchaeales;f__SOKP01;g__SOKP01;s__	taxonomic classification fully defined by topology	N/A	N/A	64.14	11	0.92777	N/A
D4998_C1112_H1_Bin_25	d__Archaea;p__Asgardarchaeota;c__Thorarchaeia;o__Thorarchaeales;f__Thorarchaeaceae;g__MP8T-1;s__	N/A	N/A	N/A	N/A	N/A	N/A	N/A	N/A	N/A	N/A	d__Archaea;p__Asgardarchaeota;c__Thorarchaeia;o__Thorarchaeales;f__Thorarchaeaceae;g__MP8T-1;s__	taxonomic classification defined by topology and ANI	N/A	GCA_018238205.1, s__MP8T-1 sp018238205, 95.0, 85.79, 0.212; GCA_030612005.1, s__MP8T-1 sp030612005, 95.0, 85.69, 0.177	62.27	11	0.963	N/A
D4998_C1112_H1_Bin_361	d__Archaea;p__Asgardarchaeota;c__Jordiarchaeia;o__Jordiarchaeales;f__Jordiarchaeaceae;g__;s__	N/A	N/A	N/A	N/A	N/A	N/A	N/A	N/A	N/A	N/A	d__Archaea;p__Asgardarchaeota;c__Jordiarchaeia;o__Jordiarchaeales;f__;g__;s__	taxonomic novelty determined using RED	N/A	N/A	47.3	11	0.80137	N/A
D4998_C1112_H1_Bin_369_clean	d__Archaea;p__Asgardarchaeota;c__Thorarchaeia;o__Thorarchaeales;f__Thorarchaeaceae;g__;s__	N/A	N/A	N/A	N/A	N/A	N/A	N/A	N/A	N/A	N/A	d__Archaea;p__Asgardarchaeota;c__Thorarchaeia;o__Thorarchaeales;f__Thorarchaeaceae;g__;s__	taxonomic novelty determined using RED	N/A	N/A	62.96	11	0.88451	N/A
D4998_C1112_H1_Bin_443	d__Archaea;p__Asgardarchaeota;c__Lokiarchaeia;o__Sigynarchaeales;f__SOKP01;g__JAUWRB01;s__	N/A	N/A	N/A	N/A	N/A	GCA_030610785.1	95.0	d__Archaea;p__Asgardarchaeota;c__Lokiarchaeia;o__Sigynarchaeales;f__SOKP01;g__JAUWRB01;s__JAUWRB01 sp030610785	93.25	0.619	d__Archaea;p__Asgardarchaeota;c__Lokiarchaeia;o__Sigynarchaeales;f__SOKP01;g__;s__	taxonomic classification defined by topology and ANI	N/A	N/A	87.7	11	0.97429	Genome not assigned to closest species as it falls outside its pre-defined ANI radius
D4998_C1112_H1_Bin_477	d__Archaea;p__Asgardarchaeota;c__Heimdallarchaeia;o__JABLTI01;f__JABLTI01;g__JABLTI01;s__JABLTI01 sp019056785	GCA_019056785.1	95.0	d__Archaea;p__Asgardarchaeota;c__Heimdallarchaeia;o__JABLTI01;f__JABLTI01;g__JABLTI01;s__JABLTI01 sp019056785	98.76	0.904	GCA_019056785.1	95.0	d__Archaea;p__Asgardarchaeota;c__Heimdallarchaeia;o__JABLTI01;f__JABLTI01;g__JABLTI01;s__JABLTI01 sp019056785	98.76	0.904	d__Archaea;p__Asgardarchaeota;c__Heimdallarchaeia;o__JABLTI01;f__JABLTI01;g__JABLTI01;s__	taxonomic classification defined by topology and ANI	topological placement and ANI have congruent species assignments	N/A	85.2	11	N/A	N/A
D4998_C1112_H1_Bin_488	d__Archaea;p__Asgardarchaeota;c__Heimdallarchaeia;o__Heimdallarchaeales;f__Heimdallarchaeaceae;g__UBA460;s__	N/A	N/A	N/A	N/A	N/A	N/A	N/A	N/A	N/A	N/A	d__Archaea;p__Asgardarchaeota;c__Heimdallarchaeia;o__Heimdallarchaeales;f__Heimdallarchaeaceae;g__UBA460;s__	taxonomic classification defined by topology and ANI	N/A	GCA_030668875.1, s__UBA460 sp030668875, 95.0, 86.82, 0.51; GCA_018238545.1, s__UBA460 sp018238545, 95.0, 86.75, 0.506; GCA_030611665.1, s__UBA460 sp030611665, 95.0, 86.68, 0.462; GCA_023705945.1, s__UBA460 sp023705945, 95.0, 86.58, 0.572; GCA_023705905.1, s__UBA460 sp023705905, 95.0, 85.44, 0.413	73.17	11	0.96348	Genome not assigned to closest species as it falls outside its pre-defined ANI radius
D4998_C1112_H2_Bin_131_clean	d__Archaea;p__Asgardarchaeota;c__Lokiarchaeia;o__Sigynarchaeales;f__MK-D1;g__;s__	N/A	N/A	N/A	N/A	N/A	N/A	N/A	N/A	N/A	N/A	d__Archaea;p__Asgardarchaeota;c__Lokiarchaeia;o__Sigynarchaeales;f__MK-D1;g__;s__	taxonomic classification fully defined by topology	N/A	N/A	49.24	11	0.86781	N/A
D4998_C1112_H2_Bin_190_clean	d__Archaea;p__Asgardarchaeota;c__Lokiarchaeia;o__Sigynarchaeales;f__SOKP01;g__JALGVJ01;s__	N/A	N/A	N/A	N/A	N/A	GCA_029838195.1	95.0	d__Archaea;p__Asgardarchaeota;c__Lokiarchaeia;o__Sigynarchaeales;f__SOKP01;g__JALGVJ01;s__JALGVJ01 sp029838195	89.61	0.433	d__Archaea;p__Asgardarchaeota;c__Lokiarchaeia;o__Sigynarchaeales;f__SOKP01;g__;s__	taxonomic classification defined by topology and ANI	N/A	N/A	74.82	11	0.97893	N/A
D4998_C1112_H2_Bin_232	d__Archaea;p__Asgardarchaeota;c__Baldrarchaeia;o__Baldrarchaeales;f__Baldrarchaeaceae;g__Baldrarchaeum;s__Baldrarchaeum yapensis	GCA_016840465.1	95.0	d__Archaea;p__Asgardarchaeota;c__Baldrarchaeia;o__Baldrarchaeales;f__Baldrarchaeaceae;g__Baldrarchaeum;s__Baldrarchaeum yapensis	99.86	0.978	GCA_016840465.1	95.0	d__Archaea;p__Asgardarchaeota;c__Baldrarchaeia;o__Baldrarchaeales;f__Baldrarchaeaceae;g__Baldrarchaeum;s__Baldrarchaeum yapensis	99.86	0.978	d__Archaea;p__Asgardarchaeota;c__Baldrarchaeia;o__Baldrarchaeales;f__;g__;s__	taxonomic classification defined by topology and ANI	topological placement and ANI have congruent species assignments	N/A	85.91	11	N/A	N/A
D4998_C1112_H2_Bin_233	d__Archaea;p__Asgardarchaeota;c__Thorarchaeia;o__Thorarchaeales;f__Thorarchaeaceae;g__B65-G9;s__B65-G9 sp003662765	GCA_003662765.1	95.0	d__Archaea;p__Asgardarchaeota;c__Thorarchaeia;o__Thorarchaeales;f__Thorarchaeaceae;g__B65-G9;s__B65-G9 sp003662765	95.88	0.761	GCA_003662765.1	95.0	d__Archaea;p__Asgardarchaeota;c__Thorarchaeia;o__Thorarchaeales;f__Thorarchaeaceae;g__B65-G9;s__B65-G9 sp003662765	95.88	0.761	d__Archaea;p__Asgardarchaeota;c__Thorarchaeia;o__Thorarchaeales;f__Thorarchaeaceae;g__B65-G9;s__	taxonomic classification defined by topology and ANI	topological placement and ANI have congruent species assignments	N/A	76.0	11	N/A	N/A
D4998_C1112_H2_Bin_270	d__Archaea;p__Asgardarchaeota;c__Heimdallarchaeia;o__Heimdallarchaeales;f__Heimdallarchaeaceae;g__;s__	N/A	N/A	N/A	N/A	N/A	N/A	N/A	N/A	N/A	N/A	d__Archaea;p__Asgardarchaeota;c__Heimdallarchaeia;o__Heimdallarchaeales;f__Heimdallarchaeaceae;g__;s__	taxonomic novelty determined using RED	N/A	N/A	44.08	11	0.86106	N/A
D4998_C1112_H2_Bin_413	d__Archaea;p__Asgardarchaeota;c__Lokiarchaeia;o__Sigynarchaeales;f__Sigynarchaeaceae;g__;s__	N/A	N/A	N/A	N/A	N/A	N/A	N/A	N/A	N/A	N/A	d__Archaea;p__Asgardarchaeota;c__Lokiarchaeia;o__Sigynarchaeales;f__;g__;s__	taxonomic novelty determined using RED	N/A	N/A	82.14	11	0.74068	N/A
D4998_C1112_H2_Bin_434	d__Archaea;p__Asgardarchaeota;c__Njordarchaeia;o__Njordarchaeales;f__Njordarchaeaceae;g__Njordarchaeum;s__Njordarchaeum guaymaensis	GCA_030587605.2	95.0	d__Archaea;p__Asgardarchaeota;c__Njordarchaeia;o__Njordarchaeales;f__Njordarchaeaceae;g__Njordarchaeum;s__Njordarchaeum guaymaensis	96.82	0.727	GCA_030587605.2	95.0	d__Archaea;p__Asgardarchaeota;c__Njordarchaeia;o__Njordarchaeales;f__Njordarchaeaceae;g__Njordarchaeum;s__Njordarchaeum guaymaensis	96.82	0.727	d__Archaea;p__Asgardarchaeota;c__Njordarchaeia;o__Njordarchaeales;f__Njordarchaeaceae;g__;s__	taxonomic classification defined by topology and ANI	topological placement and ANI have congruent species assignments	N/A	54.43	11	N/A	N/A
D4998_C1112_H2_Bin_445	d__Archaea;p__Asgardarchaeota;c__Lokiarchaeia;o__Sigynarchaeales;f__SOKP01;g__SOKP01;s__	N/A	N/A	N/A	N/A	N/A	N/A	N/A	N/A	N/A	N/A	d__Archaea;p__Asgardarchaeota;c__Lokiarchaeia;o__Sigynarchaeales;f__SOKP01;g__SOKP01;s__	taxonomic classification fully defined by topology	N/A	N/A	76.82	11	0.9281	N/A
D4998_C1112_H2_Bin_450	d__Archaea;p__Asgardarchaeota;c__Lokiarchaeia;o__Sigynarchaeales;f__SOKP01;g__SOKP01;s__	N/A	N/A	N/A	N/A	N/A	N/A	N/A	N/A	N/A	N/A	d__Archaea;p__Asgardarchaeota;c__Lokiarchaeia;o__Sigynarchaeales;f__SOKP01;g__SOKP01;s__	taxonomic classification defined by topology and ANI	N/A	GCA_019894815.1, s__SOKP01 sp019894815, 95.0, 92.21, 0.491; GCA_030667705.1, s__SOKP01 sp030667705, 95.0, 91.57, 0.518; GCA_019894955.1, s__SOKP01 sp019894955, 95.0, 85.63, 0.246	61.29	11	0.98218	Genome not assigned to closest species as it falls outside its pre-defined ANI radius
D4998_C1112_H2_Bin_516	d__Archaea;p__Asgardarchaeota;c__Njordarchaeia;o__Njordarchaeales;f__Njordarchaeaceae;g__JAHKLG01;s__JAHKLG01 sp029856625	GCA_029856625.1	95.0	d__Archaea;p__Asgardarchaeota;c__Njordarchaeia;o__Njordarchaeales;f__Njordarchaeaceae;g__JAHKLG01;s__JAHKLG01 sp029856625	98.94	0.886	GCA_029856625.1	95.0	d__Archaea;p__Asgardarchaeota;c__Njordarchaeia;o__Njordarchaeales;f__Njordarchaeaceae;g__JAHKLG01;s__JAHKLG01 sp029856625	98.94	0.886	d__Archaea;p__Asgardarchaeota;c__Njordarchaeia;o__Njordarchaeales;f__Njordarchaeaceae;g__;s__	taxonomic classification defined by topology and ANI	topological placement and ANI have congruent species assignments	N/A	76.92	11	N/A	N/A
D4998_C1112_H2_Bin_52	d__Archaea;p__Asgardarchaeota;c__Asgardarchaeia;o__Asgardarchaeales;f__;g__;s__	N/A	N/A	N/A	N/A	N/A	N/A	N/A	N/A	N/A	N/A	d__Archaea;p__Asgardarchaeota;c__;o__;f__;g__;s__	taxonomic novelty determined using RED	N/A	N/A	91.22	11	0.59152	N/A
D4998_C1112_H2_Bin_592_clean	d__Archaea;p__Asgardarchaeota;c__Baldrarchaeia;o__Baldrarchaeales;f__DXJG01;g__DXJG01;s__	N/A	N/A	N/A	N/A	N/A	GCA_021158895.1	95.0	d__Archaea;p__Asgardarchaeota;c__Baldrarchaeia;o__Baldrarchaeales;f__DXJG01;g__DXJG01;s__DXJG01 sp021158895	94.9	0.521	d__Archaea;p__Asgardarchaeota;c__Baldrarchaeia;o__Baldrarchaeales;f__DXJG01;g__DXJG01;s__	taxonomic classification defined by topology and ANI	N/A	GCA_016840485.1, s__DXJG01 sp016840485, 95.0, 92.63, 0.734	82.0	11	0.98305	Genome not assigned to closest species as it falls outside its pre-defined ANI radius
D4998_C1112_H2_Bin_601	d__Archaea;p__Asgardarchaeota;c__Heimdallarchaeia;o__JABLTI01;f__JABLTI01;g__JABLTI01;s__JABLTI01 sp019056785	GCA_019056785.1	95.0	d__Archaea;p__Asgardarchaeota;c__Heimdallarchaeia;o__JABLTI01;f__JABLTI01;g__JABLTI01;s__JABLTI01 sp019056785	98.89	0.9	GCA_019056785.1	95.0	d__Archaea;p__Asgardarchaeota;c__Heimdallarchaeia;o__JABLTI01;f__JABLTI01;g__JABLTI01;s__JABLTI01 sp019056785	98.89	0.9	d__Archaea;p__Asgardarchaeota;c__Heimdallarchaeia;o__JABLTI01;f__JABLTI01;g__JABLTI01;s__	taxonomic classification defined by topology and ANI	topological placement and ANI have congruent species assignments	N/A	83.78	11	N/A	N/A
D4998_C1112_H2_Bin_606_clean	d__Archaea;p__Asgardarchaeota;c__Thorarchaeia;o__Thorarchaeales;f__Thorarchaeaceae;g__MP8T-1;s__	N/A	N/A	N/A	N/A	N/A	N/A	N/A	N/A	N/A	N/A	d__Archaea;p__Asgardarchaeota;c__Thorarchaeia;o__Thorarchaeales;f__Thorarchaeaceae;g__MP8T-1;s__	taxonomic classification fully defined by topology	N/A	N/A	86.27	11	0.96308	N/A
D4998_C1112_H2_Bin_646	d__Archaea;p__Asgardarchaeota;c__Heimdallarchaeia;o__Heimdallarchaeales;f__Heimdallarchaeaceae;g__UBA460;s__	N/A	N/A	N/A	N/A	N/A	N/A	N/A	N/A	N/A	N/A	d__Archaea;p__Asgardarchaeota;c__Heimdallarchaeia;o__Heimdallarchaeales;f__Heimdallarchaeaceae;g__UBA460;s__	taxonomic classification defined by topology and ANI	N/A	GCA_023705945.1, s__UBA460 sp023705945, 95.0, 86.64, 0.339; GCA_030611665.1, s__UBA460 sp030611665, 95.0, 85.4, 0.369; GCA_018238545.1, s__UBA460 sp018238545, 95.0, 85.23, 0.36; GCA_030668875.1, s__UBA460 sp030668875, 95.0, 84.93, 0.328; GCA_023705905.1, s__UBA460 sp023705905, 95.0, 84.64, 0.256	94.15	11	0.96296	N/A
D4998_C1112_H2_Bin_74	d__Archaea;p__Asgardarchaeota;c__Thorarchaeia;o__Thorarchaeales;f__Thorarchaeaceae;g__MP8T-1;s__	N/A	N/A	N/A	N/A	N/A	N/A	N/A	N/A	N/A	N/A	d__Archaea;p__Asgardarchaeota;c__Thorarchaeia;o__Thorarchaeales;f__Thorarchaeaceae;g__MP8T-1;s__	taxonomic classification defined by topology and ANI	N/A	GCA_018238825.1, s__MP8T-1 sp018238825, 95.0, 90.81, 0.371; GCA_018238205.1, s__MP8T-1 sp018238205, 95.0, 90.6, 0.479; GCA_030612005.1, s__MP8T-1 sp030612005, 95.0, 90.08, 0.441	48.05	11	0.98863	N/A
D4998_C1112_H2_Bin_75	d__Archaea;p__Asgardarchaeota;c__Jordiarchaeia;o__Jordiarchaeales;f__Freyrarchaeaceae;g__Freyrarchaeum;s__Freyrarchaeum sp029258835	GCA_029258835.1	95.0	d__Archaea;p__Asgardarchaeota;c__Jordiarchaeia;o__Jordiarchaeales;f__Freyrarchaeaceae;g__Freyrarchaeum;s__Freyrarchaeum sp029258835	98.72	0.674	GCA_029258835.1	95.0	d__Archaea;p__Asgardarchaeota;c__Jordiarchaeia;o__Jordiarchaeales;f__Freyrarchaeaceae;g__Freyrarchaeum;s__Freyrarchaeum sp029258835	98.72	0.674	d__Archaea;p__Asgardarchaeota;c__Jordiarchaeia;o__Jordiarchaeales;f__Freyrarchaeaceae;g__;s__	taxonomic classification defined by topology and ANI	topological placement and ANI have congruent species assignments	N/A	68.63	11	N/A	N/A
D4998_C1112_H3_Bin_205	d__Archaea;p__Asgardarchaeota;c__Baldrarchaeia;o__Baldrarchaeales;f__DXJG01;g__DXJG01;s__	N/A	N/A	N/A	N/A	N/A	GCA_021158895.1	95.0	d__Archaea;p__Asgardarchaeota;c__Baldrarchaeia;o__Baldrarchaeales;f__DXJG01;g__DXJG01;s__DXJG01 sp021158895	94.66	0.725	d__Archaea;p__Asgardarchaeota;c__Baldrarchaeia;o__Baldrarchaeales;f__DXJG01;g__DXJG01;s__	taxonomic classification defined by topology and ANI	N/A	GCA_016840485.1, s__DXJG01 sp016840485, 95.0, 91.84, 0.634	85.7	11	0.98775	Genome not assigned to closest species as it falls outside its pre-defined ANI radius
D4998_C1112_H3_Bin_254	d__Archaea;p__Asgardarchaeota;c__Njordarchaeia;o__Njordarchaeales;f__Njordarchaeaceae;g__JAHKLG01;s__	N/A	N/A	N/A	N/A	N/A	N/A	N/A	N/A	N/A	N/A	d__Archaea;p__Asgardarchaeota;c__Njordarchaeia;o__Njordarchaeales;f__Njordarchaeaceae;g__;s__	taxonomic novelty determined using RED	N/A	N/A	69.82	11	0.93551	N/A
D4998_C1112_H3_Bin_265	d__Archaea;p__Asgardarchaeota;c__Asgardarchaeia;o__Asgardarchaeales;f__;g__;s__	N/A	N/A	N/A	N/A	N/A	N/A	N/A	N/A	N/A	N/A	d__Archaea;p__Asgardarchaeota;c__;o__;f__;g__;s__	taxonomic novelty determined using RED	N/A	N/A	75.27	11	0.58381	N/A
D4998_C1112_H3_Bin_32_clean	d__Archaea;p__Asgardarchaeota;c__Jordiarchaeia;o__Jordiarchaeales;f__Freyrarchaeaceae;g__Freyrarchaeum;s__Freyrarchaeum sp029258835	GCA_029258835.1	95.0	d__Archaea;p__Asgardarchaeota;c__Jordiarchaeia;o__Jordiarchaeales;f__Freyrarchaeaceae;g__Freyrarchaeum;s__Freyrarchaeum sp029258835	98.6	0.905	GCA_029258835.1	95.0	d__Archaea;p__Asgardarchaeota;c__Jordiarchaeia;o__Jordiarchaeales;f__Freyrarchaeaceae;g__Freyrarchaeum;s__Freyrarchaeum sp029258835	98.6	0.905	d__Archaea;p__Asgardarchaeota;c__Jordiarchaeia;o__Jordiarchaeales;f__Freyrarchaeaceae;g__;s__	taxonomic classification defined by topology and ANI	topological placement and ANI have congruent species assignments	N/A	92.55	11	N/A	N/A
D4998_C1112_H3_Bin_55_clean	d__Archaea;p__Asgardarchaeota;c__Jordiarchaeia;o__Jordiarchaeales;f__Jordiarchaeaceae;g__;s__	N/A	N/A	N/A	N/A	N/A	N/A	N/A	N/A	N/A	N/A	d__Archaea;p__Asgardarchaeota;c__Jordiarchaeia;o__Jordiarchaeales;f__;g__;s__	taxonomic novelty determined using RED	N/A	N/A	81.42	11	0.79977	N/A
D4998_C1112_H3_Bin_60	d__Archaea;p__Asgardarchaeota;c__Baldrarchaeia;o__Baldrarchaeales;f__Baldrarchaeaceae;g__Baldrarchaeum;s__Baldrarchaeum yapensis	GCA_016840465.1	95.0	d__Archaea;p__Asgardarchaeota;c__Baldrarchaeia;o__Baldrarchaeales;f__Baldrarchaeaceae;g__Baldrarchaeum;s__Baldrarchaeum yapensis	99.79	0.964	GCA_016840465.1	95.0	d__Archaea;p__Asgardarchaeota;c__Baldrarchaeia;o__Baldrarchaeales;f__Baldrarchaeaceae;g__Baldrarchaeum;s__Baldrarchaeum yapensis	99.79	0.964	d__Archaea;p__Asgardarchaeota;c__Baldrarchaeia;o__Baldrarchaeales;f__;g__;s__	taxonomic classification defined by topology and ANI	topological placement and ANI have congruent species assignments	N/A	89.12	11	N/A	N/A
D4998_C1112_H3_Bin_96	d__Archaea;p__Asgardarchaeota;c__Njordarchaeia;o__Njordarchaeales;f__Njordarchaeaceae;g__JAHKLG01;s__JAHKLG01 sp029856625	GCA_029856625.1	95.0	d__Archaea;p__Asgardarchaeota;c__Njordarchaeia;o__Njordarchaeales;f__Njordarchaeaceae;g__JAHKLG01;s__JAHKLG01 sp029856625	98.91	0.86	GCA_029856625.1	95.0	d__Archaea;p__Asgardarchaeota;c__Njordarchaeia;o__Njordarchaeales;f__Njordarchaeaceae;g__JAHKLG01;s__JAHKLG01 sp029856625	98.91	0.86	d__Archaea;p__Asgardarchaeota;c__Njordarchaeia;o__Njordarchaeales;f__Njordarchaeaceae;g__;s__	taxonomic classification defined by topology and ANI	topological placement and ANI have congruent species assignments	N/A	74.22	11	N/A	N/A
D4998_C2223_H1_Bin_197_clean	d__Archaea;p__Asgardarchaeota;c__Lokiarchaeia;o__Sigynarchaeales;f__MK-D1;g__Harpocratesius;s__	N/A	N/A	N/A	N/A	N/A	N/A	N/A	N/A	N/A	N/A	d__Archaea;p__Asgardarchaeota;c__Lokiarchaeia;o__Sigynarchaeales;f__MK-D1;g__Harpocratesius;s__	taxonomic classification fully defined by topology	N/A	N/A	64.52	11	0.98	N/A
D4998_C2223_H1_Bin_209	d__Archaea;p__Asgardarchaeota;c__Lokiarchaeia;o__Sigynarchaeales;f__MK-D1;g__Lokiarchaeum;s__	N/A	N/A	N/A	N/A	N/A	N/A	N/A	N/A	N/A	N/A	d__Archaea;p__Asgardarchaeota;c__Lokiarchaeia;o__Sigynarchaeales;f__MK-D1;g__;s__	taxonomic novelty determined using RED	N/A	N/A	49.54	11	0.90205	N/A
D4998_C2223_H2_Bin_129_clean	d__Archaea;p__Asgardarchaeota;c__Lokiarchaeia;o__Sigynarchaeales;f__MK-D1;g__Harpocratesius;s__	N/A	N/A	N/A	N/A	N/A	N/A	N/A	N/A	N/A	N/A	d__Archaea;p__Asgardarchaeota;c__Lokiarchaeia;o__Sigynarchaeales;f__MK-D1;g__Harpocratesius;s__	taxonomic classification fully defined by topology	N/A	N/A	72.51	11	0.97989	N/A
D4998_C2223_H2_Bin_162_clean	d__Archaea;p__Asgardarchaeota;c__Heimdallarchaeia;o__Heimdallarchaeales;f__Heimdallarchaeaceae;g__UBA460;s__	N/A	N/A	N/A	N/A	N/A	GCA_030611665.1	95.0	d__Archaea;p__Asgardarchaeota;c__Heimdallarchaeia;o__Heimdallarchaeales;f__Heimdallarchaeaceae;g__UBA460;s__UBA460 sp030611665	91.54	0.583	d__Archaea;p__Asgardarchaeota;c__Heimdallarchaeia;o__Heimdallarchaeales;f__Heimdallarchaeaceae;g__UBA460;s__	taxonomic classification defined by topology and ANI	N/A	GCA_023705945.1, s__UBA460 sp023705945, 95.0, 90.93, 0.489; GCA_018238545.1, s__UBA460 sp018238545, 95.0, 88.77, 0.51; GCA_030668875.1, s__UBA460 sp030668875, 95.0, 88.35, 0.428; GCA_023705905.1, s__UBA460 sp023705905, 95.0, 86.85, 0.343	91.89	11	0.9852	Genome not assigned to closest species as it falls outside its pre-defined ANI radius
D4998_C2223_H2_Bin_199	d__Archaea;p__Asgardarchaeota;c__Jordiarchaeia;o__Jordiarchaeales;f__Jordiarchaeaceae;g__;s__	N/A	N/A	N/A	N/A	N/A	N/A	N/A	N/A	N/A	N/A	d__Archaea;p__Asgardarchaeota;c__Jordiarchaeia;o__Jordiarchaeales;f__;g__;s__	taxonomic novelty determined using RED	N/A	N/A	55.67	11	0.80486	N/A
D4998_C2223_H2_Bin_280	d__Archaea;p__Asgardarchaeota;c__Thorarchaeia;o__Thorarchaeales;f__Thorarchaeaceae;g__WTCK01;s__	N/A	N/A	N/A	N/A	N/A	GCA_013138615.1	95.0	d__Archaea;p__Asgardarchaeota;c__Thorarchaeia;o__Thorarchaeales;f__Thorarchaeaceae;g__WTCK01;s__WTCK01 sp013138615	93.84	0.599	d__Archaea;p__Asgardarchaeota;c__Thorarchaeia;o__Thorarchaeales;f__Thorarchaeaceae;g__WTCK01;s__	taxonomic classification defined by topology and ANI	N/A	GCA_030642465.1, s__WTCK01 sp030642465, 95.0, 89.76, 0.508; GCA_019057475.1, s__WTCK01 sp019057475, 95.0, 89.49, 0.627; GCA_023134215.1, s__WTCK01 sp023134215, 95.0, 89.24, 0.496; GCA_018238375.1, s__WTCK01 sp018238375, 95.0, 88.92, 0.464; GCA_030612365.1, s__WTCK01 sp030612365, 95.0, 88.8, 0.465; GCA_030669595.1, s__WTCK01 sp030669595, 95.0, 88.65, 0.447	78.81	11	0.9924	Genome not assigned to closest species as it falls outside its pre-defined ANI radius
D4998_C2223_H2_Bin_321	d__Archaea;p__Asgardarchaeota;c__Heimdallarchaeia;o__JABLTI01;f__JABLTI01;g__JABLTI01;s__JABLTI01 sp030629105	GCA_030629105.1	95.0	d__Archaea;p__Asgardarchaeota;c__Heimdallarchaeia;o__JABLTI01;f__JABLTI01;g__JABLTI01;s__JABLTI01 sp030629105	98.16	0.771	GCA_030629105.1	95.0	d__Archaea;p__Asgardarchaeota;c__Heimdallarchaeia;o__JABLTI01;f__JABLTI01;g__JABLTI01;s__JABLTI01 sp030629105	98.16	0.771	d__Archaea;p__Asgardarchaeota;c__Heimdallarchaeia;o__JABLTI01;f__JABLTI01;g__JABLTI01;s__	taxonomic classification defined by topology and ANI	topological placement and ANI have congruent species assignments	GCA_030671945.1, s__JABLTI01 sp030671945, 95.0, 90.84, 0.483; GCA_013166835.1, s__JABLTI01 sp013166835, 95.0, 90.66, 0.587; GCA_019058165.1, s__JABLTI01 sp019058165, 95.0, 90.58, 0.572	34.95	11	N/A	N/A
D4998_C2223_H2_Bin_358	d__Archaea;p__Asgardarchaeota;c__Thorarchaeia;o__Thorarchaeales;f__Thorarchaeaceae;g__;s__	N/A	N/A	N/A	N/A	N/A	N/A	N/A	N/A	N/A	N/A	d__Archaea;p__Asgardarchaeota;c__Thorarchaeia;o__Thorarchaeales;f__Thorarchaeaceae;g__;s__	taxonomic novelty determined using RED	N/A	N/A	35.05	11	0.88192	N/A
D4998_C2223_H2_Bin_384	d__Archaea;p__Asgardarchaeota;c__Lokiarchaeia;o__Sigynarchaeales;f__MK-D1;g__Lokiarchaeum;s__	N/A	N/A	N/A	N/A	N/A	N/A	N/A	N/A	N/A	N/A	d__Archaea;p__Asgardarchaeota;c__Lokiarchaeia;o__Sigynarchaeales;f__MK-D1;g__;s__	taxonomic novelty determined using RED	N/A	N/A	51.49	11	0.89987	N/A
E29_bin63	d__Archaea;p__Asgardarchaeota;c__Lokiarchaeia;o__Sigynarchaeales;f__SOKP01;g__Loki-b32;s__Loki-b32 sp005223125	GCA_005223125.1	95.0	d__Archaea;p__Asgardarchaeota;c__Lokiarchaeia;o__Sigynarchaeales;f__SOKP01;g__Loki-b32;s__Loki-b32 sp005223125	96.47	0.717	GCA_005223125.1	95.0	d__Archaea;p__Asgardarchaeota;c__Lokiarchaeia;o__Sigynarchaeales;f__SOKP01;g__Loki-b32;s__Loki-b32 sp005223125	96.47	0.717	d__Archaea;p__Asgardarchaeota;c__Lokiarchaeia;o__Sigynarchaeales;f__SOKP01;g__Loki-b32;s__	taxonomic classification defined by topology and ANI	topological placement and ANI have congruent species assignments	GCA_036478875.1, s__Loki-b32 sp036478875, 95.0, 85.54, 0.195; GCA_013375485.1, s__Loki-b32 sp013375485, 95.0, 84.66, 0.197	84.22	11	N/A	N/A
E44_bin6	d__Archaea;p__Asgardarchaeota;c__Thorarchaeia;o__Thorarchaeales;f__Thorarchaeaceae;g__WTCK01;s__	N/A	N/A	N/A	N/A	N/A	N/A	N/A	N/A	N/A	N/A	d__Archaea;p__Asgardarchaeota;c__Thorarchaeia;o__Thorarchaeales;f__Thorarchaeaceae;g__WTCK01;s__	taxonomic classification defined by topology and ANI	N/A	GCA_013138615.1, s__WTCK01 sp013138615, 95.0, 93.16, 0.426; GCA_030642465.1, s__WTCK01 sp030642465, 95.0, 91.79, 0.44; GCA_019057475.1, s__WTCK01 sp019057475, 95.0, 91.32, 0.543; GCA_018238375.1, s__WTCK01 sp018238375, 95.0, 90.72, 0.391; GCA_030669595.1, s__WTCK01 sp030669595, 95.0, 90.67, 0.371; GCA_030612365.1, s__WTCK01 sp030612365, 95.0, 90.5, 0.408; GCA_023134215.1, s__WTCK01 sp023134215, 95.0, 88.49, 0.328	64.46	11	0.9851	Genome not assigned to closest species as it falls outside its pre-defined ANI radius
E44_bin77	d__Archaea;p__Asgardarchaeota;c__Thorarchaeia;o__Thorarchaeales;f__Thorarchaeaceae;g__SMTZ1-45;s__SMTZ1-45 sp004376265	GCA_004376265.1	95.0	d__Archaea;p__Asgardarchaeota;c__Thorarchaeia;o__Thorarchaeales;f__Thorarchaeaceae;g__SMTZ1-45;s__SMTZ1-45 sp004376265	100.0	0.999	GCA_004376265.1	95.0	d__Archaea;p__Asgardarchaeota;c__Thorarchaeia;o__Thorarchaeales;f__Thorarchaeaceae;g__SMTZ1-45;s__SMTZ1-45 sp004376265	100.0	0.999	d__Archaea;p__Asgardarchaeota;c__Thorarchaeia;o__Thorarchaeales;f__Thorarchaeaceae;g__SMTZ1-45;s__	taxonomic classification defined by topology and ANI	topological placement and ANI have congruent species assignments	N/A	87.12	11	N/A	N/A
E44_bin85	d__Archaea;p__Asgardarchaeota;c__Lokiarchaeia;o__Sigynarchaeales;f__SOKP01;g__SOKP01;s__SOKP01 sp004375715	GCA_004375715.1	95.0	d__Archaea;p__Asgardarchaeota;c__Lokiarchaeia;o__Sigynarchaeales;f__SOKP01;g__SOKP01;s__SOKP01 sp004375715	100.0	1.0	GCA_004375715.1	95.0	d__Archaea;p__Asgardarchaeota;c__Lokiarchaeia;o__Sigynarchaeales;f__SOKP01;g__SOKP01;s__SOKP01 sp004375715	100.0	1.0	d__Archaea;p__Asgardarchaeota;c__Lokiarchaeia;o__Sigynarchaeales;f__SOKP01;g__SOKP01;s__	taxonomic classification defined by topology and ANI	topological placement and ANI have congruent species assignments	GCA_030599585.1, s__SOKP01 sp030599585, 95.0, 90.73, 0.582; GCA_029856125.1, s__SOKP01 sp029856125, 95.0, 88.99, 0.448; GCA_030615235.1, s__SOKP01 sp030615235, 95.0, 88.5, 0.308; GCA_019894855.1, s__SOKP01 sp019894855, 95.0, 88.02, 0.456; GCA_035530895.1, s__SOKP01 sp035530895, 95.0, 86.62, 0.314; GCA_019894885.1, s__SOKP01 sp019894885, 95.0, 86.09, 0.266	75.4	11	N/A	N/A
FINAL_SR_VP_26_10_2019_2_100cm_Atabeya_2_FINAL	d__Archaea;p__Asgardarchaeota;c__Atabeyarchaeia;o__Atabeyarchaeales;f__Atabeyarchaeaceae;g__Atabeyarchaeum;s__Atabeyarchaeum deiterrae	GCA_037310415.1	95.0	d__Archaea;p__Asgardarchaeota;c__Atabeyarchaeia;o__Atabeyarchaeales;f__Atabeyarchaeaceae;g__Atabeyarchaeum;s__Atabeyarchaeum deiterrae	100.0	1.0	GCA_037310415.1	95.0	d__Archaea;p__Asgardarchaeota;c__Atabeyarchaeia;o__Atabeyarchaeales;f__Atabeyarchaeaceae;g__Atabeyarchaeum;s__Atabeyarchaeum deiterrae	100.0	1.0	d__Archaea;p__Asgardarchaeota;c__Atabeyarchaeia;o__Atabeyarchaeales;f__Atabeyarchaeaceae;g__;s__	taxonomic classification defined by topology and ANI	topological placement and ANI have congruent species assignments	N/A	96.37	11	N/A	N/A
GBS02	d__Archaea;p__Asgardarchaeota;c__Baldrarchaeia;o__Baldrarchaeales;f__DXJG01;g__DXJG01;s__DXJG01 sp016840485	GCA_016840485.1	95.0	d__Archaea;p__Asgardarchaeota;c__Baldrarchaeia;o__Baldrarchaeales;f__DXJG01;g__DXJG01;s__DXJG01 sp016840485	99.86	0.845	GCA_016840485.1	95.0	d__Archaea;p__Asgardarchaeota;c__Baldrarchaeia;o__Baldrarchaeales;f__DXJG01;g__DXJG01;s__DXJG01 sp016840485	99.86	0.845	d__Archaea;p__Asgardarchaeota;c__Baldrarchaeia;o__Baldrarchaeales;f__DXJG01;g__DXJG01;s__	taxonomic classification defined by topology and ANI	topological placement and ANI have congruent species assignments	GCA_021158895.1, s__DXJG01 sp021158895, 95.0, 93.27, 0.635	75.78	11	N/A	N/A
GBS03	d__Archaea;p__Asgardarchaeota;c__Baldrarchaeia;o__Baldrarchaeales;f__Baldrarchaeaceae;g__Baldrarchaeum;s__Baldrarchaeum yapensis	GCA_016840465.1	95.0	d__Archaea;p__Asgardarchaeota;c__Baldrarchaeia;o__Baldrarchaeales;f__Baldrarchaeaceae;g__Baldrarchaeum;s__Baldrarchaeum yapensis	99.92	0.913	GCA_016840465.1	95.0	d__Archaea;p__Asgardarchaeota;c__Baldrarchaeia;o__Baldrarchaeales;f__Baldrarchaeaceae;g__Baldrarchaeum;s__Baldrarchaeum yapensis	99.92	0.913	d__Archaea;p__Asgardarchaeota;c__Baldrarchaeia;o__Baldrarchaeales;f__;g__;s__	taxonomic classification defined by topology and ANI	topological placement and ANI have congruent species assignments	N/A	89.12	11	N/A	N/A
GBS04	d__Archaea;p__Asgardarchaeota;c__Baldrarchaeia;o__Baldrarchaeales;f__Baldrarchaeaceae;g__Baldrarchaeum;s__Baldrarchaeum yapensis	GCA_016840465.1	95.0	d__Archaea;p__Asgardarchaeota;c__Baldrarchaeia;o__Baldrarchaeales;f__Baldrarchaeaceae;g__Baldrarchaeum;s__Baldrarchaeum yapensis	99.81	0.882	GCA_016840465.1	95.0	d__Archaea;p__Asgardarchaeota;c__Baldrarchaeia;o__Baldrarchaeales;f__Baldrarchaeaceae;g__Baldrarchaeum;s__Baldrarchaeum yapensis	99.81	0.882	d__Archaea;p__Asgardarchaeota;c__Baldrarchaeia;o__Baldrarchaeales;f__;g__;s__	taxonomic classification defined by topology and ANI	topological placement and ANI have congruent species assignments	N/A	87.76	11	N/A	N/A
GBS27	d__Archaea;p__Asgardarchaeota;c__Njordarchaeia;o__Njordarchaeales;f__Njordarchaeaceae;g__JAHQWF01;s__JAHQWF01 sp029856055	GCA_029856055.1	95.0	d__Archaea;p__Asgardarchaeota;c__Njordarchaeia;o__Njordarchaeales;f__Njordarchaeaceae;g__JAHQWF01;s__JAHQWF01 sp029856055	100.0	1.0	GCA_029856055.1	95.0	d__Archaea;p__Asgardarchaeota;c__Njordarchaeia;o__Njordarchaeales;f__Njordarchaeaceae;g__JAHQWF01;s__JAHQWF01 sp029856055	100.0	1.0	d__Archaea;p__Asgardarchaeota;c__Njordarchaeia;o__Njordarchaeales;f__Njordarchaeaceae;g__JAHQWF01;s__	taxonomic classification defined by topology and ANI	topological placement and ANI have congruent species assignments	N/A	62.26	11	N/A	N/A
GCA_001940645_1_ASM194064v1	d__Archaea;p__Asgardarchaeota;c__Heimdallarchaeia;o__Hodarchaeales;f__;g__;s__	N/A	N/A	N/A	N/A	N/A	N/A	N/A	N/A	N/A	N/A	d__Archaea;p__Asgardarchaeota;c__Heimdallarchaeia;o__;f__;g__;s__	taxonomic novelty determined using RED	N/A	N/A	79.53	11	0.56009	N/A
GCA_001940655_1_ASM194065v1	d__Archaea;p__Asgardarchaeota;c__Lokiarchaeia;o__Sigynarchaeales;f__CR-4;g__CR-4;s__CR-4 sp001940655	GCA_001940655.1	95.0	d__Archaea;p__Asgardarchaeota;c__Lokiarchaeia;o__Sigynarchaeales;f__CR-4;g__CR-4;s__CR-4 sp001940655	100.0	0.999	GCA_001940655.1	95.0	d__Archaea;p__Asgardarchaeota;c__Lokiarchaeia;o__Sigynarchaeales;f__CR-4;g__CR-4;s__CR-4 sp001940655	100.0	0.999	d__Archaea;p__Asgardarchaeota;c__Lokiarchaeia;o__Sigynarchaeales;f__;g__;s__	taxonomic classification defined by topology and ANI	topological placement and ANI have congruent species assignments	N/A	66.66	11	N/A	N/A
GCA_001940665_1_ASM194066v1	d__Archaea;p__Asgardarchaeota;c__Odinarchaeia;o__Odinarchaeales;f__Odinarchaeaceae;g__Odinarchaeum;s__Odinarchaeum yellowstonii	GCA_001940665.2	95.0	d__Archaea;p__Asgardarchaeota;c__Odinarchaeia;o__Odinarchaeales;f__Odinarchaeaceae;g__Odinarchaeum;s__Odinarchaeum yellowstonii	99.92	0.994	GCA_001940665.2	95.0	d__Archaea;p__Asgardarchaeota;c__Odinarchaeia;o__Odinarchaeales;f__Odinarchaeaceae;g__Odinarchaeum;s__Odinarchaeum yellowstonii	99.92	0.994	d__Archaea;p__Asgardarchaeota;c__Odinarchaeia;o__Odinarchaeales;f__Odinarchaeaceae;g__Odinarchaeum;s__	taxonomic classification defined by topology and ANI	topological placement and ANI have congruent species assignments	GCA_016839265.1, s__Odinarchaeum sp016839265, 95.0, 81.14, 0.18	97.05	11	N/A	N/A
GCA_001940705_1_ASM194070v1	d__Archaea;p__Asgardarchaeota;c__Thorarchaeia;o__Thorarchaeales;f__Thorarchaeaceae;g__SMTZ1-45;s__SMTZ1-45 sp001940705	GCA_001940705.1	95.0	d__Archaea;p__Asgardarchaeota;c__Thorarchaeia;o__Thorarchaeales;f__Thorarchaeaceae;g__SMTZ1-45;s__SMTZ1-45 sp001940705	100.0	0.999	GCA_001940705.1	95.0	d__Archaea;p__Asgardarchaeota;c__Thorarchaeia;o__Thorarchaeales;f__Thorarchaeaceae;g__SMTZ1-45;s__SMTZ1-45 sp001940705	100.0	0.999	d__Archaea;p__Asgardarchaeota;c__Thorarchaeia;o__Thorarchaeales;f__Thorarchaeaceae;g__SMTZ1-45;s__	taxonomic classification defined by topology and ANI	topological placement and ANI have congruent species assignments	N/A	82.11	11	N/A	N/A
GCA_001940725_1_ASM194072v1	d__Archaea;p__Asgardarchaeota;c__Heimdallarchaeia;o__Heimdallarchaeales;f__Kariarchaeaceae;g__LC-2;s__	N/A	N/A	N/A	N/A	N/A	N/A	N/A	N/A	N/A	N/A	d__Archaea;p__Asgardarchaeota;c__Heimdallarchaeia;o__Heimdallarchaeales;f__Kariarchaeaceae;g__;s__	taxonomic novelty determined using RED	N/A	N/A	66.99	11	0.89887	N/A
GCA_001940755_1_ASM194075v1	d__Archaea;p__Asgardarchaeota;c__Heimdallarchaeia;o__Heimdallarchaeales;f__Heimdallarchaeaceae;g__UBA460;s__UBA460 sp001940755	GCA_001940755.1	95.0	d__Archaea;p__Asgardarchaeota;c__Heimdallarchaeia;o__Heimdallarchaeales;f__Heimdallarchaeaceae;g__UBA460;s__UBA460 sp001940755	100.0	0.999	GCA_001940755.1	95.0	d__Archaea;p__Asgardarchaeota;c__Heimdallarchaeia;o__Heimdallarchaeales;f__Heimdallarchaeaceae;g__UBA460;s__UBA460 sp001940755	100.0	0.999	d__Archaea;p__Asgardarchaeota;c__Heimdallarchaeia;o__Heimdallarchaeales;f__Heimdallarchaeaceae;g__UBA460;s__	taxonomic classification defined by topology and ANI	topological placement and ANI have congruent species assignments	GCA_016840095.1, s__UBA460 sp016840095, 95.0, 85.14, 0.229	75.55	11	N/A	N/A
GCA_002728275_1_ASM272827v1	d__Archaea;p__Asgardarchaeota;c__Heimdallarchaeia;o__Heimdallarchaeales;f__Kariarchaeaceae;g__Kariarchaeum;s__Kariarchaeum pelagium	GCA_002728275.1	95.0	d__Archaea;p__Asgardarchaeota;c__Heimdallarchaeia;o__Heimdallarchaeales;f__Kariarchaeaceae;g__Kariarchaeum;s__Kariarchaeum pelagium	100.0	1.0	GCA_002728275.1	95.0	d__Archaea;p__Asgardarchaeota;c__Heimdallarchaeia;o__Heimdallarchaeales;f__Kariarchaeaceae;g__Kariarchaeum;s__Kariarchaeum pelagium	100.0	1.0	d__Archaea;p__Asgardarchaeota;c__Heimdallarchaeia;o__Heimdallarchaeales;f__Kariarchaeaceae;g__Kariarchaeum;s__	taxonomic classification defined by topology and ANI	topological placement and ANI have congruent species assignments	N/A	83.02	11	N/A	N/A
GCA_002825465_1_ASM282546v1	d__Archaea;p__Asgardarchaeota;c__Thorarchaeia;o__Thorarchaeales;f__Thorarchaeaceae;g__MP8T-1;s__	N/A	N/A	N/A	N/A	N/A	N/A	N/A	N/A	N/A	N/A	d__Archaea;p__Asgardarchaeota;c__Thorarchaeia;o__Thorarchaeales;f__Thorarchaeaceae;g__MP8T-1;s__	taxonomic classification fully defined by topology	N/A	N/A	70.86	11	0.94035	N/A
GCA_002825515_1_ASM282551v1	d__Archaea;p__Asgardarchaeota;c__Thorarchaeia;o__Thorarchaeales;f__Thorarchaeaceae;g__SMTZ1-45;s__	N/A	N/A	N/A	N/A	N/A	GCA_001563335.1	95.0	d__Archaea;p__Asgardarchaeota;c__Thorarchaeia;o__Thorarchaeales;f__Thorarchaeaceae;g__SMTZ1-45;s__SMTZ1-45 sp001563335	85.2	0.253	d__Archaea;p__Asgardarchaeota;c__Thorarchaeia;o__Thorarchaeales;f__Thorarchaeaceae;g__SMTZ1-45;s__	taxonomic classification defined by topology and ANI	N/A	N/A	78.4	11	0.97472	N/A
GCA_002825535_1_ASM282553v1	d__Archaea;p__Asgardarchaeota;c__Thorarchaeia;o__Thorarchaeales;f__Thorarchaeaceae;g__MP8T-1;s__	N/A	N/A	N/A	N/A	N/A	N/A	N/A	N/A	N/A	N/A	d__Archaea;p__Asgardarchaeota;c__Thorarchaeia;o__Thorarchaeales;f__Thorarchaeaceae;g__MP8T-1;s__	taxonomic classification fully defined by topology	N/A	N/A	78.47	11	0.93861	N/A
GCA_003144275_1_ASM314427v1	d__Archaea;p__Asgardarchaeota;c__Heimdallarchaeia;o__Hodarchaeales;f__Hodarchaeaceae;g__Hodarchaeum;s__Hodarchaeum sp003144275	GCA_003144275.1	95.0	d__Archaea;p__Asgardarchaeota;c__Heimdallarchaeia;o__Hodarchaeales;f__Hodarchaeaceae;g__Hodarchaeum;s__Hodarchaeum sp003144275	100.0	1.0	GCA_003144275.1	95.0	d__Archaea;p__Asgardarchaeota;c__Heimdallarchaeia;o__Hodarchaeales;f__Hodarchaeaceae;g__Hodarchaeum;s__Hodarchaeum sp003144275	100.0	1.0	d__Archaea;p__Asgardarchaeota;c__Heimdallarchaeia;o__Hodarchaeales;f__Hodarchaeaceae;g__Hodarchaeum;s__	taxonomic classification defined by topology and ANI	topological placement and ANI have congruent species assignments	GCA_019057635.1, s__Hodarchaeum sp019057635, 95.0, 94.58, 0.701	88.09	11	N/A	N/A
GCA_003662765_1_ASM366276v1	d__Archaea;p__Asgardarchaeota;c__Thorarchaeia;o__Thorarchaeales;f__Thorarchaeaceae;g__B65-G9;s__B65-G9 sp003662765	GCA_003662765.1	95.0	d__Archaea;p__Asgardarchaeota;c__Thorarchaeia;o__Thorarchaeales;f__Thorarchaeaceae;g__B65-G9;s__B65-G9 sp003662765	100.0	0.998	GCA_003662765.1	95.0	d__Archaea;p__Asgardarchaeota;c__Thorarchaeia;o__Thorarchaeales;f__Thorarchaeaceae;g__B65-G9;s__B65-G9 sp003662765	100.0	0.998	d__Archaea;p__Asgardarchaeota;c__Thorarchaeia;o__Thorarchaeales;f__Thorarchaeaceae;g__B65-G9;s__	taxonomic classification defined by topology and ANI	topological placement and ANI have congruent species assignments	N/A	72.5	11	N/A	N/A
GCA_003662775_1_ASM366277v1	d__Archaea;p__Asgardarchaeota;c__Thorarchaeia;o__Thorarchaeales;f__Thorarchaeaceae;g__FT1-004;s__	N/A	N/A	N/A	N/A	N/A	N/A	N/A	N/A	N/A	N/A	d__Archaea;p__Asgardarchaeota;c__Thorarchaeia;o__Thorarchaeales;f__Thorarchaeaceae;g__;s__	taxonomic novelty determined using RED	N/A	N/A	87.01	11	0.90721	N/A
GCA_003662805_1_ASM366280v1	d__Archaea;p__Asgardarchaeota;c__Thorarchaeia;o__Thorarchaeales;f__Thorarchaeaceae;g__B65-G9;s__B65-G9 sp003662765	GCA_003662765.1	95.0	d__Archaea;p__Asgardarchaeota;c__Thorarchaeia;o__Thorarchaeales;f__Thorarchaeaceae;g__B65-G9;s__B65-G9 sp003662765	99.07	0.804	GCA_003662765.1	95.0	d__Archaea;p__Asgardarchaeota;c__Thorarchaeia;o__Thorarchaeales;f__Thorarchaeaceae;g__B65-G9;s__B65-G9 sp003662765	99.07	0.804	d__Archaea;p__Asgardarchaeota;c__Thorarchaeia;o__Thorarchaeales;f__Thorarchaeaceae;g__B65-G9;s__	taxonomic classification defined by topology and ANI	topological placement and ANI have congruent species assignments	N/A	74.56	11	N/A	N/A
GCA_003662815_1_ASM366281v1	d__Archaea;p__Asgardarchaeota;c__Thorarchaeia;o__Thorarchaeales;f__Thorarchaeaceae;g__FT1-004;s__	N/A	N/A	N/A	N/A	N/A	N/A	N/A	N/A	N/A	N/A	d__Archaea;p__Asgardarchaeota;c__Thorarchaeia;o__Thorarchaeales;f__Thorarchaeaceae;g__;s__	taxonomic novelty determined using RED	N/A	N/A	74.71	11	0.90928	N/A
GCA_003662865_1_ASM366286v1	d__Archaea;p__Asgardarchaeota;c__Lokiarchaeia;o__Sigynarchaeales;f__MK-D1;g__Harpocratesius;s__	N/A	N/A	N/A	N/A	N/A	N/A	N/A	N/A	N/A	N/A	d__Archaea;p__Asgardarchaeota;c__Lokiarchaeia;o__Sigynarchaeales;f__MK-D1;g__Harpocratesius;s__	taxonomic classification fully defined by topology	N/A	N/A	65.33	11	0.97302	N/A
GCA_003662875_1_ASM366287v1	d__Archaea;p__Asgardarchaeota;c__Heimdallarchaeia;o__JABLTI01;f__JABLTI01;g__JABLTI01;s__JABLTI01 sp019056785	GCA_019056785.1	95.0	d__Archaea;p__Asgardarchaeota;c__Heimdallarchaeia;o__JABLTI01;f__JABLTI01;g__JABLTI01;s__JABLTI01 sp019056785	99.79	0.911	GCA_019056785.1	95.0	d__Archaea;p__Asgardarchaeota;c__Heimdallarchaeia;o__JABLTI01;f__JABLTI01;g__JABLTI01;s__JABLTI01 sp019056785	99.79	0.911	d__Archaea;p__Asgardarchaeota;c__Heimdallarchaeia;o__JABLTI01;f__JABLTI01;g__JABLTI01;s__	taxonomic classification defined by topology and ANI	topological placement and ANI have congruent species assignments	N/A	66.41	11	N/A	N/A
GCA_003662885_1_ASM366288v1	d__Archaea;p__Asgardarchaeota;c__Heimdallarchaeia;o__JABLTI01;f__JABLTI01;g__JABLTI01;s__JABLTI01 sp019056785	GCA_019056785.1	95.0	d__Archaea;p__Asgardarchaeota;c__Heimdallarchaeia;o__JABLTI01;f__JABLTI01;g__JABLTI01;s__JABLTI01 sp019056785	99.76	0.782	GCA_019056785.1	95.0	d__Archaea;p__Asgardarchaeota;c__Heimdallarchaeia;o__JABLTI01;f__JABLTI01;g__JABLTI01;s__JABLTI01 sp019056785	99.76	0.782	d__Archaea;p__Asgardarchaeota;c__Heimdallarchaeia;o__JABLTI01;f__JABLTI01;g__JABLTI01;s__	taxonomic classification defined by topology and ANI	topological placement and ANI have congruent species assignments	N/A	54.24	11	N/A	N/A
GCA_003662935_1_ASM366293v1	d__Archaea;p__Asgardarchaeota;c__Heimdallarchaeia;o__JABLTI01;f__JABLTI01;g__JABLTI01;s__JABLTI01 sp019056785	GCA_019056785.1	95.0	d__Archaea;p__Asgardarchaeota;c__Heimdallarchaeia;o__JABLTI01;f__JABLTI01;g__JABLTI01;s__JABLTI01 sp019056785	99.81	0.864	GCA_019056785.1	95.0	d__Archaea;p__Asgardarchaeota;c__Heimdallarchaeia;o__JABLTI01;f__JABLTI01;g__JABLTI01;s__JABLTI01 sp019056785	99.81	0.864	d__Archaea;p__Asgardarchaeota;c__Heimdallarchaeia;o__JABLTI01;f__JABLTI01;g__JABLTI01;s__	taxonomic classification defined by topology and ANI	topological placement and ANI have congruent species assignments	N/A	77.04	11	N/A	N/A
GCA_003696825_1_ASM369682v1	d__Archaea;p__Asgardarchaeota;c__Heimdallarchaeia;o__Heimdallarchaeales;f__Kariarchaeaceae;g__WAKA01;s__	N/A	N/A	N/A	N/A	N/A	N/A	N/A	N/A	N/A	N/A	d__Archaea;p__Asgardarchaeota;c__Heimdallarchaeia;o__Heimdallarchaeales;f__Kariarchaeaceae;g__WAKA01;s__	taxonomic classification fully defined by topology	N/A	N/A	77.65	11	0.95219	N/A
GCA_004376455_1_ASM437645v1	d__Archaea;p__Asgardarchaeota;c__Heimdallarchaeia;o__JABLTI01;f__JABLTI01;g__JABLTI01;s__	N/A	N/A	N/A	N/A	N/A	N/A	N/A	N/A	N/A	N/A	d__Archaea;p__Asgardarchaeota;c__Heimdallarchaeia;o__JABLTI01;f__JABLTI01;g__JABLTI01;s__	taxonomic classification defined by topology and ANI	N/A	GCA_019058165.1, s__JABLTI01 sp019058165, 95.0, 89.94, 0.551; GCA_030671945.1, s__JABLTI01 sp030671945, 95.0, 89.61, 0.48; GCA_013166835.1, s__JABLTI01 sp013166835, 95.0, 89.48, 0.535; GCA_030629105.1, s__JABLTI01 sp030629105, 95.0, 89.16, 0.508	62.28	11	0.97325	Genome not assigned to closest species as it falls outside its pre-defined ANI radius
GCA_004376735_1_ASM437673v1	d__Archaea;p__Asgardarchaeota;c__Heimdallarchaeia;o__Heimdallarchaeales;f__Heimdallarchaeaceae;g__UBA460;s__UBA460 sp030608385	GCA_030608385.1	95.0	d__Archaea;p__Asgardarchaeota;c__Heimdallarchaeia;o__Heimdallarchaeales;f__Heimdallarchaeaceae;g__UBA460;s__UBA460 sp030608385	97.36	0.665	GCA_030608385.1	95.0	d__Archaea;p__Asgardarchaeota;c__Heimdallarchaeia;o__Heimdallarchaeales;f__Heimdallarchaeaceae;g__UBA460;s__UBA460 sp030608385	97.36	0.665	d__Archaea;p__Asgardarchaeota;c__Heimdallarchaeia;o__Heimdallarchaeales;f__Heimdallarchaeaceae;g__UBA460;s__	taxonomic classification defined by topology and ANI	topological placement and ANI have congruent species assignments	GCA_023139025.1, s__UBA460 sp023139025, 95.0, 95.19, 0.562; GCA_021399345.1, s__UBA460 sp021399345, 95.0, 94.31, 0.616; GCA_030668825.1, s__UBA460 sp023132955, 95.0, 93.7, 0.536; GCA_030607575.1, s__UBA460 sp030607575, 95.0, 93.37, 0.546; GCA_019057375.1, s__UBA460 sp002505645, 95.0, 93.12, 0.581	66.83	11	N/A	N/A
GCA_004524365_1_ASM452436v1	d__Archaea;p__Asgardarchaeota;c__Lokiarchaeia;o__Sigynarchaeales;f__SOKP01;g__TEKIR-8;s__TEKIR-8 sp004524365	GCA_004524365.1	95.0	d__Archaea;p__Asgardarchaeota;c__Lokiarchaeia;o__Sigynarchaeales;f__SOKP01;g__TEKIR-8;s__TEKIR-8 sp004524365	100.0	0.999	GCA_004524365.1	95.0	d__Archaea;p__Asgardarchaeota;c__Lokiarchaeia;o__Sigynarchaeales;f__SOKP01;g__TEKIR-8;s__TEKIR-8 sp004524365	100.0	0.999	d__Archaea;p__Asgardarchaeota;c__Lokiarchaeia;o__Sigynarchaeales;f__SOKP01;g__TEKIR-8;s__	taxonomic classification defined by topology and ANI	topological placement and ANI have congruent species assignments	N/A	51.81	11	N/A	N/A
GCA_004524385_1_ASM452438v1	d__Archaea;p__Asgardarchaeota;c__Lokiarchaeia;o__Sigynarchaeales;f__SOKP01;g__SDNM01;s__SDNM01 sp004524385	GCA_004524385.1	95.0	d__Archaea;p__Asgardarchaeota;c__Lokiarchaeia;o__Sigynarchaeales;f__SOKP01;g__SDNM01;s__SDNM01 sp004524385	100.0	1.0	GCA_004524385.1	95.0	d__Archaea;p__Asgardarchaeota;c__Lokiarchaeia;o__Sigynarchaeales;f__SOKP01;g__SDNM01;s__SDNM01 sp004524385	100.0	1.0	d__Archaea;p__Asgardarchaeota;c__Lokiarchaeia;o__Sigynarchaeales;f__SOKP01;g__SDNM01;s__	taxonomic classification defined by topology and ANI	topological placement and ANI have congruent species assignments	GCA_004524535.1, s__SDNM01 sp004524535, 95.0, 94.75, 0.726; GCA_019058295.1, s__SDNM01 sp019058295, 95.0, 92.65, 0.546	59.17	11	N/A	N/A
GCA_004524425_1_ASM452442v1	d__Archaea;p__Asgardarchaeota;c__Lokiarchaeia;o__Sigynarchaeales;f__SOKP01;g__LW40-45;s__	N/A	N/A	N/A	N/A	N/A	N/A	N/A	N/A	N/A	N/A	d__Archaea;p__Asgardarchaeota;c__Lokiarchaeia;o__Sigynarchaeales;f__SOKP01;g__;s__	taxonomic novelty determined using RED	N/A	N/A	70.08	11	0.9219	N/A
GCA_004524435_1_ASM452443v1	d__Archaea;p__Asgardarchaeota;c__Thorarchaeia;o__Thorarchaeales;f__Thorarchaeaceae;g__TEKIR-12S;s__TEKIR-12S sp004524435	GCA_004524435.1	95.0	d__Archaea;p__Asgardarchaeota;c__Thorarchaeia;o__Thorarchaeales;f__Thorarchaeaceae;g__TEKIR-12S;s__TEKIR-12S sp004524435	100.0	1.0	GCA_004524435.1	95.0	d__Archaea;p__Asgardarchaeota;c__Thorarchaeia;o__Thorarchaeales;f__Thorarchaeaceae;g__TEKIR-12S;s__TEKIR-12S sp004524435	100.0	1.0	d__Archaea;p__Asgardarchaeota;c__Thorarchaeia;o__Thorarchaeales;f__Thorarchaeaceae;g__;s__	taxonomic classification defined by topology and ANI	topological placement and ANI have congruent species assignments	N/A	83.08	11	N/A	N/A
GCA_004524445_1_ASM452444v1	d__Archaea;p__Asgardarchaeota;c__Thorarchaeia;o__Thorarchaeales;f__Thorarchaeaceae;g__TEKIR-14;s__TEKIR-14 sp004524445	GCA_004524445.1	95.0	d__Archaea;p__Asgardarchaeota;c__Thorarchaeia;o__Thorarchaeales;f__Thorarchaeaceae;g__TEKIR-14;s__TEKIR-14 sp004524445	100.0	0.999	GCA_004524445.1	95.0	d__Archaea;p__Asgardarchaeota;c__Thorarchaeia;o__Thorarchaeales;f__Thorarchaeaceae;g__TEKIR-14;s__TEKIR-14 sp004524445	100.0	0.999	d__Archaea;p__Asgardarchaeota;c__Thorarchaeia;o__Thorarchaeales;f__Thorarchaeaceae;g__;s__	taxonomic classification defined by topology and ANI	topological placement and ANI have congruent species assignments	N/A	89.15	11	N/A	N/A
GCA_004524515_1_ASM452451v1	d__Archaea;p__Asgardarchaeota;c__Lokiarchaeia;o__Sigynarchaeales;f__SOKP01;g__LW40-45;s__	N/A	N/A	N/A	N/A	N/A	N/A	N/A	N/A	N/A	N/A	d__Archaea;p__Asgardarchaeota;c__Lokiarchaeia;o__Sigynarchaeales;f__SOKP01;g__;s__	taxonomic novelty determined using RED	N/A	N/A	68.63	11	0.93536	N/A
GCA_004524535_1_ASM452453v1	d__Archaea;p__Asgardarchaeota;c__Lokiarchaeia;o__Sigynarchaeales;f__SOKP01;g__SDNM01;s__SDNM01 sp004524535	GCA_004524535.1	95.0	d__Archaea;p__Asgardarchaeota;c__Lokiarchaeia;o__Sigynarchaeales;f__SOKP01;g__SDNM01;s__SDNM01 sp004524535	100.0	1.0	GCA_004524535.1	95.0	d__Archaea;p__Asgardarchaeota;c__Lokiarchaeia;o__Sigynarchaeales;f__SOKP01;g__SDNM01;s__SDNM01 sp004524535	100.0	1.0	d__Archaea;p__Asgardarchaeota;c__Lokiarchaeia;o__Sigynarchaeales;f__SOKP01;g__SDNM01;s__	taxonomic classification defined by topology and ANI	topological placement and ANI have congruent species assignments	GCA_004524385.1, s__SDNM01 sp004524385, 95.0, 94.75, 0.726; GCA_019058295.1, s__SDNM01 sp019058295, 95.0, 91.76, 0.546	79.77	11	N/A	N/A
GCA_004524545_1_ASM452454v1	d__Archaea;p__Asgardarchaeota;c__Lokiarchaeia;o__Sigynarchaeales;f__MK-D1;g__AMARA-1;s__AMARA-1 sp004524545	GCA_004524545.1	95.0	d__Archaea;p__Asgardarchaeota;c__Lokiarchaeia;o__Sigynarchaeales;f__MK-D1;g__AMARA-1;s__AMARA-1 sp004524545	100.0	0.998	GCA_004524545.1	95.0	d__Archaea;p__Asgardarchaeota;c__Lokiarchaeia;o__Sigynarchaeales;f__MK-D1;g__AMARA-1;s__AMARA-1 sp004524545	100.0	0.998	d__Archaea;p__Asgardarchaeota;c__Lokiarchaeia;o__Sigynarchaeales;f__MK-D1;g__AMARA-1;s__	taxonomic classification defined by topology and ANI	topological placement and ANI have congruent species assignments	N/A	78.83	11	N/A	N/A
GCA_004524565_1_ASM452456v1	d__Archaea;p__Asgardarchaeota;c__Thorarchaeia;o__Thorarchaeales;f__Thorarchaeaceae;g__MP8T-1;s__MP8T-1 sp004524565	GCA_004524565.1	95.0	d__Archaea;p__Asgardarchaeota;c__Thorarchaeia;o__Thorarchaeales;f__Thorarchaeaceae;g__MP8T-1;s__MP8T-1 sp004524565	100.0	1.0	GCA_004524565.1	95.0	d__Archaea;p__Asgardarchaeota;c__Thorarchaeia;o__Thorarchaeales;f__Thorarchaeaceae;g__MP8T-1;s__MP8T-1 sp004524565	100.0	1.0	d__Archaea;p__Asgardarchaeota;c__Thorarchaeia;o__Thorarchaeales;f__Thorarchaeaceae;g__MP8T-1;s__	taxonomic classification defined by topology and ANI	topological placement and ANI have congruent species assignments	N/A	86.07	11	N/A	N/A
GCA_004524595_1_ASM452459v1	d__Archaea;p__Asgardarchaeota;c__Thorarchaeia;o__Thorarchaeales;f__Thorarchaeaceae;g__MP8T-1;s__	N/A	N/A	N/A	N/A	N/A	N/A	N/A	N/A	N/A	N/A	d__Archaea;p__Asgardarchaeota;c__Thorarchaeia;o__Thorarchaeales;f__Thorarchaeaceae;g__MP8T-1;s__	taxonomic classification fully defined by topology	N/A	N/A	85.8	11	0.92873	N/A
GCA_004524725_1_ASM452472v1	d__Archaea;p__Asgardarchaeota;c__Lokiarchaeia;o__Sigynarchaeales;f__SOKP01;g__SOKP01;s__SOKP01 sp004524725	GCA_004524725.1	95.0	d__Archaea;p__Asgardarchaeota;c__Lokiarchaeia;o__Sigynarchaeales;f__SOKP01;g__SOKP01;s__SOKP01 sp004524725	100.0	1.0	GCA_004524725.1	95.0	d__Archaea;p__Asgardarchaeota;c__Lokiarchaeia;o__Sigynarchaeales;f__SOKP01;g__SOKP01;s__SOKP01 sp004524725	100.0	1.0	d__Archaea;p__Asgardarchaeota;c__Lokiarchaeia;o__Sigynarchaeales;f__SOKP01;g__SOKP01;s__	taxonomic classification defined by topology and ANI	topological placement and ANI have congruent species assignments	N/A	62.54	11	N/A	N/A
GCA_004525575_1_ASM452557v1	d__Archaea;p__Asgardarchaeota;c__Thorarchaeia;o__Thorarchaeales;f__Thorarchaeaceae;g__MP8T-1;s__	N/A	N/A	N/A	N/A	N/A	N/A	N/A	N/A	N/A	N/A	d__Archaea;p__Asgardarchaeota;c__Thorarchaeia;o__Thorarchaeales;f__Thorarchaeaceae;g__MP8T-1;s__	taxonomic classification fully defined by topology	N/A	N/A	69.39	11	0.96347	N/A
GCA_004525645_1_ASM452564v1	d__Archaea;p__Asgardarchaeota;c__Thorarchaeia;o__Thorarchaeales;f__Thorarchaeaceae;g__MP8T-1;s__	N/A	N/A	N/A	N/A	N/A	N/A	N/A	N/A	N/A	N/A	d__Archaea;p__Asgardarchaeota;c__Thorarchaeia;o__Thorarchaeales;f__Thorarchaeaceae;g__MP8T-1;s__	taxonomic classification fully defined by topology	N/A	N/A	87.24	11	0.97416	N/A
GCA_005191415_1_ASM519141v1	d__Archaea;p__Asgardarchaeota;c__Lokiarchaeia;o__Helarchaeales;f__HEL-GB-A;g__HEL-GB-A;s__HEL-GB-A sp005191415	GCA_005191415.1	95.0	d__Archaea;p__Asgardarchaeota;c__Lokiarchaeia;o__Helarchaeales;f__HEL-GB-A;g__HEL-GB-A;s__HEL-GB-A sp005191415	100.0	0.997	GCA_005191415.1	95.0	d__Archaea;p__Asgardarchaeota;c__Lokiarchaeia;o__Helarchaeales;f__HEL-GB-A;g__HEL-GB-A;s__HEL-GB-A sp005191415	100.0	0.997	d__Archaea;p__Asgardarchaeota;c__Lokiarchaeia;o__Helarchaeales;f__HEL-GB-A;g__;s__	taxonomic classification defined by topology and ANI	topological placement and ANI have congruent species assignments	N/A	82.42	11	N/A	N/A
GCA_005191425_1_ASM519142v1	d__Archaea;p__Asgardarchaeota;c__Lokiarchaeia;o__Helarchaeales;f__HEL-GB-B;g__HEL-GB-B;s__HEL-GB-B sp005191425	GCA_005191425.1	95.0	d__Archaea;p__Asgardarchaeota;c__Lokiarchaeia;o__Helarchaeales;f__HEL-GB-B;g__HEL-GB-B;s__HEL-GB-B sp005191425	100.0	1.0	GCA_005191425.1	95.0	d__Archaea;p__Asgardarchaeota;c__Lokiarchaeia;o__Helarchaeales;f__HEL-GB-B;g__HEL-GB-B;s__HEL-GB-B sp005191425	100.0	1.0	d__Archaea;p__Asgardarchaeota;c__Lokiarchaeia;o__Helarchaeales;f__;g__;s__	taxonomic classification defined by topology and ANI	topological placement and ANI have congruent species assignments	N/A	85.44	11	N/A	N/A
GCA_005222975_1_ASM522297v1	d__Archaea;p__Asgardarchaeota;c__Lokiarchaeia;o__Sigynarchaeales;f__SOKP01;g__SOKP01;s__SOKP01 sp005222975	GCA_005222975.1	95.0	d__Archaea;p__Asgardarchaeota;c__Lokiarchaeia;o__Sigynarchaeales;f__SOKP01;g__SOKP01;s__SOKP01 sp005222975	100.0	1.0	GCA_005222975.1	95.0	d__Archaea;p__Asgardarchaeota;c__Lokiarchaeia;o__Sigynarchaeales;f__SOKP01;g__SOKP01;s__SOKP01 sp005222975	100.0	1.0	d__Archaea;p__Asgardarchaeota;c__Lokiarchaeia;o__Sigynarchaeales;f__SOKP01;g__SOKP01;s__	taxonomic classification defined by topology and ANI	topological placement and ANI have congruent species assignments	GCA_030615145.1, s__SOKP01 sp030615145, 95.0, 93.65, 0.509; GCA_019057795.1, s__SOKP01 sp019057795, 95.0, 93.38, 0.642; GCA_030612905.1, s__SOKP01 sp030612905, 95.0, 92.75, 0.512; GCA_029856105.1, s__SOKP01 sp029856105, 95.0, 91.8, 0.516; GCA_030606095.1, s__SOKP01 sp030606095, 95.0, 91.74, 0.451; GCA_018238625.1, s__SOKP01 sp018238625, 95.0, 90.25, 0.541	74.8	11	N/A	N/A
GCA_005223125_1_ASM522312v1	d__Archaea;p__Asgardarchaeota;c__Lokiarchaeia;o__Sigynarchaeales;f__SOKP01;g__Loki-b32;s__Loki-b32 sp005223125	GCA_005223125.1	95.0	d__Archaea;p__Asgardarchaeota;c__Lokiarchaeia;o__Sigynarchaeales;f__SOKP01;g__Loki-b32;s__Loki-b32 sp005223125	99.99	1.0	GCA_005223125.1	95.0	d__Archaea;p__Asgardarchaeota;c__Lokiarchaeia;o__Sigynarchaeales;f__SOKP01;g__Loki-b32;s__Loki-b32 sp005223125	99.99	1.0	d__Archaea;p__Asgardarchaeota;c__Lokiarchaeia;o__Sigynarchaeales;f__SOKP01;g__Loki-b32;s__	taxonomic classification defined by topology and ANI	topological placement and ANI have congruent species assignments	GCA_030605895.1, s__Loki-b32 sp030605895, 95.0, 86.08, 0.161; GCA_013375485.1, s__Loki-b32 sp013375485, 95.0, 84.58, 0.175; GCA_036478875.1, s__Loki-b32 sp036478875, 95.0, 84.24, 0.181	91.61	11	N/A	N/A
GCA_007133855_1_ASM713385v1	d__Archaea;p__Asgardarchaeota;c__Lokiarchaeia;o__Sigynarchaeales;f__MK-D1;g__;s__	N/A	N/A	N/A	N/A	N/A	N/A	N/A	N/A	N/A	N/A	d__Archaea;p__Asgardarchaeota;c__Lokiarchaeia;o__Sigynarchaeales;f__MK-D1;g__;s__	taxonomic classification fully defined by topology	N/A	N/A	68.31	11	0.71792	N/A
GCA_008000775_1_ASM800077v1	d__Archaea;p__Asgardarchaeota;c__Lokiarchaeia;o__Sigynarchaeales;f__MK-D1;g__Prometheoarchaeum;s__Prometheoarchaeum syntrophicum	GCF_008000775.2	95.0	d__Archaea;p__Asgardarchaeota;c__Lokiarchaeia;o__Sigynarchaeales;f__MK-D1;g__Prometheoarchaeum;s__Prometheoarchaeum syntrophicum	99.92	0.993	GCF_008000775.2	95.0	d__Archaea;p__Asgardarchaeota;c__Lokiarchaeia;o__Sigynarchaeales;f__MK-D1;g__Prometheoarchaeum;s__Prometheoarchaeum syntrophicum	99.92	0.993	d__Archaea;p__Asgardarchaeota;c__Lokiarchaeia;o__Sigynarchaeales;f__MK-D1;g__Prometheoarchaeum;s__	taxonomic classification defined by topology and ANI	topological placement and ANI have congruent species assignments	N/A	88.29	11	N/A	N/A
GCA_008080735_1_ASM808073v1	d__Archaea;p__Asgardarchaeota;c__Lokiarchaeia;o__Sigynarchaeales;f__SOKP01;g__TEKIR-8;s__TEKIR-8 sp008080735	GCA_008080735.1	95.0	d__Archaea;p__Asgardarchaeota;c__Lokiarchaeia;o__Sigynarchaeales;f__SOKP01;g__TEKIR-8;s__TEKIR-8 sp008080735	100.0	1.0	GCA_008080735.1	95.0	d__Archaea;p__Asgardarchaeota;c__Lokiarchaeia;o__Sigynarchaeales;f__SOKP01;g__TEKIR-8;s__TEKIR-8 sp008080735	100.0	1.0	d__Archaea;p__Asgardarchaeota;c__Lokiarchaeia;o__Sigynarchaeales;f__SOKP01;g__TEKIR-8;s__	taxonomic classification defined by topology and ANI	topological placement and ANI have congruent species assignments	N/A	86.85	11	N/A	N/A
GCA_008080745_1_ASM808074v1	d__Archaea;p__Asgardarchaeota;c__Thorarchaeia;o__Thorarchaeales;f__Thorarchaeaceae;g__SHMX01;s__SHMX01 sp008080745	GCA_008080745.1	95.0	d__Archaea;p__Asgardarchaeota;c__Thorarchaeia;o__Thorarchaeales;f__Thorarchaeaceae;g__SHMX01;s__SHMX01 sp008080745	100.0	1.0	GCA_008080745.1	95.0	d__Archaea;p__Asgardarchaeota;c__Thorarchaeia;o__Thorarchaeales;f__Thorarchaeaceae;g__SHMX01;s__SHMX01 sp008080745	100.0	1.0	d__Archaea;p__Asgardarchaeota;c__Thorarchaeia;o__Thorarchaeales;f__Thorarchaeaceae;g__SHMX01;s__	taxonomic classification defined by topology and ANI	topological placement and ANI have congruent species assignments	N/A	89.64	11	N/A	N/A
GCA_008080755_1_ASM808075v1	d__Archaea;p__Asgardarchaeota;c__Lokiarchaeia;o__Sigynarchaeales;f__SOKP01;g__JARRLT01;s__	N/A	N/A	N/A	N/A	N/A	N/A	N/A	N/A	N/A	N/A	d__Archaea;p__Asgardarchaeota;c__Lokiarchaeia;o__Sigynarchaeales;f__SOKP01;g__;s__	taxonomic novelty determined using RED	N/A	N/A	82.88	11	0.87491	N/A
GCA_008080765_1_ASM808076v1	d__Archaea;p__Asgardarchaeota;c__Lokiarchaeia;o__Sigynarchaeales;f__SOKP01;g__TEKIR-8;s__TEKIR-8 sp008080765	GCA_008080765.1	95.0	d__Archaea;p__Asgardarchaeota;c__Lokiarchaeia;o__Sigynarchaeales;f__SOKP01;g__TEKIR-8;s__TEKIR-8 sp008080765	100.0	0.993	GCA_008080765.1	95.0	d__Archaea;p__Asgardarchaeota;c__Lokiarchaeia;o__Sigynarchaeales;f__SOKP01;g__TEKIR-8;s__TEKIR-8 sp008080765	100.0	0.993	d__Archaea;p__Asgardarchaeota;c__Lokiarchaeia;o__Sigynarchaeales;f__SOKP01;g__TEKIR-8;s__	taxonomic classification defined by topology and ANI	topological placement and ANI have congruent species assignments	N/A	61.5	11	N/A	N/A
GCA_010028315_1_ASM1002831v1	d__Archaea;p__Asgardarchaeota;c__Heimdallarchaeia;o__Heimdallarchaeales;f__Kariarchaeaceae;g__Kariarchaeum;s__Kariarchaeum pelagium	GCA_002728275.1	95.0	d__Archaea;p__Asgardarchaeota;c__Heimdallarchaeia;o__Heimdallarchaeales;f__Kariarchaeaceae;g__Kariarchaeum;s__Kariarchaeum pelagium	96.97	0.642	GCA_002728275.1	95.0	d__Archaea;p__Asgardarchaeota;c__Heimdallarchaeia;o__Heimdallarchaeales;f__Kariarchaeaceae;g__Kariarchaeum;s__Kariarchaeum pelagium	96.97	0.642	d__Archaea;p__Asgardarchaeota;c__Heimdallarchaeia;o__Heimdallarchaeales;f__Kariarchaeaceae;g__Kariarchaeum;s__	taxonomic classification defined by topology and ANI	topological placement and ANI have congruent species assignments	N/A	69.15	11	N/A	N/A
GCA_010028525_1_ASM1002852v1	d__Archaea;p__Asgardarchaeota;c__Heimdallarchaeia;o__Heimdallarchaeales;f__Kariarchaeaceae;g__Kariarchaeum;s__Kariarchaeum pelagium	GCA_002728275.1	95.0	d__Archaea;p__Asgardarchaeota;c__Heimdallarchaeia;o__Heimdallarchaeales;f__Kariarchaeaceae;g__Kariarchaeum;s__Kariarchaeum pelagium	97.09	0.586	GCA_002728275.1	95.0	d__Archaea;p__Asgardarchaeota;c__Heimdallarchaeia;o__Heimdallarchaeales;f__Kariarchaeaceae;g__Kariarchaeum;s__Kariarchaeum pelagium	97.09	0.586	d__Archaea;p__Asgardarchaeota;c__Heimdallarchaeia;o__Heimdallarchaeales;f__Kariarchaeaceae;g__Kariarchaeum;s__	taxonomic classification defined by topology and ANI	topological placement and ANI have congruent species assignments	N/A	71.38	11	N/A	N/A
GCA_010030355_1_ASM1003035v1	d__Archaea;p__Asgardarchaeota;c__Heimdallarchaeia;o__Heimdallarchaeales;f__Kariarchaeaceae;g__Kariarchaeum;s__Kariarchaeum pelagium	GCA_002728275.1	95.0	d__Archaea;p__Asgardarchaeota;c__Heimdallarchaeia;o__Heimdallarchaeales;f__Kariarchaeaceae;g__Kariarchaeum;s__Kariarchaeum pelagium	97.14	0.742	GCA_002728275.1	95.0	d__Archaea;p__Asgardarchaeota;c__Heimdallarchaeia;o__Heimdallarchaeales;f__Kariarchaeaceae;g__Kariarchaeum;s__Kariarchaeum pelagium	97.14	0.742	d__Archaea;p__Asgardarchaeota;c__Heimdallarchaeia;o__Heimdallarchaeales;f__Kariarchaeaceae;g__Kariarchaeum;s__	taxonomic classification defined by topology and ANI	topological placement and ANI have congruent species assignments	N/A	54.27	11	N/A	N/A
GCA_011364905_1_ASM1136490v1	d__Archaea;p__Asgardarchaeota;c__Thorarchaeia;o__Thorarchaeales;f__Thorarchaeaceae;g__SMTZ1-45;s__SMTZ1-45 sp011364905	GCA_011364905.1	95.0	d__Archaea;p__Asgardarchaeota;c__Thorarchaeia;o__Thorarchaeales;f__Thorarchaeaceae;g__SMTZ1-45;s__SMTZ1-45 sp011364905	100.0	1.0	GCA_011364905.1	95.0	d__Archaea;p__Asgardarchaeota;c__Thorarchaeia;o__Thorarchaeales;f__Thorarchaeaceae;g__SMTZ1-45;s__SMTZ1-45 sp011364905	100.0	1.0	d__Archaea;p__Asgardarchaeota;c__Thorarchaeia;o__Thorarchaeales;f__Thorarchaeaceae;g__SMTZ1-45;s__	taxonomic classification defined by topology and ANI	topological placement and ANI have congruent species assignments	N/A	61.82	11	N/A	N/A
GCA_011364925_1_ASM1136492v1	d__Archaea;p__Asgardarchaeota;c__Lokiarchaeia;o__Sigynarchaeales;f__SOKP01;g__SOKP01;s__SOKP01 sp011364925	GCA_011364925.1	95.0	d__Archaea;p__Asgardarchaeota;c__Lokiarchaeia;o__Sigynarchaeales;f__SOKP01;g__SOKP01;s__SOKP01 sp011364925	100.0	1.0	GCA_011364925.1	95.0	d__Archaea;p__Asgardarchaeota;c__Lokiarchaeia;o__Sigynarchaeales;f__SOKP01;g__SOKP01;s__SOKP01 sp011364925	100.0	1.0	d__Archaea;p__Asgardarchaeota;c__Lokiarchaeia;o__Sigynarchaeales;f__SOKP01;g__SOKP01;s__	taxonomic classification defined by topology and ANI	topological placement and ANI have congruent species assignments	N/A	84.97	11	N/A	N/A
GCA_011364945_1_ASM1136494v1	d__Archaea;p__Asgardarchaeota;c__Heimdallarchaeia;o__JABLTI01;f__JABLTI01;g__JABLTI01;s__	N/A	N/A	N/A	N/A	N/A	N/A	N/A	N/A	N/A	N/A	d__Archaea;p__Asgardarchaeota;c__Heimdallarchaeia;o__JABLTI01;f__JABLTI01;g__JABLTI01;s__	taxonomic classification fully defined by topology	N/A	N/A	87.29	11	0.92265	N/A
GCA_011364965_1_ASM1136496v1	d__Archaea;p__Asgardarchaeota;c__Heimdallarchaeia;o__Hodarchaeales;f__Hodarchaeaceae;g__Hodarchaeum;s__Hodarchaeum sp011364965	GCA_011364965.1	95.0	d__Archaea;p__Asgardarchaeota;c__Heimdallarchaeia;o__Hodarchaeales;f__Hodarchaeaceae;g__Hodarchaeum;s__Hodarchaeum sp011364965	100.0	1.0	GCA_011364965.1	95.0	d__Archaea;p__Asgardarchaeota;c__Heimdallarchaeia;o__Hodarchaeales;f__Hodarchaeaceae;g__Hodarchaeum;s__Hodarchaeum sp011364965	100.0	1.0	d__Archaea;p__Asgardarchaeota;c__Heimdallarchaeia;o__Hodarchaeales;f__Hodarchaeaceae;g__Hodarchaeum;s__	taxonomic classification defined by topology and ANI	topological placement and ANI have congruent species assignments	N/A	85.56	11	N/A	N/A
GCA_011364975_1_ASM1136497v1	d__Archaea;p__Asgardarchaeota;c__Lokiarchaeia;o__Sigynarchaeales;f__SOKP01;g__SOKP01;s__SOKP01 sp011364975	GCA_011364975.1	95.0	d__Archaea;p__Asgardarchaeota;c__Lokiarchaeia;o__Sigynarchaeales;f__SOKP01;g__SOKP01;s__SOKP01 sp011364975	100.0	1.0	GCA_011364975.1	95.0	d__Archaea;p__Asgardarchaeota;c__Lokiarchaeia;o__Sigynarchaeales;f__SOKP01;g__SOKP01;s__SOKP01 sp011364975	100.0	1.0	d__Archaea;p__Asgardarchaeota;c__Lokiarchaeia;o__Sigynarchaeales;f__SOKP01;g__SOKP01;s__	taxonomic classification defined by topology and ANI	topological placement and ANI have congruent species assignments	N/A	89.44	11	N/A	N/A
GCA_011364985_1_ASM1136498v1	d__Archaea;p__Asgardarchaeota;c__Thorarchaeia;o__Thorarchaeales;f__Thorarchaeaceae;g__SMTZ1-83;s__SMTZ1-83 sp011364985	GCA_011364985.1	95.0	d__Archaea;p__Asgardarchaeota;c__Thorarchaeia;o__Thorarchaeales;f__Thorarchaeaceae;g__SMTZ1-83;s__SMTZ1-83 sp011364985	100.0	1.0	GCA_011364985.1	95.0	d__Archaea;p__Asgardarchaeota;c__Thorarchaeia;o__Thorarchaeales;f__Thorarchaeaceae;g__SMTZ1-83;s__SMTZ1-83 sp011364985	100.0	1.0	d__Archaea;p__Asgardarchaeota;c__Thorarchaeia;o__Thorarchaeales;f__Thorarchaeaceae;g__SMTZ1-83;s__	taxonomic classification defined by topology and ANI	topological placement and ANI have congruent species assignments	N/A	88.3	11	N/A	N/A
GCA_011365025_1_ASM1136502v1	d__Archaea;p__Asgardarchaeota;c__Thorarchaeia;o__Thorarchaeales;f__Thorarchaeaceae;g__SMTZ1-83;s__	N/A	N/A	N/A	N/A	N/A	N/A	N/A	N/A	N/A	N/A	d__Archaea;p__Asgardarchaeota;c__Thorarchaeia;o__Thorarchaeales;f__Thorarchaeaceae;g__SMTZ1-83;s__	taxonomic classification fully defined by topology	N/A	N/A	82.11	11	0.96693	N/A
GCA_011365055_1_ASM1136505v1	d__Archaea;p__Asgardarchaeota;c__Lokiarchaeia;o__Helarchaeales;f__RDOG01;g__;s__	N/A	N/A	N/A	N/A	N/A	N/A	N/A	N/A	N/A	N/A	d__Archaea;p__Asgardarchaeota;c__Lokiarchaeia;o__Helarchaeales;f__;g__;s__	taxonomic novelty determined using RED	N/A	N/A	94.42	11	0.70825	N/A
GCA_011366225_1_ASM1136622v1	d__Archaea;p__Asgardarchaeota;c__Heimdallarchaeia;o__JABLTI01;f__JABLTI01;g__JABLTI01;s__	N/A	N/A	N/A	N/A	N/A	N/A	N/A	N/A	N/A	N/A	d__Archaea;p__Asgardarchaeota;c__Heimdallarchaeia;o__JABLTI01;f__JABLTI01;g__JABLTI01;s__	taxonomic classification fully defined by topology	N/A	N/A	46.12	11	0.9512	N/A
GCA_011366245_1_ASM1136624v1	d__Archaea;p__Asgardarchaeota;c__Heimdallarchaeia;o__JABLTI01;f__JABLTI01;g__JABLTI01;s__	N/A	N/A	N/A	N/A	N/A	N/A	N/A	N/A	N/A	N/A	d__Archaea;p__Asgardarchaeota;c__Heimdallarchaeia;o__JABLTI01;f__JABLTI01;g__JABLTI01;s__	taxonomic classification fully defined by topology	N/A	N/A	88.74	11	0.89187	N/A
GCA_011366285_1_ASM1136628v1	d__Archaea;p__Asgardarchaeota;c__Heimdallarchaeia;o__JABLTI01;f__JABLTI01;g__JABLTI01;s__	N/A	N/A	N/A	N/A	N/A	N/A	N/A	N/A	N/A	N/A	d__Archaea;p__Asgardarchaeota;c__Heimdallarchaeia;o__JABLTI01;f__JABLTI01;g__JABLTI01;s__	taxonomic classification fully defined by topology	N/A	N/A	67.96	11	0.8927	N/A
GCA_011366295_1_ASM1136629v1	d__Archaea;p__Asgardarchaeota;c__Heimdallarchaeia;o__JABLTI01;f__JABLTI01;g__JABLTI01;s__	N/A	N/A	N/A	N/A	N/A	N/A	N/A	N/A	N/A	N/A	d__Archaea;p__Asgardarchaeota;c__Heimdallarchaeia;o__JABLTI01;f__JABLTI01;g__JABLTI01;s__	taxonomic classification fully defined by topology	N/A	N/A	81.12	11	0.89341	N/A
GCA_011525205_1_ASM1152520v1	d__Archaea;p__Asgardarchaeota;c__Heimdallarchaeia;o__Heimdallarchaeales;f__Kariarchaeaceae;g__Kariarchaeum;s__Kariarchaeum pelagium	GCA_002728275.1	95.0	d__Archaea;p__Asgardarchaeota;c__Heimdallarchaeia;o__Heimdallarchaeales;f__Kariarchaeaceae;g__Kariarchaeum;s__Kariarchaeum pelagium	97.29	0.775	GCA_002728275.1	95.0	d__Archaea;p__Asgardarchaeota;c__Heimdallarchaeia;o__Heimdallarchaeales;f__Kariarchaeaceae;g__Kariarchaeum;s__Kariarchaeum pelagium	97.29	0.775	d__Archaea;p__Asgardarchaeota;c__Heimdallarchaeia;o__Heimdallarchaeales;f__Kariarchaeaceae;g__Kariarchaeum;s__	taxonomic classification defined by topology and ANI	topological placement and ANI have congruent species assignments	N/A	84.53	11	N/A	N/A
GCA_012798355_1_ASM1279835v1	d__Archaea;p__Asgardarchaeota;c__Lokiarchaeia;o__Sigynarchaeales;f__Sigynarchaeaceae;g__Sigynarchaeum;s__	N/A	N/A	N/A	N/A	N/A	N/A	N/A	N/A	N/A	N/A	d__Archaea;p__Asgardarchaeota;c__Lokiarchaeia;o__Sigynarchaeales;f__Sigynarchaeaceae;g__;s__	taxonomic novelty determined using RED	N/A	N/A	78.37	11	0.93552	N/A
GCA_013166775_1_ASM1316677v1	d__Archaea;p__Asgardarchaeota;c__Heimdallarchaeia;o__Heimdallarchaeales;f__Heimdallarchaeaceae;g__UBA460;s__UBA460 sp013166775	GCA_013166775.1	95.0	d__Archaea;p__Asgardarchaeota;c__Heimdallarchaeia;o__Heimdallarchaeales;f__Heimdallarchaeaceae;g__UBA460;s__UBA460 sp013166775	100.0	1.0	GCA_013166775.1	95.0	d__Archaea;p__Asgardarchaeota;c__Heimdallarchaeia;o__Heimdallarchaeales;f__Heimdallarchaeaceae;g__UBA460;s__UBA460 sp013166775	100.0	1.0	d__Archaea;p__Asgardarchaeota;c__Heimdallarchaeia;o__Heimdallarchaeales;f__Heimdallarchaeaceae;g__UBA460;s__	taxonomic classification defined by topology and ANI	topological placement and ANI have congruent species assignments	GCA_030631995.1, s__UBA460 sp030631995, 95.0, 89.99, 0.677; GCA_023270155.1, s__UBA460 sp023270155, 95.0, 87.9, 0.473	92.37	11	N/A	N/A
GCA_013166835_1_ASM1316683v1	d__Archaea;p__Asgardarchaeota;c__Heimdallarchaeia;o__JABLTI01;f__JABLTI01;g__JABLTI01;s__JABLTI01 sp013166835	GCA_013166835.1	95.0	d__Archaea;p__Asgardarchaeota;c__Heimdallarchaeia;o__JABLTI01;f__JABLTI01;g__JABLTI01;s__JABLTI01 sp013166835	100.0	1.0	GCA_013166835.1	95.0	d__Archaea;p__Asgardarchaeota;c__Heimdallarchaeia;o__JABLTI01;f__JABLTI01;g__JABLTI01;s__JABLTI01 sp013166835	100.0	1.0	d__Archaea;p__Asgardarchaeota;c__Heimdallarchaeia;o__JABLTI01;f__JABLTI01;g__JABLTI01;s__	taxonomic classification defined by topology and ANI	topological placement and ANI have congruent species assignments	GCA_030671945.1, s__JABLTI01 sp030671945, 95.0, 91.27, 0.632; GCA_019058165.1, s__JABLTI01 sp019058165, 95.0, 90.4, 0.558; GCA_030629105.1, s__JABLTI01 sp030629105, 95.0, 90.34, 0.6	81.52	11	N/A	N/A
GCA_013375355_1_ASM1337535v1	d__Archaea;p__Asgardarchaeota;c__Lokiarchaeia;o__Helarchaeales;f__JABXJV01;g__JABXJV01;s__	N/A	N/A	N/A	N/A	N/A	GCA_019058315.1	95.0	d__Archaea;p__Asgardarchaeota;c__Lokiarchaeia;o__Helarchaeales;f__JABXJV01;g__JABXJV01;s__JABXJV01 sp019058315	85.46	0.258	d__Archaea;p__Asgardarchaeota;c__Lokiarchaeia;o__Helarchaeales;f__;g__;s__	taxonomic classification defined by topology and ANI	N/A	N/A	79.12	11	0.93651	N/A
GCA_013375405_1_ASM1337540v1	d__Archaea;p__Asgardarchaeota;c__Lokiarchaeia;o__Helarchaeales;f__HEL-GB-A;g__DATKTP01;s__	N/A	N/A	N/A	N/A	N/A	N/A	N/A	N/A	N/A	N/A	d__Archaea;p__Asgardarchaeota;c__Lokiarchaeia;o__Helarchaeales;f__HEL-GB-A;g__;s__	taxonomic novelty determined using RED	N/A	N/A	77.77	11	0.8591	N/A
GCA_013375455_1_ASM1337545v1	d__Archaea;p__Asgardarchaeota;c__Lokiarchaeia;o__Helarchaeales;f__HEL-GB-A;g__DATKTP01;s__	N/A	N/A	N/A	N/A	N/A	N/A	N/A	N/A	N/A	N/A	d__Archaea;p__Asgardarchaeota;c__Lokiarchaeia;o__Helarchaeales;f__HEL-GB-A;g__;s__	taxonomic novelty determined using RED	N/A	N/A	90.56	11	0.85682	N/A
GCA_013375475_1_ASM1337547v1	d__Archaea;p__Asgardarchaeota;c__Lokiarchaeia;o__Sigynarchaeales;f__SOKP01;g__SOKP01;s__SOKP01 sp013375475	GCA_013375475.1	95.0	d__Archaea;p__Asgardarchaeota;c__Lokiarchaeia;o__Sigynarchaeales;f__SOKP01;g__SOKP01;s__SOKP01 sp013375475	100.0	0.996	GCA_013375475.1	95.0	d__Archaea;p__Asgardarchaeota;c__Lokiarchaeia;o__Sigynarchaeales;f__SOKP01;g__SOKP01;s__SOKP01 sp013375475	100.0	0.996	d__Archaea;p__Asgardarchaeota;c__Lokiarchaeia;o__Sigynarchaeales;f__SOKP01;g__SOKP01;s__	taxonomic classification defined by topology and ANI	topological placement and ANI have congruent species assignments	GCA_029856235.1, s__SOKP01 sp029856235, 95.0, 93.0, 0.565; GCA_016839745.1, s__SOKP01 sp016839745, 95.0, 84.8, 0.267	84.4	11	N/A	N/A
GCA_013375485_1_ASM1337548v1	d__Archaea;p__Asgardarchaeota;c__Lokiarchaeia;o__Sigynarchaeales;f__SOKP01;g__Loki-b32;s__Loki-b32 sp013375485	GCA_013375485.1	95.0	d__Archaea;p__Asgardarchaeota;c__Lokiarchaeia;o__Sigynarchaeales;f__SOKP01;g__Loki-b32;s__Loki-b32 sp013375485	100.0	1.0	GCA_013375485.1	95.0	d__Archaea;p__Asgardarchaeota;c__Lokiarchaeia;o__Sigynarchaeales;f__SOKP01;g__Loki-b32;s__Loki-b32 sp013375485	100.0	1.0	d__Archaea;p__Asgardarchaeota;c__Lokiarchaeia;o__Sigynarchaeales;f__SOKP01;g__Loki-b32;s__	taxonomic classification defined by topology and ANI	topological placement and ANI have congruent species assignments	GCA_030605895.1, s__Loki-b32 sp030605895, 95.0, 89.6, 0.365; GCA_036478875.1, s__Loki-b32 sp036478875, 95.0, 88.81, 0.332; GCA_005223125.1, s__Loki-b32 sp005223125, 95.0, 84.58, 0.175	80.45	11	N/A	N/A
GCA_013375495_1_ASM1337549v1	d__Archaea;p__Asgardarchaeota;c__Lokiarchaeia;o__Sigynarchaeales;f__SOKP01;g__SOKP01;s__	N/A	N/A	N/A	N/A	N/A	GCA_016839745.1	95.0	d__Archaea;p__Asgardarchaeota;c__Lokiarchaeia;o__Sigynarchaeales;f__SOKP01;g__SOKP01;s__SOKP01 sp016839745	87.81	0.438	d__Archaea;p__Asgardarchaeota;c__Lokiarchaeia;o__Sigynarchaeales;f__SOKP01;g__SOKP01;s__	taxonomic classification defined by topology and ANI	N/A	GCA_029856235.1, s__SOKP01 sp029856235, 95.0, 84.83, 0.257; GCA_013375475.1, s__SOKP01 sp013375475, 95.0, 84.34, 0.258	81.85	11	0.98751	N/A
GCA_013388835_1_ASM1338883v1	d__Archaea;p__Asgardarchaeota;c__Thorarchaeia;o__Thorarchaeales;f__Thorarchaeaceae;g__JACAEL01;s__JACAEL01 sp013388835	GCA_013388835.1	95.0	d__Archaea;p__Asgardarchaeota;c__Thorarchaeia;o__Thorarchaeales;f__Thorarchaeaceae;g__JACAEL01;s__JACAEL01 sp013388835	100.0	1.0	GCA_013388835.1	95.0	d__Archaea;p__Asgardarchaeota;c__Thorarchaeia;o__Thorarchaeales;f__Thorarchaeaceae;g__JACAEL01;s__JACAEL01 sp013388835	100.0	1.0	d__Archaea;p__Asgardarchaeota;c__Thorarchaeia;o__Thorarchaeales;f__Thorarchaeaceae;g__;s__	taxonomic classification defined by topology and ANI	topological placement and ANI have congruent species assignments	N/A	90.4	11	N/A	N/A
GCA_014728035_1_ASM1472803v1	d__Archaea;p__Asgardarchaeota;c__Thorarchaeia;o__Thorarchaeales;f__Thorarchaeaceae;g__SHMX01;s__SHMX01 sp014728035	GCA_014728035.1	95.0	d__Archaea;p__Asgardarchaeota;c__Thorarchaeia;o__Thorarchaeales;f__Thorarchaeaceae;g__SHMX01;s__SHMX01 sp014728035	100.0	1.0	GCA_014728035.1	95.0	d__Archaea;p__Asgardarchaeota;c__Thorarchaeia;o__Thorarchaeales;f__Thorarchaeaceae;g__SHMX01;s__SHMX01 sp014728035	100.0	1.0	d__Archaea;p__Asgardarchaeota;c__Thorarchaeia;o__Thorarchaeales;f__Thorarchaeaceae;g__SHMX01;s__	taxonomic classification defined by topology and ANI	topological placement and ANI have congruent species assignments	N/A	82.93	11	N/A	N/A
GCA_014728645_1_ASM1472864v1	d__Archaea;p__Asgardarchaeota;c__Lokiarchaeia;o__Sigynarchaeales;f__SOKP01;g__LW40-45;s__	N/A	N/A	N/A	N/A	N/A	N/A	N/A	N/A	N/A	N/A	d__Archaea;p__Asgardarchaeota;c__Lokiarchaeia;o__Sigynarchaeales;f__SOKP01;g__;s__	taxonomic novelty determined using RED	N/A	N/A	60.05	11	0.91191	N/A
GCA_014729055_1_ASM1472905v1	d__Archaea;p__Asgardarchaeota;c__Lokiarchaeia;o__Sigynarchaeales;f__MK-D1;g__WJKO01;s__WJKO01 sp014729055	GCA_014729055.1	95.0	d__Archaea;p__Asgardarchaeota;c__Lokiarchaeia;o__Sigynarchaeales;f__MK-D1;g__WJKO01;s__WJKO01 sp014729055	100.0	0.999	GCA_014729055.1	95.0	d__Archaea;p__Asgardarchaeota;c__Lokiarchaeia;o__Sigynarchaeales;f__MK-D1;g__WJKO01;s__WJKO01 sp014729055	100.0	0.999	d__Archaea;p__Asgardarchaeota;c__Lokiarchaeia;o__Sigynarchaeales;f__MK-D1;g__;s__	taxonomic classification defined by topology and ANI	topological placement and ANI have congruent species assignments	N/A	75.09	11	N/A	N/A
GCA_014729315_1_ASM1472931v1	d__Archaea;p__Asgardarchaeota;c__Lokiarchaeia;o__Sigynarchaeales;f__SOKP01;g__LW40-45;s__	N/A	N/A	N/A	N/A	N/A	N/A	N/A	N/A	N/A	N/A	d__Archaea;p__Asgardarchaeota;c__Lokiarchaeia;o__Sigynarchaeales;f__SOKP01;g__;s__	taxonomic novelty determined using RED	N/A	N/A	78.29	11	0.91084	N/A
GCA_014729935_1_ASM1472993v1	d__Archaea;p__Asgardarchaeota;c__Lokiarchaeia;o__Sigynarchaeales;f__Sigynarchaeaceae;g__WJJB01;s__WJJB01 sp014729935	GCA_014729935.1	95.0	d__Archaea;p__Asgardarchaeota;c__Lokiarchaeia;o__Sigynarchaeales;f__Sigynarchaeaceae;g__WJJB01;s__WJJB01 sp014729935	100.0	1.0	GCA_014729935.1	95.0	d__Archaea;p__Asgardarchaeota;c__Lokiarchaeia;o__Sigynarchaeales;f__Sigynarchaeaceae;g__WJJB01;s__WJJB01 sp014729935	100.0	1.0	d__Archaea;p__Asgardarchaeota;c__Lokiarchaeia;o__Sigynarchaeales;f__Sigynarchaeaceae;g__;s__	taxonomic classification defined by topology and ANI	topological placement and ANI have congruent species assignments	N/A	77.61	11	N/A	N/A
GCA_014730125_1_ASM1473012v1	d__Archaea;p__Asgardarchaeota;c__Lokiarchaeia;o__Sigynarchaeales;f__SOKP01;g__TEKIR-8;s__TEKIR-8 sp014730165	GCA_014730165.1	95.0	d__Archaea;p__Asgardarchaeota;c__Lokiarchaeia;o__Sigynarchaeales;f__SOKP01;g__TEKIR-8;s__TEKIR-8 sp014730165	100.0	0.968	GCA_014730165.1	95.0	d__Archaea;p__Asgardarchaeota;c__Lokiarchaeia;o__Sigynarchaeales;f__SOKP01;g__TEKIR-8;s__TEKIR-8 sp014730165	100.0	0.968	d__Archaea;p__Asgardarchaeota;c__Lokiarchaeia;o__Sigynarchaeales;f__SOKP01;g__TEKIR-8;s__	taxonomic classification defined by topology and ANI	topological placement and ANI have congruent species assignments	N/A	85.52	11	N/A	N/A
GCA_014730165_1_ASM1473016v1	d__Archaea;p__Asgardarchaeota;c__Lokiarchaeia;o__Sigynarchaeales;f__SOKP01;g__TEKIR-8;s__TEKIR-8 sp014730165	GCA_014730165.1	95.0	d__Archaea;p__Asgardarchaeota;c__Lokiarchaeia;o__Sigynarchaeales;f__SOKP01;g__TEKIR-8;s__TEKIR-8 sp014730165	100.0	0.999	GCA_014730165.1	95.0	d__Archaea;p__Asgardarchaeota;c__Lokiarchaeia;o__Sigynarchaeales;f__SOKP01;g__TEKIR-8;s__TEKIR-8 sp014730165	100.0	0.999	d__Archaea;p__Asgardarchaeota;c__Lokiarchaeia;o__Sigynarchaeales;f__SOKP01;g__TEKIR-8;s__	taxonomic classification defined by topology and ANI	topological placement and ANI have congruent species assignments	N/A	83.87	11	N/A	N/A
GCA_014730275_1_ASM1473027v1	d__Archaea;p__Asgardarchaeota;c__Thorarchaeia;o__Thorarchaeales;f__Thorarchaeaceae;g__WJIL01;s__WJIL01 sp014730275	GCA_014730275.1	95.0	d__Archaea;p__Asgardarchaeota;c__Thorarchaeia;o__Thorarchaeales;f__Thorarchaeaceae;g__WJIL01;s__WJIL01 sp014730275	100.0	1.0	GCA_014730275.1	95.0	d__Archaea;p__Asgardarchaeota;c__Thorarchaeia;o__Thorarchaeales;f__Thorarchaeaceae;g__WJIL01;s__WJIL01 sp014730275	100.0	1.0	d__Archaea;p__Asgardarchaeota;c__Thorarchaeia;o__Thorarchaeales;f__Thorarchaeaceae;g__WJIL01;s__	taxonomic classification defined by topology and ANI	topological placement and ANI have congruent species assignments	GCA_018335335.1, s__WJIL01 sp018335335, 95.0, 89.51, 0.578	85.48	11	N/A	N/A
GCA_014730295_1_ASM1473029v1	d__Archaea;p__Asgardarchaeota;c__Lokiarchaeia;o__Sigynarchaeales;f__SOKP01;g__TEKIR-8;s__	N/A	N/A	N/A	N/A	N/A	GCA_008080735.1	95.0	d__Archaea;p__Asgardarchaeota;c__Lokiarchaeia;o__Sigynarchaeales;f__SOKP01;g__TEKIR-8;s__TEKIR-8 sp008080735	88.69	0.598	d__Archaea;p__Asgardarchaeota;c__Lokiarchaeia;o__Sigynarchaeales;f__SOKP01;g__TEKIR-8;s__	taxonomic classification defined by topology and ANI	N/A	N/A	91.37	11	0.97787	Genome not assigned to closest species as it falls outside its pre-defined ANI radius
GCA_015520535_1_ASM1552053v1	d__Archaea;p__Asgardarchaeota;c__Heimdallarchaeia;o__Hodarchaeales;f__S146-22;g__S146-22;s__S146-22 sp015520535	GCA_015520535.1	95.0	d__Archaea;p__Asgardarchaeota;c__Heimdallarchaeia;o__Hodarchaeales;f__S146-22;g__S146-22;s__S146-22 sp015520535	100.0	0.999	GCA_015520535.1	95.0	d__Archaea;p__Asgardarchaeota;c__Heimdallarchaeia;o__Hodarchaeales;f__S146-22;g__S146-22;s__S146-22 sp015520535	100.0	0.999	d__Archaea;p__Asgardarchaeota;c__Heimdallarchaeia;o__Hodarchaeales;f__S146-22;g__;s__	taxonomic classification defined by topology and ANI	topological placement and ANI have congruent species assignments	N/A	74.25	11	N/A	N/A
GCA_015521395_1_ASM1552139v1	d__Archaea;p__Asgardarchaeota;c__Njordarchaeia;o__Njordarchaeales;f__Njordarchaeaceae;g__;s__	N/A	N/A	N/A	N/A	N/A	N/A	N/A	N/A	N/A	N/A	d__Archaea;p__Asgardarchaeota;c__Njordarchaeia;o__Njordarchaeales;f__;g__;s__	taxonomic novelty determined using RED	N/A	N/A	68.17	11	0.76795	N/A
GCA_015522385_1_ASM1552238v1	d__Archaea;p__Asgardarchaeota;c__Heimdallarchaeia;o__Heimdallarchaeales;f__Kariarchaeaceae;g__S139-21;s__	N/A	N/A	N/A	N/A	N/A	GCA_027077875.1	95.0	d__Archaea;p__Asgardarchaeota;c__Heimdallarchaeia;o__Heimdallarchaeales;f__Kariarchaeaceae;g__S139-21;s__S139-21 sp027077875	93.73	0.719	d__Archaea;p__Asgardarchaeota;c__Heimdallarchaeia;o__Heimdallarchaeales;f__Kariarchaeaceae;g__;s__	taxonomic classification defined by topology and ANI	N/A	N/A	80.49	11	0.99839	Genome not assigned to closest species as it falls outside its pre-defined ANI radius
GCA_015523565_1_ASM1552356v1	d__Archaea;p__Asgardarchaeota;c__Heimdallarchaeia;o__Heimdallarchaeales;f__Kariarchaeaceae;g__WAKA01;s__WAKA01 sp015523565	GCA_015523565.1	95.0	d__Archaea;p__Asgardarchaeota;c__Heimdallarchaeia;o__Heimdallarchaeales;f__Kariarchaeaceae;g__WAKA01;s__WAKA01 sp015523565	100.0	1.0	GCA_015523565.1	95.0	d__Archaea;p__Asgardarchaeota;c__Heimdallarchaeia;o__Heimdallarchaeales;f__Kariarchaeaceae;g__WAKA01;s__WAKA01 sp015523565	100.0	1.0	d__Archaea;p__Asgardarchaeota;c__Heimdallarchaeia;o__Heimdallarchaeales;f__Kariarchaeaceae;g__WAKA01;s__	taxonomic classification defined by topology and ANI	topological placement and ANI have congruent species assignments	N/A	83.49	11	N/A	N/A
GCA_016292335_1_ASM1629233v1	d__Archaea;p__Asgardarchaeota;c__Sifarchaeia;o__Sifarchaeales;f__Sifarchaeaceae;g__Sifarchaeum;s__Sifarchaeum subterraneum	GCA_016292335.1	95.0	d__Archaea;p__Asgardarchaeota;c__Sifarchaeia;o__Sifarchaeales;f__Sifarchaeaceae;g__Sifarchaeum;s__Sifarchaeum subterraneum	100.0	0.999	GCA_016292335.1	95.0	d__Archaea;p__Asgardarchaeota;c__Sifarchaeia;o__Sifarchaeales;f__Sifarchaeaceae;g__Sifarchaeum;s__Sifarchaeum subterraneum	100.0	0.999	d__Archaea;p__Asgardarchaeota;c__Sifarchaeia;o__;f__;g__;s__	taxonomic classification defined by topology and ANI	topological placement and ANI have congruent species assignments	N/A	85.26	11	N/A	N/A
GCA_016294945_1_ASM1629494v1	d__Archaea;p__Asgardarchaeota;c__Sifarchaeia;o__Sifarchaeales;f__Sifarchaeaceae;g__Sifarchaeum;s__Sifarchaeum subterraneum	GCA_016292335.1	95.0	d__Archaea;p__Asgardarchaeota;c__Sifarchaeia;o__Sifarchaeales;f__Sifarchaeaceae;g__Sifarchaeum;s__Sifarchaeum subterraneum	100.0	0.609	GCA_016292335.1	95.0	d__Archaea;p__Asgardarchaeota;c__Sifarchaeia;o__Sifarchaeales;f__Sifarchaeaceae;g__Sifarchaeum;s__Sifarchaeum subterraneum	100.0	0.609	d__Archaea;p__Asgardarchaeota;c__Sifarchaeia;o__;f__;g__;s__	taxonomic classification defined by topology and ANI	topological placement and ANI have congruent species assignments	N/A	63.89	11	N/A	N/A
GCA_016294985_1_ASM1629498v1	d__Archaea;p__Asgardarchaeota;c__Sifarchaeia;o__Borrarchaeales;f__Borrarchaeaceae;g__Borrarchaeum;s__Borrarchaeum marinoarchaea	GCA_016294985.1	95.0	d__Archaea;p__Asgardarchaeota;c__Sifarchaeia;o__Borrarchaeales;f__Borrarchaeaceae;g__Borrarchaeum;s__Borrarchaeum marinoarchaea	100.0	0.998	GCA_016294985.1	95.0	d__Archaea;p__Asgardarchaeota;c__Sifarchaeia;o__Borrarchaeales;f__Borrarchaeaceae;g__Borrarchaeum;s__Borrarchaeum marinoarchaea	100.0	0.998	d__Archaea;p__Asgardarchaeota;c__Sifarchaeia;o__Borrarchaeales;f__Borrarchaeaceae;g__Borrarchaeum;s__	taxonomic classification defined by topology and ANI	topological placement and ANI have congruent species assignments	GCA_016840315.1, s__Borrarchaeum sp016840315, 95.0, 87.64, 0.207	70.11	11	N/A	N/A
GCA_016550385_1_ASM1655038v1	d__Archaea;p__Asgardarchaeota;c__Hermodarchaeia;o__Hermodarchaeales;f__Hermodarchaeaceae;g__Hermodarchaeum;s__Hermodarchaeum sp016550395	GCA_016550395.1	95.0	d__Archaea;p__Asgardarchaeota;c__Hermodarchaeia;o__Hermodarchaeales;f__Hermodarchaeaceae;g__Hermodarchaeum;s__Hermodarchaeum sp016550395	97.88	0.582	N/A	N/A	N/A	N/A	N/A	d__Archaea;p__Asgardarchaeota;c__Hermodarchaeia;o__Hermodarchaeales;f__Hermodarchaeaceae;g__Hermodarchaeum;s__	taxonomic classification defined by topology and ANI	topological placement and ANI have incongruent species assignments	GCA_016550395.1, s__Hermodarchaeum sp016550395, 95.0, 97.88, 0.582; GCA_016840405.1, s__Hermodarchaeum yapensis, 95.0, 90.36, 0.301; GCA_016839805.1, s__Hermodarchaeum sp016839805, 95.0, 89.46, 0.387	76.43	11	N/A	N/A
GCA_016550395_1_ASM1655039v1	d__Archaea;p__Asgardarchaeota;c__Hermodarchaeia;o__Hermodarchaeales;f__Hermodarchaeaceae;g__Hermodarchaeum;s__Hermodarchaeum sp016550395	GCA_016550395.1	95.0	d__Archaea;p__Asgardarchaeota;c__Hermodarchaeia;o__Hermodarchaeales;f__Hermodarchaeaceae;g__Hermodarchaeum;s__Hermodarchaeum sp016550395	100.0	0.998	GCA_016550395.1	95.0	d__Archaea;p__Asgardarchaeota;c__Hermodarchaeia;o__Hermodarchaeales;f__Hermodarchaeaceae;g__Hermodarchaeum;s__Hermodarchaeum sp016550395	100.0	0.998	d__Archaea;p__Asgardarchaeota;c__Hermodarchaeia;o__Hermodarchaeales;f__Hermodarchaeaceae;g__Hermodarchaeum;s__	taxonomic classification defined by topology and ANI	topological placement and ANI have congruent species assignments	GCA_016839805.1, s__Hermodarchaeum sp016839805, 95.0, 89.92, 0.507	80.59	11	N/A	N/A
GCA_016550405_1_ASM1655040v1	d__Archaea;p__Asgardarchaeota;c__Hermodarchaeia;o__Hermodarchaeales;f__Hermodarchaeaceae;g__Hermodarchaeum;s__	N/A	N/A	N/A	N/A	N/A	N/A	N/A	N/A	N/A	N/A	d__Archaea;p__Asgardarchaeota;c__Hermodarchaeia;o__Hermodarchaeales;f__Hermodarchaeaceae;g__Hermodarchaeum;s__	taxonomic classification fully defined by topology	N/A	N/A	70.71	11	0.95725	N/A
GCA_016550415_1_ASM1655041v1	d__Archaea;p__Asgardarchaeota;c__Hermodarchaeia;o__Hermodarchaeales;f__Hermodarchaeaceae;g__;s__	N/A	N/A	N/A	N/A	N/A	N/A	N/A	N/A	N/A	N/A	d__Archaea;p__Asgardarchaeota;c__Hermodarchaeia;o__Hermodarchaeales;f__Hermodarchaeaceae;g__;s__	taxonomic novelty determined using RED	N/A	N/A	77.3	11	0.80854	N/A
GCA_016550425_1_ASM1655042v1	d__Archaea;p__Asgardarchaeota;c__Hermodarchaeia;o__Hermodarchaeales;f__Hermodarchaeaceae;g__Hermodarchaeum;s__	N/A	N/A	N/A	N/A	N/A	N/A	N/A	N/A	N/A	N/A	d__Archaea;p__Asgardarchaeota;c__Hermodarchaeia;o__Hermodarchaeales;f__Hermodarchaeaceae;g__Hermodarchaeum;s__	taxonomic classification fully defined by topology	N/A	N/A	79.29	11	0.95654	N/A
GCA_016550485_1_ASM1655048v1	d__Archaea;p__Asgardarchaeota;c__Hermodarchaeia;o__Hermodarchaeales;f__Hermodarchaeaceae;g__YT-063;s__YT-063 sp016550485	GCA_016550485.1	95.0	d__Archaea;p__Asgardarchaeota;c__Hermodarchaeia;o__Hermodarchaeales;f__Hermodarchaeaceae;g__YT-063;s__YT-063 sp016550485	100.0	0.999	GCA_016550485.1	95.0	d__Archaea;p__Asgardarchaeota;c__Hermodarchaeia;o__Hermodarchaeales;f__Hermodarchaeaceae;g__YT-063;s__YT-063 sp016550485	100.0	0.999	d__Archaea;p__Asgardarchaeota;c__Hermodarchaeia;o__Hermodarchaeales;f__Hermodarchaeaceae;g__YT-063;s__	taxonomic classification defined by topology and ANI	topological placement and ANI have congruent species assignments	N/A	80.59	11	N/A	N/A
GCA_016550495_1_ASM1655049v1	d__Archaea;p__Asgardarchaeota;c__Hermodarchaeia;o__Hermodarchaeales;f__Hermodarchaeaceae;g__Hermodarchaeum;s__	N/A	N/A	N/A	N/A	N/A	N/A	N/A	N/A	N/A	N/A	d__Archaea;p__Asgardarchaeota;c__Hermodarchaeia;o__Hermodarchaeales;f__Hermodarchaeaceae;g__Hermodarchaeum;s__	taxonomic classification fully defined by topology	N/A	N/A	74.35	11	0.92612	N/A
GCA_016550505_1_ASM1655050v1	d__Archaea;p__Asgardarchaeota;c__Hermodarchaeia;o__Hermodarchaeales;f__Hermodarchaeaceae;g__YT-063;s__YT-063 sp016550485	GCA_016550485.1	95.0	d__Archaea;p__Asgardarchaeota;c__Hermodarchaeia;o__Hermodarchaeales;f__Hermodarchaeaceae;g__YT-063;s__YT-063 sp016550485	99.97	0.698	GCA_016550485.1	95.0	d__Archaea;p__Asgardarchaeota;c__Hermodarchaeia;o__Hermodarchaeales;f__Hermodarchaeaceae;g__YT-063;s__YT-063 sp016550485	99.97	0.698	d__Archaea;p__Asgardarchaeota;c__Hermodarchaeia;o__Hermodarchaeales;f__Hermodarchaeaceae;g__YT-063;s__	taxonomic classification defined by topology and ANI	topological placement and ANI have congruent species assignments	N/A	76.88	11	N/A	N/A
GCA_016649575_1_ASM1664957v1	d__Archaea;p__Asgardarchaeota;c__Heimdallarchaeia;o__JABLTI01;f__JABLTI01;g__JABLTI01;s__	N/A	N/A	N/A	N/A	N/A	N/A	N/A	N/A	N/A	N/A	d__Archaea;p__Asgardarchaeota;c__Heimdallarchaeia;o__JABLTI01;f__JABLTI01;g__JABLTI01;s__	taxonomic classification defined by topology and ANI	N/A	GCA_030671945.1, s__JABLTI01 sp030671945, 95.0, 85.09, 0.237; GCA_013166835.1, s__JABLTI01 sp013166835, 95.0, 84.26, 0.265; GCA_019058165.1, s__JABLTI01 sp019058165, 95.0, 84.22, 0.253; GCA_030629105.1, s__JABLTI01 sp030629105, 95.0, 84.03, 0.253	77.05	11	0.95921	N/A
GCA_016839245_1_ASM1683924v1	d__Archaea;p__Asgardarchaeota;c__Thorarchaeia;o__Thorarchaeales;f__Thorarchaeaceae;g__MP8T-1;s__	N/A	N/A	N/A	N/A	N/A	N/A	N/A	N/A	N/A	N/A	d__Archaea;p__Asgardarchaeota;c__Thorarchaeia;o__Thorarchaeales;f__Thorarchaeaceae;g__MP8T-1;s__	taxonomic classification fully defined by topology	N/A	N/A	86.68	11	0.9278	N/A
GCA_016839265_1_ASM1683926v1	d__Archaea;p__Asgardarchaeota;c__Odinarchaeia;o__Odinarchaeales;f__Odinarchaeaceae;g__Odinarchaeum;s__Odinarchaeum sp016839265	GCA_016839265.1	95.0	d__Archaea;p__Asgardarchaeota;c__Odinarchaeia;o__Odinarchaeales;f__Odinarchaeaceae;g__Odinarchaeum;s__Odinarchaeum sp016839265	100.0	1.0	GCA_016839265.1	95.0	d__Archaea;p__Asgardarchaeota;c__Odinarchaeia;o__Odinarchaeales;f__Odinarchaeaceae;g__Odinarchaeum;s__Odinarchaeum sp016839265	100.0	1.0	d__Archaea;p__Asgardarchaeota;c__Odinarchaeia;o__Odinarchaeales;f__Odinarchaeaceae;g__Odinarchaeum;s__	taxonomic classification defined by topology and ANI	topological placement and ANI have congruent species assignments	GCA_029856525.1, s__Odinarchaeum sp029856525, 95.0, 82.6, 0.181; GCA_001940665.2, s__Odinarchaeum yellowstonii, 95.0, 81.63, 0.177	97.58	11	N/A	N/A
GCA_016839275_1_ASM1683927v1	d__Archaea;p__Asgardarchaeota;c__Thorarchaeia;o__Thorarchaeales;f__Thorarchaeaceae;g__MP8T-1;s__MP8T-1 sp016839275	GCA_016839275.1	95.0	d__Archaea;p__Asgardarchaeota;c__Thorarchaeia;o__Thorarchaeales;f__Thorarchaeaceae;g__MP8T-1;s__MP8T-1 sp016839275	100.0	1.0	GCA_016839275.1	95.0	d__Archaea;p__Asgardarchaeota;c__Thorarchaeia;o__Thorarchaeales;f__Thorarchaeaceae;g__MP8T-1;s__MP8T-1 sp016839275	100.0	1.0	d__Archaea;p__Asgardarchaeota;c__Thorarchaeia;o__Thorarchaeales;f__Thorarchaeaceae;g__MP8T-1;s__	taxonomic classification defined by topology and ANI	topological placement and ANI have congruent species assignments	GCA_029858305.1, s__MP8T-1 sp029858305, 95.0, 83.71, 0.224	83.71	11	N/A	N/A
GCA_016839295_1_ASM1683929v1	d__Archaea;p__Asgardarchaeota;c__Heimdallarchaeia;o__Hodarchaeales;f__Hodarchaeaceae;g__Hodarchaeum;s__Hodarchaeum sp011364965	GCA_011364965.1	95.0	d__Archaea;p__Asgardarchaeota;c__Heimdallarchaeia;o__Hodarchaeales;f__Hodarchaeaceae;g__Hodarchaeum;s__Hodarchaeum sp011364965	99.86	0.936	GCA_011364965.1	95.0	d__Archaea;p__Asgardarchaeota;c__Heimdallarchaeia;o__Hodarchaeales;f__Hodarchaeaceae;g__Hodarchaeum;s__Hodarchaeum sp011364965	99.86	0.936	d__Archaea;p__Asgardarchaeota;c__Heimdallarchaeia;o__Hodarchaeales;f__Hodarchaeaceae;g__Hodarchaeum;s__	taxonomic classification defined by topology and ANI	topological placement and ANI have congruent species assignments	N/A	89.11	11	N/A	N/A
GCA_016839315_1_ASM1683931v1	d__Archaea;p__Asgardarchaeota;c__Lokiarchaeia;o__Sigynarchaeales;f__SOKP01;g__SOKP01;s__SOKP01 sp011364975	GCA_011364975.1	95.0	d__Archaea;p__Asgardarchaeota;c__Lokiarchaeia;o__Sigynarchaeales;f__SOKP01;g__SOKP01;s__SOKP01 sp011364975	99.07	0.919	GCA_011364975.1	95.0	d__Archaea;p__Asgardarchaeota;c__Lokiarchaeia;o__Sigynarchaeales;f__SOKP01;g__SOKP01;s__SOKP01 sp011364975	99.07	0.919	d__Archaea;p__Asgardarchaeota;c__Lokiarchaeia;o__Sigynarchaeales;f__SOKP01;g__SOKP01;s__	taxonomic classification defined by topology and ANI	topological placement and ANI have congruent species assignments	N/A	86.78	11	N/A	N/A
GCA_016839345_1_ASM1683934v1	d__Archaea;p__Asgardarchaeota;c__Thorarchaeia;o__Thorarchaeales;f__Thorarchaeaceae;g__SMTZ1-45;s__	N/A	N/A	N/A	N/A	N/A	N/A	N/A	N/A	N/A	N/A	d__Archaea;p__Asgardarchaeota;c__Thorarchaeia;o__Thorarchaeales;f__Thorarchaeaceae;g__SMTZ1-45;s__	taxonomic classification fully defined by topology	N/A	N/A	76.38	11	0.96679	N/A
GCA_016839365_1_ASM1683936v1	d__Archaea;p__Asgardarchaeota;c__Hermodarchaeia;o__Hermodarchaeales;f__Hermodarchaeaceae;g__Hermodarchaeum;s__Hermodarchaeum sp016839365	GCA_016839365.1	95.0	d__Archaea;p__Asgardarchaeota;c__Hermodarchaeia;o__Hermodarchaeales;f__Hermodarchaeaceae;g__Hermodarchaeum;s__Hermodarchaeum sp016839365	100.0	1.0	GCA_016839365.1	95.0	d__Archaea;p__Asgardarchaeota;c__Hermodarchaeia;o__Hermodarchaeales;f__Hermodarchaeaceae;g__Hermodarchaeum;s__Hermodarchaeum sp016839365	100.0	1.0	d__Archaea;p__Asgardarchaeota;c__Hermodarchaeia;o__Hermodarchaeales;f__Hermodarchaeaceae;g__Hermodarchaeum;s__	taxonomic classification defined by topology and ANI	topological placement and ANI have congruent species assignments	N/A	92.71	11	N/A	N/A
GCA_016839385_1_ASM1683938v1	d__Archaea;p__Asgardarchaeota;c__Lokiarchaeia;o__Sigynarchaeales;f__MK-D1;g__AMARA-1;s__	N/A	N/A	N/A	N/A	N/A	N/A	N/A	N/A	N/A	N/A	d__Archaea;p__Asgardarchaeota;c__Lokiarchaeia;o__Sigynarchaeales;f__MK-D1;g__AMARA-1;s__	taxonomic classification fully defined by topology	N/A	N/A	65.53	11	0.95253	N/A
GCA_016839405_1_ASM1683940v1	d__Archaea;p__Asgardarchaeota;c__Heimdallarchaeia;o__JABLTI01;f__JABLTI01;g__;s__	N/A	N/A	N/A	N/A	N/A	N/A	N/A	N/A	N/A	N/A	d__Archaea;p__Asgardarchaeota;c__Heimdallarchaeia;o__JABLTI01;f__JABLTI01;g__;s__	taxonomic novelty determined using RED	N/A	N/A	78.78	11	0.82771	N/A
GCA_016839425_1_ASM1683942v1	d__Archaea;p__Asgardarchaeota;c__Lokiarchaeia;o__Sigynarchaeales;f__SOKP01;g__FT1-020;s__	N/A	N/A	N/A	N/A	N/A	N/A	N/A	N/A	N/A	N/A	d__Archaea;p__Asgardarchaeota;c__Lokiarchaeia;o__Sigynarchaeales;f__SOKP01;g__FT1-020;s__	taxonomic classification fully defined by topology	N/A	N/A	69.39	11	0.98434	N/A
GCA_016839445_1_ASM1683944v1	d__Archaea;p__Asgardarchaeota;c__Thorarchaeia;o__Thorarchaeales;f__Thorarchaeaceae;g__FT1-004;s__FT1-004 sp016839445	GCA_016839445.1	95.0	d__Archaea;p__Asgardarchaeota;c__Thorarchaeia;o__Thorarchaeales;f__Thorarchaeaceae;g__FT1-004;s__FT1-004 sp016839445	100.0	1.0	GCA_016839445.1	95.0	d__Archaea;p__Asgardarchaeota;c__Thorarchaeia;o__Thorarchaeales;f__Thorarchaeaceae;g__FT1-004;s__FT1-004 sp016839445	100.0	1.0	d__Archaea;p__Asgardarchaeota;c__Thorarchaeia;o__Thorarchaeales;f__Thorarchaeaceae;g__;s__	taxonomic classification defined by topology and ANI	topological placement and ANI have congruent species assignments	N/A	78.93	11	N/A	N/A
GCA_016839465_1_ASM1683946v1	d__Archaea;p__Asgardarchaeota;c__Thorarchaeia;o__Thorarchaeales;f__Thorarchaeaceae;g__SMTZ1-45;s__SMTZ1-45 sp016840685	GCA_016840685.1	95.0	d__Archaea;p__Asgardarchaeota;c__Thorarchaeia;o__Thorarchaeales;f__Thorarchaeaceae;g__SMTZ1-45;s__SMTZ1-45 sp016840685	95.36	0.764	GCA_016840685.1	95.0	d__Archaea;p__Asgardarchaeota;c__Thorarchaeia;o__Thorarchaeales;f__Thorarchaeaceae;g__SMTZ1-45;s__SMTZ1-45 sp016840685	95.36	0.764	d__Archaea;p__Asgardarchaeota;c__Thorarchaeia;o__Thorarchaeales;f__Thorarchaeaceae;g__SMTZ1-45;s__	taxonomic classification defined by topology and ANI	topological placement and ANI have congruent species assignments	N/A	79.88	11	N/A	N/A
GCA_016839505_1_ASM1683950v1	d__Archaea;p__Asgardarchaeota;c__Heimdallarchaeia;o__Hodarchaeales;f__Hodarchaeaceae;g__Hodarchaeum;s__	N/A	N/A	N/A	N/A	N/A	N/A	N/A	N/A	N/A	N/A	d__Archaea;p__Asgardarchaeota;c__Heimdallarchaeia;o__Hodarchaeales;f__Hodarchaeaceae;g__Hodarchaeum;s__	taxonomic classification fully defined by topology	N/A	N/A	57.17	11	0.92466	N/A
GCA_016839515_1_ASM1683951v1	d__Archaea;p__Asgardarchaeota;c__Heimdallarchaeia;o__Hodarchaeales;f__Hodarchaeaceae;g__Hodarchaeum;s__Hodarchaeum mangrovi	GCA_016839515.1	95.0	d__Archaea;p__Asgardarchaeota;c__Heimdallarchaeia;o__Hodarchaeales;f__Hodarchaeaceae;g__Hodarchaeum;s__Hodarchaeum mangrovi	100.0	0.999	GCA_016839515.1	95.0	d__Archaea;p__Asgardarchaeota;c__Heimdallarchaeia;o__Hodarchaeales;f__Hodarchaeaceae;g__Hodarchaeum;s__Hodarchaeum mangrovi	100.0	0.999	d__Archaea;p__Asgardarchaeota;c__Heimdallarchaeia;o__Hodarchaeales;f__Hodarchaeaceae;g__Hodarchaeum;s__	taxonomic classification defined by topology and ANI	topological placement and ANI have congruent species assignments	N/A	85.52	11	N/A	N/A
GCA_016839545_1_ASM1683954v1	d__Archaea;p__Asgardarchaeota;c__Heimdallarchaeia;o__Heimdallarchaeales;f__Kariarchaeaceae;g__Kariarchaeum;s__Kariarchaeum sp016839545	GCA_016839545.1	95.0	d__Archaea;p__Asgardarchaeota;c__Heimdallarchaeia;o__Heimdallarchaeales;f__Kariarchaeaceae;g__Kariarchaeum;s__Kariarchaeum sp016839545	100.0	0.998	GCA_016839545.1	95.0	d__Archaea;p__Asgardarchaeota;c__Heimdallarchaeia;o__Heimdallarchaeales;f__Kariarchaeaceae;g__Kariarchaeum;s__Kariarchaeum sp016839545	100.0	0.998	d__Archaea;p__Asgardarchaeota;c__Heimdallarchaeia;o__Heimdallarchaeales;f__Kariarchaeaceae;g__Kariarchaeum;s__	taxonomic classification defined by topology and ANI	topological placement and ANI have congruent species assignments	N/A	59.97	11	N/A	N/A
GCA_016839555_1_ASM1683955v1	d__Archaea;p__Asgardarchaeota;c__Lokiarchaeia;o__Sigynarchaeales;f__SOKP01;g__TEKIR-8;s__TEKIR-8 sp016839555	GCA_016839555.1	95.0	d__Archaea;p__Asgardarchaeota;c__Lokiarchaeia;o__Sigynarchaeales;f__SOKP01;g__TEKIR-8;s__TEKIR-8 sp016839555	100.0	1.0	GCA_016839555.1	95.0	d__Archaea;p__Asgardarchaeota;c__Lokiarchaeia;o__Sigynarchaeales;f__SOKP01;g__TEKIR-8;s__TEKIR-8 sp016839555	100.0	1.0	d__Archaea;p__Asgardarchaeota;c__Lokiarchaeia;o__Sigynarchaeales;f__SOKP01;g__TEKIR-8;s__	taxonomic classification defined by topology and ANI	topological placement and ANI have congruent species assignments	N/A	88.43	11	N/A	N/A
GCA_016839585_1_ASM1683958v1	d__Archaea;p__Asgardarchaeota;c__Lokiarchaeia;o__Sigynarchaeales;f__SOKP01;g__Loki-b32;s__Loki-b32 sp016839585	GCA_016839585.1	95.0	d__Archaea;p__Asgardarchaeota;c__Lokiarchaeia;o__Sigynarchaeales;f__SOKP01;g__Loki-b32;s__Loki-b32 sp016839585	100.0	1.0	GCA_016839585.1	95.0	d__Archaea;p__Asgardarchaeota;c__Lokiarchaeia;o__Sigynarchaeales;f__SOKP01;g__Loki-b32;s__Loki-b32 sp016839585	100.0	1.0	d__Archaea;p__Asgardarchaeota;c__Lokiarchaeia;o__Sigynarchaeales;f__SOKP01;g__Loki-b32;s__	taxonomic classification defined by topology and ANI	topological placement and ANI have congruent species assignments	GCA_019057865.1, s__Loki-b32 sp019057865, 95.0, 93.03, 0.62	88.79	11	N/A	N/A
GCA_016839605_1_ASM1683960v1	d__Archaea;p__Asgardarchaeota;c__Thorarchaeia;o__Thorarchaeales;f__Thorarchaeaceae;g__SMTZ1-83;s__SMTZ1-83 sp016839605	GCA_016839605.1	95.0	d__Archaea;p__Asgardarchaeota;c__Thorarchaeia;o__Thorarchaeales;f__Thorarchaeaceae;g__SMTZ1-83;s__SMTZ1-83 sp016839605	100.0	0.999	GCA_016839605.1	95.0	d__Archaea;p__Asgardarchaeota;c__Thorarchaeia;o__Thorarchaeales;f__Thorarchaeaceae;g__SMTZ1-83;s__SMTZ1-83 sp016839605	100.0	0.999	d__Archaea;p__Asgardarchaeota;c__Thorarchaeia;o__Thorarchaeales;f__Thorarchaeaceae;g__SMTZ1-83;s__	taxonomic classification defined by topology and ANI	topological placement and ANI have congruent species assignments	N/A	80.53	11	N/A	N/A
GCA_016839625_1_ASM1683962v1	d__Archaea;p__Asgardarchaeota;c__Heimdallarchaeia;o__Hodarchaeales;f__Hodarchaeaceae;g__Hodarchaeum;s__Hodarchaeum sp016839625	GCA_016839625.1	95.0	d__Archaea;p__Asgardarchaeota;c__Heimdallarchaeia;o__Hodarchaeales;f__Hodarchaeaceae;g__Hodarchaeum;s__Hodarchaeum sp016839625	100.0	0.998	GCA_016839625.1	95.0	d__Archaea;p__Asgardarchaeota;c__Heimdallarchaeia;o__Hodarchaeales;f__Hodarchaeaceae;g__Hodarchaeum;s__Hodarchaeum sp016839625	100.0	0.998	d__Archaea;p__Asgardarchaeota;c__Heimdallarchaeia;o__Hodarchaeales;f__Hodarchaeaceae;g__Hodarchaeum;s__	taxonomic classification defined by topology and ANI	topological placement and ANI have congruent species assignments	N/A	75.51	11	N/A	N/A
GCA_016839635_1_ASM1683963v1	d__Archaea;p__Asgardarchaeota;c__Lokiarchaeia;o__Sigynarchaeales;f__SOKP01;g__Loki-b32;s__	N/A	N/A	N/A	N/A	N/A	GCA_029856145.1	95.0	d__Archaea;p__Asgardarchaeota;c__Lokiarchaeia;o__Sigynarchaeales;f__SOKP01;g__Loki-b32;s__Loki-b32 sp029856145	85.23	0.276	d__Archaea;p__Asgardarchaeota;c__Lokiarchaeia;o__Sigynarchaeales;f__SOKP01;g__Loki-b32;s__	taxonomic classification defined by topology and ANI	N/A	N/A	77.35	11	0.97117	N/A
GCA_016839655_1_ASM1683965v1	d__Archaea;p__Asgardarchaeota;c__Lokiarchaeia;o__Sigynarchaeales;f__SOKP01;g__Loki-b32;s__	N/A	N/A	N/A	N/A	N/A	N/A	N/A	N/A	N/A	N/A	d__Archaea;p__Asgardarchaeota;c__Lokiarchaeia;o__Sigynarchaeales;f__SOKP01;g__Loki-b32;s__	taxonomic classification fully defined by topology	N/A	N/A	78.24	11	0.96812	N/A
GCA_016839665_1_ASM1683966v1	d__Archaea;p__Asgardarchaeota;c__Heimdallarchaeia;o__Hodarchaeales;f__Hodarchaeaceae;g__Hodarchaeum;s__	N/A	N/A	N/A	N/A	N/A	GCA_016839625.1	95.0	d__Archaea;p__Asgardarchaeota;c__Heimdallarchaeia;o__Hodarchaeales;f__Hodarchaeaceae;g__Hodarchaeum;s__Hodarchaeum sp016839625	89.48	0.486	d__Archaea;p__Asgardarchaeota;c__Heimdallarchaeia;o__Hodarchaeales;f__Hodarchaeaceae;g__Hodarchaeum;s__	taxonomic classification defined by topology and ANI	N/A	N/A	59.15	11	0.97885	N/A
GCA_016839705_1_ASM1683970v1	d__Archaea;p__Asgardarchaeota;c__Lokiarchaeia;o__Sigynarchaeales;f__SOKP01;g__Loki-b32;s__Loki-b32 sp016839705	GCA_016839705.1	95.0	d__Archaea;p__Asgardarchaeota;c__Lokiarchaeia;o__Sigynarchaeales;f__SOKP01;g__Loki-b32;s__Loki-b32 sp016839705	100.0	1.0	GCA_016839705.1	95.0	d__Archaea;p__Asgardarchaeota;c__Lokiarchaeia;o__Sigynarchaeales;f__SOKP01;g__Loki-b32;s__Loki-b32 sp016839705	100.0	1.0	d__Archaea;p__Asgardarchaeota;c__Lokiarchaeia;o__Sigynarchaeales;f__SOKP01;g__Loki-b32;s__	taxonomic classification defined by topology and ANI	topological placement and ANI have congruent species assignments	N/A	88.34	11	N/A	N/A
GCA_016839745_1_ASM1683974v1	d__Archaea;p__Asgardarchaeota;c__Lokiarchaeia;o__Sigynarchaeales;f__SOKP01;g__SOKP01;s__SOKP01 sp016839745	GCA_016839745.1	95.0	d__Archaea;p__Asgardarchaeota;c__Lokiarchaeia;o__Sigynarchaeales;f__SOKP01;g__SOKP01;s__SOKP01 sp016839745	100.0	1.0	GCA_016839745.1	95.0	d__Archaea;p__Asgardarchaeota;c__Lokiarchaeia;o__Sigynarchaeales;f__SOKP01;g__SOKP01;s__SOKP01 sp016839745	100.0	1.0	d__Archaea;p__Asgardarchaeota;c__Lokiarchaeia;o__Sigynarchaeales;f__SOKP01;g__SOKP01;s__	taxonomic classification defined by topology and ANI	topological placement and ANI have congruent species assignments	GCA_029856235.1, s__SOKP01 sp029856235, 95.0, 85.11, 0.275; GCA_013375475.1, s__SOKP01 sp013375475, 95.0, 84.8, 0.267	75.8	11	N/A	N/A
GCA_016839765_1_ASM1683976v1	d__Archaea;p__Asgardarchaeota;c__Lokiarchaeia;o__Sigynarchaeales;f__SOKP01;g__SOKP01;s__SOKP01 sp016839765	GCA_016839765.1	95.0	d__Archaea;p__Asgardarchaeota;c__Lokiarchaeia;o__Sigynarchaeales;f__SOKP01;g__SOKP01;s__SOKP01 sp016839765	100.0	1.0	GCA_016839765.1	95.0	d__Archaea;p__Asgardarchaeota;c__Lokiarchaeia;o__Sigynarchaeales;f__SOKP01;g__SOKP01;s__SOKP01 sp016839765	100.0	1.0	d__Archaea;p__Asgardarchaeota;c__Lokiarchaeia;o__Sigynarchaeales;f__SOKP01;g__SOKP01;s__	taxonomic classification defined by topology and ANI	topological placement and ANI have congruent species assignments	GCA_016840545.1, s__SOKP01 sp016840545, 95.0, 93.92, 0.667	83.27	11	N/A	N/A
GCA_016839785_1_ASM1683978v1	d__Archaea;p__Asgardarchaeota;c__Heimdallarchaeia;o__Hodarchaeales;f__Hodarchaeaceae;g__Hodarchaeum;s__Hodarchaeum sp016839785	GCA_016839785.1	95.0	d__Archaea;p__Asgardarchaeota;c__Heimdallarchaeia;o__Hodarchaeales;f__Hodarchaeaceae;g__Hodarchaeum;s__Hodarchaeum sp016839785	100.0	1.0	GCA_016839785.1	95.0	d__Archaea;p__Asgardarchaeota;c__Heimdallarchaeia;o__Hodarchaeales;f__Hodarchaeaceae;g__Hodarchaeum;s__Hodarchaeum sp016839785	100.0	1.0	d__Archaea;p__Asgardarchaeota;c__Heimdallarchaeia;o__Hodarchaeales;f__Hodarchaeaceae;g__Hodarchaeum;s__	taxonomic classification defined by topology and ANI	topological placement and ANI have congruent species assignments	N/A	80.67	11	N/A	N/A
GCA_016839805_1_ASM1683980v1	d__Archaea;p__Asgardarchaeota;c__Hermodarchaeia;o__Hermodarchaeales;f__Hermodarchaeaceae;g__Hermodarchaeum;s__Hermodarchaeum sp016839805	GCA_016839805.1	95.0	d__Archaea;p__Asgardarchaeota;c__Hermodarchaeia;o__Hermodarchaeales;f__Hermodarchaeaceae;g__Hermodarchaeum;s__Hermodarchaeum sp016839805	100.0	0.999	GCA_016839805.1	95.0	d__Archaea;p__Asgardarchaeota;c__Hermodarchaeia;o__Hermodarchaeales;f__Hermodarchaeaceae;g__Hermodarchaeum;s__Hermodarchaeum sp016839805	100.0	0.999	d__Archaea;p__Asgardarchaeota;c__Hermodarchaeia;o__Hermodarchaeales;f__Hermodarchaeaceae;g__Hermodarchaeum;s__	taxonomic classification defined by topology and ANI	topological placement and ANI have congruent species assignments	GCA_016550395.1, s__Hermodarchaeum sp016550395, 95.0, 89.92, 0.507	92.0	11	N/A	N/A
GCA_016839815_1_ASM1683981v1	d__Archaea;p__Asgardarchaeota;c__Heimdallarchaeia;o__Hodarchaeales;f__Hodarchaeaceae;g__Hodarchaeum;s__Hodarchaeum sp016839815	GCA_016839815.1	95.0	d__Archaea;p__Asgardarchaeota;c__Heimdallarchaeia;o__Hodarchaeales;f__Hodarchaeaceae;g__Hodarchaeum;s__Hodarchaeum sp016839815	100.0	1.0	GCA_016839815.1	95.0	d__Archaea;p__Asgardarchaeota;c__Heimdallarchaeia;o__Hodarchaeales;f__Hodarchaeaceae;g__Hodarchaeum;s__Hodarchaeum sp016839815	100.0	1.0	d__Archaea;p__Asgardarchaeota;c__Heimdallarchaeia;o__Hodarchaeales;f__Hodarchaeaceae;g__Hodarchaeum;s__	taxonomic classification defined by topology and ANI	topological placement and ANI have congruent species assignments	N/A	85.88	11	N/A	N/A
GCA_016839845_1_ASM1683984v1	d__Archaea;p__Asgardarchaeota;c__Lokiarchaeia;o__Sigynarchaeales;f__SOKP01;g__Loki-b32;s__	N/A	N/A	N/A	N/A	N/A	N/A	N/A	N/A	N/A	N/A	d__Archaea;p__Asgardarchaeota;c__Lokiarchaeia;o__Sigynarchaeales;f__SOKP01;g__Loki-b32;s__	taxonomic classification fully defined by topology	N/A	N/A	83.6	11	0.93866	N/A
GCA_016839865_1_ASM1683986v1	d__Archaea;p__Asgardarchaeota;c__Lokiarchaeia;o__Sigynarchaeales;f__MK-D1;g__AMARA-1;s__	N/A	N/A	N/A	N/A	N/A	N/A	N/A	N/A	N/A	N/A	d__Archaea;p__Asgardarchaeota;c__Lokiarchaeia;o__Sigynarchaeales;f__MK-D1;g__AMARA-1;s__	taxonomic classification fully defined by topology	N/A	N/A	77.51	11	0.94553	N/A
GCA_016839875_1_ASM1683987v1	d__Archaea;p__Asgardarchaeota;c__Heimdallarchaeia;o__Heimdallarchaeales;f__Heimdallarchaeaceae;g__UBA460;s__	N/A	N/A	N/A	N/A	N/A	N/A	N/A	N/A	N/A	N/A	d__Archaea;p__Asgardarchaeota;c__Heimdallarchaeia;o__Heimdallarchaeales;f__Heimdallarchaeaceae;g__UBA460;s__	taxonomic classification fully defined by topology	N/A	N/A	84.06	11	0.94228	N/A
GCA_016839905_1_ASM1683990v1	d__Archaea;p__Asgardarchaeota;c__Lokiarchaeia;o__Sigynarchaeales;f__SOKP01;g__;s__	N/A	N/A	N/A	N/A	N/A	N/A	N/A	N/A	N/A	N/A	d__Archaea;p__Asgardarchaeota;c__Lokiarchaeia;o__Sigynarchaeales;f__SOKP01;g__;s__	taxonomic classification fully defined by topology	N/A	N/A	80.77	11	0.88743	N/A
GCA_016839915_1_ASM1683991v1	d__Archaea;p__Asgardarchaeota;c__Lokiarchaeia;o__Sigynarchaeales;f__SOKP01;g__Loki-b32;s__Loki-b32 sp016839915	GCA_016839915.1	95.0	d__Archaea;p__Asgardarchaeota;c__Lokiarchaeia;o__Sigynarchaeales;f__SOKP01;g__Loki-b32;s__Loki-b32 sp016839915	100.0	1.0	GCA_016839915.1	95.0	d__Archaea;p__Asgardarchaeota;c__Lokiarchaeia;o__Sigynarchaeales;f__SOKP01;g__Loki-b32;s__Loki-b32 sp016839915	100.0	1.0	d__Archaea;p__Asgardarchaeota;c__Lokiarchaeia;o__Sigynarchaeales;f__SOKP01;g__Loki-b32;s__	taxonomic classification defined by topology and ANI	topological placement and ANI have congruent species assignments	N/A	89.17	11	N/A	N/A
GCA_016839945_1_ASM1683994v1	d__Archaea;p__Asgardarchaeota;c__Heimdallarchaeia;o__Heimdallarchaeales;f__Heimdallarchaeaceae;g__UBA460;s__UBA460 sp016839945	GCA_016839945.1	95.0	d__Archaea;p__Asgardarchaeota;c__Heimdallarchaeia;o__Heimdallarchaeales;f__Heimdallarchaeaceae;g__UBA460;s__UBA460 sp016839945	100.0	1.0	GCA_016839945.1	95.0	d__Archaea;p__Asgardarchaeota;c__Heimdallarchaeia;o__Heimdallarchaeales;f__Heimdallarchaeaceae;g__UBA460;s__UBA460 sp016839945	100.0	1.0	d__Archaea;p__Asgardarchaeota;c__Heimdallarchaeia;o__Heimdallarchaeales;f__Heimdallarchaeaceae;g__UBA460;s__	taxonomic classification defined by topology and ANI	topological placement and ANI have congruent species assignments	GCA_016839985.1, s__UBA460 sp016839985, 95.0, 88.28, 0.432	81.43	11	N/A	N/A
GCA_016839955_1_ASM1683995v1	d__Archaea;p__Asgardarchaeota;c__Heimdallarchaeia;o__Hodarchaeales;f__;g__;s__	N/A	N/A	N/A	N/A	N/A	N/A	N/A	N/A	N/A	N/A	d__Archaea;p__Asgardarchaeota;c__Heimdallarchaeia;o__;f__;g__;s__	taxonomic novelty determined using RED	N/A	N/A	68.9	11	0.56201	N/A
GCA_016839985_1_ASM1683998v1	d__Archaea;p__Asgardarchaeota;c__Heimdallarchaeia;o__Heimdallarchaeales;f__Heimdallarchaeaceae;g__UBA460;s__UBA460 sp016839985	GCA_016839985.1	95.0	d__Archaea;p__Asgardarchaeota;c__Heimdallarchaeia;o__Heimdallarchaeales;f__Heimdallarchaeaceae;g__UBA460;s__UBA460 sp016839985	100.0	1.0	GCA_016839985.1	95.0	d__Archaea;p__Asgardarchaeota;c__Heimdallarchaeia;o__Heimdallarchaeales;f__Heimdallarchaeaceae;g__UBA460;s__UBA460 sp016839985	100.0	1.0	d__Archaea;p__Asgardarchaeota;c__Heimdallarchaeia;o__Heimdallarchaeales;f__Heimdallarchaeaceae;g__UBA460;s__	taxonomic classification defined by topology and ANI	topological placement and ANI have congruent species assignments	GCA_016839945.1, s__UBA460 sp016839945, 95.0, 88.28, 0.432	68.77	11	N/A	N/A
GCA_016839995_1_ASM1683999v1	d__Archaea;p__Asgardarchaeota;c__Hermodarchaeia;o__Hermodarchaeales;f__Hermodarchaeaceae;g__Hermodarchaeum;s__Hermodarchaeum sp016839995	GCA_016839995.1	95.0	d__Archaea;p__Asgardarchaeota;c__Hermodarchaeia;o__Hermodarchaeales;f__Hermodarchaeaceae;g__Hermodarchaeum;s__Hermodarchaeum sp016839995	100.0	1.0	GCA_016839995.1	95.0	d__Archaea;p__Asgardarchaeota;c__Hermodarchaeia;o__Hermodarchaeales;f__Hermodarchaeaceae;g__Hermodarchaeum;s__Hermodarchaeum sp016839995	100.0	1.0	d__Archaea;p__Asgardarchaeota;c__Hermodarchaeia;o__Hermodarchaeales;f__Hermodarchaeaceae;g__Hermodarchaeum;s__	taxonomic classification defined by topology and ANI	topological placement and ANI have congruent species assignments	N/A	79.98	11	N/A	N/A
GCA_016840025_1_ASM1684002v1	d__Archaea;p__Asgardarchaeota;c__Heimdallarchaeia;o__Hodarchaeales;f__;g__;s__	N/A	N/A	N/A	N/A	N/A	N/A	N/A	N/A	N/A	N/A	d__Archaea;p__Asgardarchaeota;c__Heimdallarchaeia;o__;f__;g__;s__	taxonomic novelty determined using RED	N/A	N/A	78.11	11	0.5424	N/A
GCA_016840035_1_ASM1684003v1	d__Archaea;p__Asgardarchaeota;c__Heimdallarchaeia;o__Hodarchaeales;f__Hodarchaeaceae;g__Hodarchaeum;s__Hodarchaeum sp016840035	GCA_016840035.1	95.0	d__Archaea;p__Asgardarchaeota;c__Heimdallarchaeia;o__Hodarchaeales;f__Hodarchaeaceae;g__Hodarchaeum;s__Hodarchaeum sp016840035	100.0	0.999	GCA_016840035.1	95.0	d__Archaea;p__Asgardarchaeota;c__Heimdallarchaeia;o__Hodarchaeales;f__Hodarchaeaceae;g__Hodarchaeum;s__Hodarchaeum sp016840035	100.0	0.999	d__Archaea;p__Asgardarchaeota;c__Heimdallarchaeia;o__Hodarchaeales;f__Hodarchaeaceae;g__Hodarchaeum;s__	taxonomic classification defined by topology and ANI	topological placement and ANI have congruent species assignments	N/A	81.05	11	N/A	N/A
GCA_016840065_1_ASM1684006v1	d__Archaea;p__Asgardarchaeota;c__Hermodarchaeia;o__Hermodarchaeales;f__Hermodarchaeaceae;g__YT-063;s__YT-063 sp016840065	GCA_016840065.1	95.0	d__Archaea;p__Asgardarchaeota;c__Hermodarchaeia;o__Hermodarchaeales;f__Hermodarchaeaceae;g__YT-063;s__YT-063 sp016840065	100.0	0.999	GCA_016840065.1	95.0	d__Archaea;p__Asgardarchaeota;c__Hermodarchaeia;o__Hermodarchaeales;f__Hermodarchaeaceae;g__YT-063;s__YT-063 sp016840065	100.0	0.999	d__Archaea;p__Asgardarchaeota;c__Hermodarchaeia;o__Hermodarchaeales;f__Hermodarchaeaceae;g__YT-063;s__	taxonomic classification defined by topology and ANI	topological placement and ANI have congruent species assignments	N/A	93.1	11	N/A	N/A
GCA_016840085_1_ASM1684008v1	d__Archaea;p__Asgardarchaeota;c__Lokiarchaeia;o__Sigynarchaeales;f__SOKP01;g__Loki-b32;s__Loki-b32 sp016840085	GCA_016840085.1	95.0	d__Archaea;p__Asgardarchaeota;c__Lokiarchaeia;o__Sigynarchaeales;f__SOKP01;g__Loki-b32;s__Loki-b32 sp016840085	99.99	1.0	GCA_016840085.1	95.0	d__Archaea;p__Asgardarchaeota;c__Lokiarchaeia;o__Sigynarchaeales;f__SOKP01;g__Loki-b32;s__Loki-b32 sp016840085	99.99	1.0	d__Archaea;p__Asgardarchaeota;c__Lokiarchaeia;o__Sigynarchaeales;f__SOKP01;g__Loki-b32;s__	taxonomic classification defined by topology and ANI	topological placement and ANI have congruent species assignments	N/A	93.17	11	N/A	N/A
GCA_016840095_1_ASM1684009v1	d__Archaea;p__Asgardarchaeota;c__Heimdallarchaeia;o__Heimdallarchaeales;f__Heimdallarchaeaceae;g__UBA460;s__UBA460 sp016840095	GCA_016840095.1	95.0	d__Archaea;p__Asgardarchaeota;c__Heimdallarchaeia;o__Heimdallarchaeales;f__Heimdallarchaeaceae;g__UBA460;s__UBA460 sp016840095	100.0	1.0	GCA_016840095.1	95.0	d__Archaea;p__Asgardarchaeota;c__Heimdallarchaeia;o__Heimdallarchaeales;f__Heimdallarchaeaceae;g__UBA460;s__UBA460 sp016840095	100.0	1.0	d__Archaea;p__Asgardarchaeota;c__Heimdallarchaeia;o__Heimdallarchaeales;f__Heimdallarchaeaceae;g__UBA460;s__	taxonomic classification defined by topology and ANI	topological placement and ANI have congruent species assignments	GCA_001940755.1, s__UBA460 sp001940755, 95.0, 85.14, 0.229	93.56	11	N/A	N/A
GCA_016840125_1_ASM1684012v1	d__Archaea;p__Asgardarchaeota;c__Lokiarchaeia;o__Helarchaeales;f__HEL-GB-A;g__DATKTP01;s__	N/A	N/A	N/A	N/A	N/A	N/A	N/A	N/A	N/A	N/A	d__Archaea;p__Asgardarchaeota;c__Lokiarchaeia;o__Helarchaeales;f__HEL-GB-A;g__;s__	taxonomic novelty determined using RED	N/A	N/A	90.52	11	0.86039	N/A
GCA_016840135_1_ASM1684013v1	d__Archaea;p__Asgardarchaeota;c__Hermodarchaeia;o__Hermodarchaeales;f__Hermodarchaeaceae;g__YT-063;s__YT-063 sp016840135	GCA_016840135.1	95.0	d__Archaea;p__Asgardarchaeota;c__Hermodarchaeia;o__Hermodarchaeales;f__Hermodarchaeaceae;g__YT-063;s__YT-063 sp016840135	100.0	0.996	GCA_016840135.1	95.0	d__Archaea;p__Asgardarchaeota;c__Hermodarchaeia;o__Hermodarchaeales;f__Hermodarchaeaceae;g__YT-063;s__YT-063 sp016840135	100.0	0.996	d__Archaea;p__Asgardarchaeota;c__Hermodarchaeia;o__Hermodarchaeales;f__Hermodarchaeaceae;g__YT-063;s__	taxonomic classification defined by topology and ANI	topological placement and ANI have congruent species assignments	N/A	79.27	11	N/A	N/A
GCA_016840165_1_ASM1684016v1	d__Archaea;p__Asgardarchaeota;c__Lokiarchaeia;o__Sigynarchaeales;f__SOKP01;g__SOKP01;s__SOKP01 sp016840165	GCA_016840165.1	95.0	d__Archaea;p__Asgardarchaeota;c__Lokiarchaeia;o__Sigynarchaeales;f__SOKP01;g__SOKP01;s__SOKP01 sp016840165	100.0	1.0	GCA_016840165.1	95.0	d__Archaea;p__Asgardarchaeota;c__Lokiarchaeia;o__Sigynarchaeales;f__SOKP01;g__SOKP01;s__SOKP01 sp016840165	100.0	1.0	d__Archaea;p__Asgardarchaeota;c__Lokiarchaeia;o__Sigynarchaeales;f__SOKP01;g__SOKP01;s__	taxonomic classification defined by topology and ANI	topological placement and ANI have congruent species assignments	N/A	87.41	11	N/A	N/A
GCA_016840185_1_ASM1684018v1	d__Archaea;p__Asgardarchaeota;c__Hermodarchaeia;o__Hermodarchaeales;f__Hermodarchaeaceae;g__Hermodarchaeum;s__	N/A	N/A	N/A	N/A	N/A	N/A	N/A	N/A	N/A	N/A	d__Archaea;p__Asgardarchaeota;c__Hermodarchaeia;o__Hermodarchaeales;f__Hermodarchaeaceae;g__Hermodarchaeum;s__	taxonomic classification fully defined by topology	N/A	N/A	85.15	11	0.9621	N/A
GCA_016840245_1_ASM1684024v1	d__Archaea;p__Asgardarchaeota;c__Thorarchaeia;o__Thorarchaeales;f__Thorarchaeaceae;g__;s__	N/A	N/A	N/A	N/A	N/A	N/A	N/A	N/A	N/A	N/A	d__Archaea;p__Asgardarchaeota;c__Thorarchaeia;o__Thorarchaeales;f__Thorarchaeaceae;g__;s__	taxonomic classification fully defined by topology	N/A	N/A	70.29	11	0.87651	N/A
GCA_016840265_1_ASM1684026v1	d__Archaea;p__Asgardarchaeota;c__Heimdallarchaeia;o__Hodarchaeales;f__;g__;s__	N/A	N/A	N/A	N/A	N/A	N/A	N/A	N/A	N/A	N/A	d__Archaea;p__Asgardarchaeota;c__Heimdallarchaeia;o__;f__;g__;s__	taxonomic novelty determined using RED	N/A	N/A	45.82	11	0.54503	N/A
GCA_016840285_1_ASM1684028v1	d__Archaea;p__Asgardarchaeota;c__Heimdallarchaeia;o__Hodarchaeales;f__Hodarchaeaceae;g__Hodarchaeum;s__	N/A	N/A	N/A	N/A	N/A	GCA_020353515.1	95.0	d__Archaea;p__Asgardarchaeota;c__Heimdallarchaeia;o__Hodarchaeales;f__Hodarchaeaceae;g__Hodarchaeum;s__Hodarchaeum sp020353515	82.51	0.152	d__Archaea;p__Asgardarchaeota;c__Heimdallarchaeia;o__Hodarchaeales;f__Hodarchaeaceae;g__Hodarchaeum;s__	taxonomic classification defined by topology and ANI	N/A	N/A	86.23	11	0.97486	N/A
GCA_016840305_1_ASM1684030v1	d__Archaea;p__Asgardarchaeota;c__Heimdallarchaeia;o__Hodarchaeales;f__Hodarchaeaceae;g__Hodarchaeum;s__	N/A	N/A	N/A	N/A	N/A	N/A	N/A	N/A	N/A	N/A	d__Archaea;p__Asgardarchaeota;c__Heimdallarchaeia;o__Hodarchaeales;f__Hodarchaeaceae;g__Hodarchaeum;s__	taxonomic classification fully defined by topology	N/A	N/A	76.37	11	0.9387	N/A
GCA_016840315_1_ASM1684031v1	d__Archaea;p__Asgardarchaeota;c__Sifarchaeia;o__Borrarchaeales;f__Borrarchaeaceae;g__Borrarchaeum;s__Borrarchaeum sp016840315	GCA_016840315.1	95.0	d__Archaea;p__Asgardarchaeota;c__Sifarchaeia;o__Borrarchaeales;f__Borrarchaeaceae;g__Borrarchaeum;s__Borrarchaeum sp016840315	100.0	0.997	GCA_016840315.1	95.0	d__Archaea;p__Asgardarchaeota;c__Sifarchaeia;o__Borrarchaeales;f__Borrarchaeaceae;g__Borrarchaeum;s__Borrarchaeum sp016840315	100.0	0.997	d__Archaea;p__Asgardarchaeota;c__Sifarchaeia;o__Borrarchaeales;f__Borrarchaeaceae;g__Borrarchaeum;s__	taxonomic classification defined by topology and ANI	topological placement and ANI have congruent species assignments	GCA_016294985.1, s__Borrarchaeum marinoarchaea, 95.0, 87.64, 0.207	76.4	11	N/A	N/A
GCA_016840345_1_ASM1684034v1	d__Archaea;p__Asgardarchaeota;c__Lokiarchaeia;o__Sigynarchaeales;f__SOKP01;g__SOKP01;s__	N/A	N/A	N/A	N/A	N/A	N/A	N/A	N/A	N/A	N/A	d__Archaea;p__Asgardarchaeota;c__Lokiarchaeia;o__Sigynarchaeales;f__SOKP01;g__SOKP01;s__	taxonomic classification defined by topology and ANI	N/A	GCA_016839745.1, s__SOKP01 sp016839745, 95.0, 87.05, 0.283; GCA_013375475.1, s__SOKP01 sp013375475, 95.0, 86.21, 0.209; GCA_029856235.1, s__SOKP01 sp029856235, 95.0, 85.96, 0.183	39.99	11	0.97441	N/A
GCA_016840365_1_ASM1684036v1	d__Archaea;p__Asgardarchaeota;c__Thorarchaeia;o__Thorarchaeales;f__Thorarchaeaceae;g__;s__	N/A	N/A	N/A	N/A	N/A	N/A	N/A	N/A	N/A	N/A	d__Archaea;p__Asgardarchaeota;c__Thorarchaeia;o__Thorarchaeales;f__Thorarchaeaceae;g__;s__	taxonomic novelty determined using RED	N/A	N/A	62.33	11	0.88588	N/A
GCA_016840385_1_ASM1684038v1	d__Archaea;p__Asgardarchaeota;c__Thorarchaeia;o__Thorarchaeales;f__Thorarchaeaceae;g__MP8T-1;s__	N/A	N/A	N/A	N/A	N/A	N/A	N/A	N/A	N/A	N/A	d__Archaea;p__Asgardarchaeota;c__Thorarchaeia;o__Thorarchaeales;f__Thorarchaeaceae;g__MP8T-1;s__	taxonomic classification fully defined by topology	N/A	N/A	76.25	11	0.96721	N/A
GCA_016840405_1_ASM1684040v1	d__Archaea;p__Asgardarchaeota;c__Hermodarchaeia;o__Hermodarchaeales;f__Hermodarchaeaceae;g__Hermodarchaeum;s__Hermodarchaeum yapensis	GCA_016840405.1	95.0	d__Archaea;p__Asgardarchaeota;c__Hermodarchaeia;o__Hermodarchaeales;f__Hermodarchaeaceae;g__Hermodarchaeum;s__Hermodarchaeum yapensis	100.0	1.0	GCA_016840405.1	95.0	d__Archaea;p__Asgardarchaeota;c__Hermodarchaeia;o__Hermodarchaeales;f__Hermodarchaeaceae;g__Hermodarchaeum;s__Hermodarchaeum yapensis	100.0	1.0	d__Archaea;p__Asgardarchaeota;c__Hermodarchaeia;o__Hermodarchaeales;f__Hermodarchaeaceae;g__Hermodarchaeum;s__	taxonomic classification defined by topology and ANI	topological placement and ANI have congruent species assignments	N/A	89.17	11	N/A	N/A
GCA_016840425_1_ASM1684042v1	d__Archaea;p__Asgardarchaeota;c__Wukongarchaeia;o__Wukongarchaeales;f__Wukongarchaeaceae;g__Wukongarchaeum;s__Wukongarchaeum yapensis	GCA_016840425.1	95.0	d__Archaea;p__Asgardarchaeota;c__Wukongarchaeia;o__Wukongarchaeales;f__Wukongarchaeaceae;g__Wukongarchaeum;s__Wukongarchaeum yapensis	100.0	1.0	GCA_016840425.1	95.0	d__Archaea;p__Asgardarchaeota;c__Wukongarchaeia;o__Wukongarchaeales;f__Wukongarchaeaceae;g__Wukongarchaeum;s__Wukongarchaeum yapensis	100.0	1.0	d__Archaea;p__Asgardarchaeota;c__;o__;f__;g__;s__	taxonomic classification defined by topology and ANI	topological placement and ANI have congruent species assignments	N/A	88.56	11	N/A	N/A
GCA_016840435_1_ASM1684043v1	d__Archaea;p__Asgardarchaeota;c__Thorarchaeia;o__Thorarchaeales;f__Thorarchaeaceae;g__SMTZ1-83;s__SMTZ1-83 sp016840795	GCA_016840795.1	95.0	d__Archaea;p__Asgardarchaeota;c__Thorarchaeia;o__Thorarchaeales;f__Thorarchaeaceae;g__SMTZ1-83;s__SMTZ1-83 sp016840795	99.79	0.779	GCA_016840795.1	95.0	d__Archaea;p__Asgardarchaeota;c__Thorarchaeia;o__Thorarchaeales;f__Thorarchaeaceae;g__SMTZ1-83;s__SMTZ1-83 sp016840795	99.79	0.779	d__Archaea;p__Asgardarchaeota;c__Thorarchaeia;o__Thorarchaeales;f__Thorarchaeaceae;g__SMTZ1-83;s__	taxonomic classification defined by topology and ANI	topological placement and ANI have congruent species assignments	GCA_020355105.1, s__SMTZ1-83 sp020355105, 95.0, 87.38, 0.17	51.98	11	N/A	N/A
GCA_016840465_1_ASM1684046v1	d__Archaea;p__Asgardarchaeota;c__Baldrarchaeia;o__Baldrarchaeales;f__Baldrarchaeaceae;g__Baldrarchaeum;s__Baldrarchaeum yapensis	GCA_016840465.1	95.0	d__Archaea;p__Asgardarchaeota;c__Baldrarchaeia;o__Baldrarchaeales;f__Baldrarchaeaceae;g__Baldrarchaeum;s__Baldrarchaeum yapensis	100.0	1.0	GCA_016840465.1	95.0	d__Archaea;p__Asgardarchaeota;c__Baldrarchaeia;o__Baldrarchaeales;f__Baldrarchaeaceae;g__Baldrarchaeum;s__Baldrarchaeum yapensis	100.0	1.0	d__Archaea;p__Asgardarchaeota;c__Baldrarchaeia;o__Baldrarchaeales;f__;g__;s__	taxonomic classification defined by topology and ANI	topological placement and ANI have congruent species assignments	N/A	89.12	11	N/A	N/A
GCA_016840485_1_ASM1684048v1	d__Archaea;p__Asgardarchaeota;c__Baldrarchaeia;o__Baldrarchaeales;f__DXJG01;g__DXJG01;s__DXJG01 sp016840485	GCA_016840485.1	95.0	d__Archaea;p__Asgardarchaeota;c__Baldrarchaeia;o__Baldrarchaeales;f__DXJG01;g__DXJG01;s__DXJG01 sp016840485	100.0	0.999	GCA_016840485.1	95.0	d__Archaea;p__Asgardarchaeota;c__Baldrarchaeia;o__Baldrarchaeales;f__DXJG01;g__DXJG01;s__DXJG01 sp016840485	100.0	0.999	d__Archaea;p__Asgardarchaeota;c__Baldrarchaeia;o__Baldrarchaeales;f__DXJG01;g__DXJG01;s__	taxonomic classification defined by topology and ANI	topological placement and ANI have congruent species assignments	GCA_021158895.1, s__DXJG01 sp021158895, 95.0, 93.77, 0.747	78.34	11	N/A	N/A
GCA_016840505_1_ASM1684050v1	d__Archaea;p__Asgardarchaeota;c__Wukongarchaeia;o__Wukongarchaeales;f__Wukongarchaeaceae;g__Wukongarchaeum;s__Wukongarchaeum yapensis	GCA_016840425.1	95.0	d__Archaea;p__Asgardarchaeota;c__Wukongarchaeia;o__Wukongarchaeales;f__Wukongarchaeaceae;g__Wukongarchaeum;s__Wukongarchaeum yapensis	99.37	0.852	GCA_016840425.1	95.0	d__Archaea;p__Asgardarchaeota;c__Wukongarchaeia;o__Wukongarchaeales;f__Wukongarchaeaceae;g__Wukongarchaeum;s__Wukongarchaeum yapensis	99.37	0.852	d__Archaea;p__Asgardarchaeota;c__;o__;f__;g__;s__	taxonomic classification defined by topology and ANI	topological placement and ANI have congruent species assignments	N/A	65.15	11	N/A	N/A
GCA_016840515_1_ASM1684051v1	d__Archaea;p__Asgardarchaeota;c__Sifarchaeia;o__Borrarchaeales;f__Borrarchaeaceae;g__Borrarchaeum;s__Borrarchaeum yapensis	GCA_016840515.1	95.0	d__Archaea;p__Asgardarchaeota;c__Sifarchaeia;o__Borrarchaeales;f__Borrarchaeaceae;g__Borrarchaeum;s__Borrarchaeum yapensis	100.0	0.999	GCA_016840515.1	95.0	d__Archaea;p__Asgardarchaeota;c__Sifarchaeia;o__Borrarchaeales;f__Borrarchaeaceae;g__Borrarchaeum;s__Borrarchaeum yapensis	100.0	0.999	d__Archaea;p__Asgardarchaeota;c__Sifarchaeia;o__Borrarchaeales;f__Borrarchaeaceae;g__Borrarchaeum;s__	taxonomic classification defined by topology and ANI	topological placement and ANI have congruent species assignments	GCA_019057385.1, s__Borrarchaeum weybense, 95.0, 90.93, 0.535	86.48	11	N/A	N/A
GCA_016840545_1_ASM1684054v1	d__Archaea;p__Asgardarchaeota;c__Lokiarchaeia;o__Sigynarchaeales;f__SOKP01;g__SOKP01;s__SOKP01 sp016840545	GCA_016840545.1	95.0	d__Archaea;p__Asgardarchaeota;c__Lokiarchaeia;o__Sigynarchaeales;f__SOKP01;g__SOKP01;s__SOKP01 sp016840545	100.0	1.0	GCA_016840545.1	95.0	d__Archaea;p__Asgardarchaeota;c__Lokiarchaeia;o__Sigynarchaeales;f__SOKP01;g__SOKP01;s__SOKP01 sp016840545	100.0	1.0	d__Archaea;p__Asgardarchaeota;c__Lokiarchaeia;o__Sigynarchaeales;f__SOKP01;g__SOKP01;s__	taxonomic classification defined by topology and ANI	topological placement and ANI have congruent species assignments	GCA_016839765.1, s__SOKP01 sp016839765, 95.0, 93.92, 0.667	89.31	11	N/A	N/A
GCA_016840565_1_ASM1684056v1	d__Archaea;p__Asgardarchaeota;c__Thorarchaeia;o__Thorarchaeales;f__Thorarchaeaceae;g__SMTZ1-83;s__SMTZ1-83 sp016840795	GCA_016840795.1	95.0	d__Archaea;p__Asgardarchaeota;c__Thorarchaeia;o__Thorarchaeales;f__Thorarchaeaceae;g__SMTZ1-83;s__SMTZ1-83 sp016840795	99.7	0.804	GCA_016840795.1	95.0	d__Archaea;p__Asgardarchaeota;c__Thorarchaeia;o__Thorarchaeales;f__Thorarchaeaceae;g__SMTZ1-83;s__SMTZ1-83 sp016840795	99.7	0.804	d__Archaea;p__Asgardarchaeota;c__Thorarchaeia;o__Thorarchaeales;f__Thorarchaeaceae;g__SMTZ1-83;s__	taxonomic classification defined by topology and ANI	topological placement and ANI have congruent species assignments	GCA_020355105.1, s__SMTZ1-83 sp020355105, 95.0, 87.28, 0.205	45.51	11	N/A	N/A
GCA_016840585_1_ASM1684058v1	d__Archaea;p__Asgardarchaeota;c__Hermodarchaeia;o__Hermodarchaeales;f__Hermodarchaeaceae;g__Hermodarchaeum;s__Hermodarchaeum yapensis	GCA_016840405.1	95.0	d__Archaea;p__Asgardarchaeota;c__Hermodarchaeia;o__Hermodarchaeales;f__Hermodarchaeaceae;g__Hermodarchaeum;s__Hermodarchaeum yapensis	99.85	0.94	GCA_016840405.1	95.0	d__Archaea;p__Asgardarchaeota;c__Hermodarchaeia;o__Hermodarchaeales;f__Hermodarchaeaceae;g__Hermodarchaeum;s__Hermodarchaeum yapensis	99.85	0.94	d__Archaea;p__Asgardarchaeota;c__Hermodarchaeia;o__Hermodarchaeales;f__Hermodarchaeaceae;g__Hermodarchaeum;s__	taxonomic classification defined by topology and ANI	topological placement and ANI have congruent species assignments	N/A	80.22	11	N/A	N/A
GCA_016840595_1_ASM1684059v1	d__Archaea;p__Asgardarchaeota;c__Hermodarchaeia;o__Hermodarchaeales;f__Hermodarchaeaceae;g__Hermodarchaeum;s__	N/A	N/A	N/A	N/A	N/A	GCA_016840405.1	95.0	d__Archaea;p__Asgardarchaeota;c__Hermodarchaeia;o__Hermodarchaeales;f__Hermodarchaeaceae;g__Hermodarchaeum;s__Hermodarchaeum yapensis	91.16	0.613	d__Archaea;p__Asgardarchaeota;c__Hermodarchaeia;o__Hermodarchaeales;f__Hermodarchaeaceae;g__Hermodarchaeum;s__	taxonomic classification defined by topology and ANI	N/A	N/A	52.62	11	0.98508	Genome not assigned to closest species as it falls outside its pre-defined ANI radius
GCA_016840625_1_ASM1684062v1	d__Archaea;p__Asgardarchaeota;c__Thorarchaeia;o__Thorarchaeales;f__Thorarchaeaceae;g__SMTZ1-83;s__SMTZ1-83 sp029856425	GCA_029856425.1	95.0	d__Archaea;p__Asgardarchaeota;c__Thorarchaeia;o__Thorarchaeales;f__Thorarchaeaceae;g__SMTZ1-83;s__SMTZ1-83 sp029856425	99.16	0.812	GCA_029856425.1	95.0	d__Archaea;p__Asgardarchaeota;c__Thorarchaeia;o__Thorarchaeales;f__Thorarchaeaceae;g__SMTZ1-83;s__SMTZ1-83 sp029856425	99.16	0.812	d__Archaea;p__Asgardarchaeota;c__Thorarchaeia;o__Thorarchaeales;f__Thorarchaeaceae;g__SMTZ1-83;s__	taxonomic classification defined by topology and ANI	topological placement and ANI have congruent species assignments	N/A	67.96	11	N/A	N/A
GCA_016840645_1_ASM1684064v1	d__Archaea;p__Asgardarchaeota;c__Sifarchaeia;o__Borrarchaeales;f__Borrarchaeaceae;g__Borrarchaeum;s__	N/A	N/A	N/A	N/A	N/A	GCA_019057385.1	95.0	d__Archaea;p__Asgardarchaeota;c__Sifarchaeia;o__Borrarchaeales;f__Borrarchaeaceae;g__Borrarchaeum;s__Borrarchaeum weybense	91.97	0.333	d__Archaea;p__Asgardarchaeota;c__Sifarchaeia;o__Borrarchaeales;f__Borrarchaeaceae;g__Borrarchaeum;s__	taxonomic classification defined by topology and ANI	N/A	GCA_016840515.1, s__Borrarchaeum yapensis, 95.0, 92.37, 0.371	72.59	11	0.96941	N/A
GCA_016840655_1_ASM1684065v1	d__Archaea;p__Asgardarchaeota;c__Lokiarchaeia;o__Sigynarchaeales;f__SOKP01;g__SOKP01;s__SOKP01 sp011364975	GCA_011364975.1	95.0	d__Archaea;p__Asgardarchaeota;c__Lokiarchaeia;o__Sigynarchaeales;f__SOKP01;g__SOKP01;s__SOKP01 sp011364975	96.67	0.827	GCA_011364975.1	95.0	d__Archaea;p__Asgardarchaeota;c__Lokiarchaeia;o__Sigynarchaeales;f__SOKP01;g__SOKP01;s__SOKP01 sp011364975	96.67	0.827	d__Archaea;p__Asgardarchaeota;c__Lokiarchaeia;o__Sigynarchaeales;f__SOKP01;g__SOKP01;s__	taxonomic classification defined by topology and ANI	topological placement and ANI have congruent species assignments	N/A	89.22	11	N/A	N/A
GCA_016840685_1_ASM1684068v1	d__Archaea;p__Asgardarchaeota;c__Thorarchaeia;o__Thorarchaeales;f__Thorarchaeaceae;g__SMTZ1-45;s__SMTZ1-45 sp016840685	GCA_016840685.1	95.0	d__Archaea;p__Asgardarchaeota;c__Thorarchaeia;o__Thorarchaeales;f__Thorarchaeaceae;g__SMTZ1-45;s__SMTZ1-45 sp016840685	100.0	1.0	GCA_016840685.1	95.0	d__Archaea;p__Asgardarchaeota;c__Thorarchaeia;o__Thorarchaeales;f__Thorarchaeaceae;g__SMTZ1-45;s__SMTZ1-45 sp016840685	100.0	1.0	d__Archaea;p__Asgardarchaeota;c__Thorarchaeia;o__Thorarchaeales;f__Thorarchaeaceae;g__SMTZ1-45;s__	taxonomic classification defined by topology and ANI	topological placement and ANI have congruent species assignments	N/A	88.18	11	N/A	N/A
GCA_016840695_1_ASM1684069v1	d__Archaea;p__Asgardarchaeota;c__Lokiarchaeia;o__Sigynarchaeales;f__SOKP01;g__FT1-020;s__FT1-020 sp016840695	GCA_016840695.1	95.0	d__Archaea;p__Asgardarchaeota;c__Lokiarchaeia;o__Sigynarchaeales;f__SOKP01;g__FT1-020;s__FT1-020 sp016840695	100.0	0.999	GCA_016840695.1	95.0	d__Archaea;p__Asgardarchaeota;c__Lokiarchaeia;o__Sigynarchaeales;f__SOKP01;g__FT1-020;s__FT1-020 sp016840695	100.0	0.999	d__Archaea;p__Asgardarchaeota;c__Lokiarchaeia;o__Sigynarchaeales;f__SOKP01;g__FT1-020;s__	taxonomic classification defined by topology and ANI	topological placement and ANI have congruent species assignments	N/A	54.83	11	N/A	N/A
GCA_016840725_1_ASM1684072v1	d__Archaea;p__Asgardarchaeota;c__Wukongarchaeia;o__Wukongarchaeales;f__Wukongarchaeaceae;g__Wukongarchaeum;s__Wukongarchaeum yapensis	GCA_016840425.1	95.0	d__Archaea;p__Asgardarchaeota;c__Wukongarchaeia;o__Wukongarchaeales;f__Wukongarchaeaceae;g__Wukongarchaeum;s__Wukongarchaeum yapensis	99.45	0.863	GCA_016840425.1	95.0	d__Archaea;p__Asgardarchaeota;c__Wukongarchaeia;o__Wukongarchaeales;f__Wukongarchaeaceae;g__Wukongarchaeum;s__Wukongarchaeum yapensis	99.45	0.863	d__Archaea;p__Asgardarchaeota;c__;o__;f__;g__;s__	taxonomic classification defined by topology and ANI	topological placement and ANI have congruent species assignments	N/A	84.22	11	N/A	N/A
GCA_016840745_1_ASM1684074v1	d__Archaea;p__Asgardarchaeota;c__Lokiarchaeia;o__Sigynarchaeales;f__SOKP01;g__FT1-020;s__FT1-020 sp016840695	GCA_016840695.1	95.0	d__Archaea;p__Asgardarchaeota;c__Lokiarchaeia;o__Sigynarchaeales;f__SOKP01;g__FT1-020;s__FT1-020 sp016840695	99.8	0.748	GCA_016840695.1	95.0	d__Archaea;p__Asgardarchaeota;c__Lokiarchaeia;o__Sigynarchaeales;f__SOKP01;g__FT1-020;s__FT1-020 sp016840695	99.8	0.748	d__Archaea;p__Asgardarchaeota;c__Lokiarchaeia;o__Sigynarchaeales;f__SOKP01;g__FT1-020;s__	taxonomic classification defined by topology and ANI	topological placement and ANI have congruent species assignments	N/A	64.57	11	N/A	N/A
GCA_016840765_1_ASM1684076v1	d__Archaea;p__Asgardarchaeota;c__Hermodarchaeia;o__Hermodarchaeales;f__Hermodarchaeaceae;g__Hermodarchaeum;s__Hermodarchaeum yapensis	GCA_016840405.1	95.0	d__Archaea;p__Asgardarchaeota;c__Hermodarchaeia;o__Hermodarchaeales;f__Hermodarchaeaceae;g__Hermodarchaeum;s__Hermodarchaeum yapensis	99.81	0.951	GCA_016840405.1	95.0	d__Archaea;p__Asgardarchaeota;c__Hermodarchaeia;o__Hermodarchaeales;f__Hermodarchaeaceae;g__Hermodarchaeum;s__Hermodarchaeum yapensis	99.81	0.951	d__Archaea;p__Asgardarchaeota;c__Hermodarchaeia;o__Hermodarchaeales;f__Hermodarchaeaceae;g__Hermodarchaeum;s__	taxonomic classification defined by topology and ANI	topological placement and ANI have congruent species assignments	N/A	67.74	11	N/A	N/A
GCA_016840785_1_ASM1684078v1	d__Archaea;p__Asgardarchaeota;c__Thorarchaeia;o__Thorarchaeales;f__Thorarchaeaceae;g__MP8T-1;s__MP8T-1 sp016839275	GCA_016839275.1	95.0	d__Archaea;p__Asgardarchaeota;c__Thorarchaeia;o__Thorarchaeales;f__Thorarchaeaceae;g__MP8T-1;s__MP8T-1 sp016839275	99.71	0.809	GCA_016839275.1	95.0	d__Archaea;p__Asgardarchaeota;c__Thorarchaeia;o__Thorarchaeales;f__Thorarchaeaceae;g__MP8T-1;s__MP8T-1 sp016839275	99.71	0.809	d__Archaea;p__Asgardarchaeota;c__Thorarchaeia;o__Thorarchaeales;f__Thorarchaeaceae;g__MP8T-1;s__	taxonomic classification defined by topology and ANI	topological placement and ANI have congruent species assignments	GCA_029858305.1, s__MP8T-1 sp029858305, 95.0, 84.05, 0.192	79.55	11	N/A	N/A
GCA_016840795_1_ASM1684079v1	d__Archaea;p__Asgardarchaeota;c__Thorarchaeia;o__Thorarchaeales;f__Thorarchaeaceae;g__SMTZ1-83;s__SMTZ1-83 sp016840795	GCA_016840795.1	95.0	d__Archaea;p__Asgardarchaeota;c__Thorarchaeia;o__Thorarchaeales;f__Thorarchaeaceae;g__SMTZ1-83;s__SMTZ1-83 sp016840795	100.0	1.0	GCA_016840795.1	95.0	d__Archaea;p__Asgardarchaeota;c__Thorarchaeia;o__Thorarchaeales;f__Thorarchaeaceae;g__SMTZ1-83;s__SMTZ1-83 sp016840795	100.0	1.0	d__Archaea;p__Asgardarchaeota;c__Thorarchaeia;o__Thorarchaeales;f__Thorarchaeaceae;g__SMTZ1-83;s__	taxonomic classification defined by topology and ANI	topological placement and ANI have congruent species assignments	GCA_020355105.1, s__SMTZ1-83 sp020355105, 95.0, 85.61, 0.203	88.63	11	N/A	N/A
GCA_016840825_1_ASM1684082v1	d__Archaea;p__Asgardarchaeota;c__Thorarchaeia;o__Thorarchaeales;f__Thorarchaeaceae;g__MP5-2226;s__	N/A	N/A	N/A	N/A	N/A	N/A	N/A	N/A	N/A	N/A	d__Archaea;p__Asgardarchaeota;c__Thorarchaeia;o__Thorarchaeales;f__Thorarchaeaceae;g__MP5-2226;s__	taxonomic classification fully defined by topology	N/A	N/A	76.27	11	0.93676	N/A
GCA_016840845_1_ASM1684084v1	d__Archaea;p__Asgardarchaeota;c__Thorarchaeia;o__Thorarchaeales;f__Thorarchaeaceae;g__MP5-2226;s__	N/A	N/A	N/A	N/A	N/A	N/A	N/A	N/A	N/A	N/A	d__Archaea;p__Asgardarchaeota;c__Thorarchaeia;o__Thorarchaeales;f__Thorarchaeaceae;g__MP5-2226;s__	taxonomic classification fully defined by topology	N/A	N/A	59.96	11	0.93919	N/A
GCA_016840855_1_ASM1684085v1	d__Archaea;p__Asgardarchaeota;c__Thorarchaeia;o__Thorarchaeales;f__Thorarchaeaceae;g__SMTZ1-45;s__SMTZ1-45 sp016840855	GCA_016840855.1	95.0	d__Archaea;p__Asgardarchaeota;c__Thorarchaeia;o__Thorarchaeales;f__Thorarchaeaceae;g__SMTZ1-45;s__SMTZ1-45 sp016840855	100.0	1.0	GCA_016840855.1	95.0	d__Archaea;p__Asgardarchaeota;c__Thorarchaeia;o__Thorarchaeales;f__Thorarchaeaceae;g__SMTZ1-45;s__SMTZ1-45 sp016840855	100.0	1.0	d__Archaea;p__Asgardarchaeota;c__Thorarchaeia;o__Thorarchaeales;f__Thorarchaeaceae;g__SMTZ1-45;s__	taxonomic classification defined by topology and ANI	topological placement and ANI have congruent species assignments	N/A	83.79	11	N/A	N/A
GCA_016840885_1_ASM1684088v1	d__Archaea;p__Asgardarchaeota;c__Thorarchaeia;o__Thorarchaeales;f__Thorarchaeaceae;g__MP5-2226;s__	N/A	N/A	N/A	N/A	N/A	N/A	N/A	N/A	N/A	N/A	d__Archaea;p__Asgardarchaeota;c__Thorarchaeia;o__Thorarchaeales;f__Thorarchaeaceae;g__MP5-2226;s__	taxonomic classification fully defined by topology	N/A	N/A	64.4	11	0.93424	N/A
GCA_016840905_1_ASM1684090v1	d__Archaea;p__Asgardarchaeota;c__Heimdallarchaeia;o__JABLTI01;f__JABLTI01;g__JABLTI01;s__	N/A	N/A	N/A	N/A	N/A	N/A	N/A	N/A	N/A	N/A	d__Archaea;p__Asgardarchaeota;c__Heimdallarchaeia;o__JABLTI01;f__JABLTI01;g__JABLTI01;s__	taxonomic classification fully defined by topology	N/A	N/A	75.39	11	0.9581	N/A
GCA_016840925_1_ASM1684092v1	d__Archaea;p__Asgardarchaeota;c__Thorarchaeia;o__Thorarchaeales;f__Thorarchaeaceae;g__SMTZ1-45;s__	N/A	N/A	N/A	N/A	N/A	N/A	N/A	N/A	N/A	N/A	d__Archaea;p__Asgardarchaeota;c__Thorarchaeia;o__Thorarchaeales;f__Thorarchaeaceae;g__SMTZ1-45;s__	taxonomic classification fully defined by topology	N/A	N/A	67.43	11	0.96594	N/A
GCA_016840945_1_ASM1684094v1	d__Archaea;p__Asgardarchaeota;c__Heimdallarchaeia;o__JABLTI01;f__JABLTI01;g__JABLTI01;s__	N/A	N/A	N/A	N/A	N/A	N/A	N/A	N/A	N/A	N/A	d__Archaea;p__Asgardarchaeota;c__Heimdallarchaeia;o__JABLTI01;f__JABLTI01;g__JABLTI01;s__	taxonomic classification fully defined by topology	N/A	N/A	89.15	11	0.90356	N/A
GCA_016840965_1_ASM1684096v1	d__Archaea;p__Asgardarchaeota;c__Thorarchaeia;o__Thorarchaeales;f__Thorarchaeaceae;g__SMTZ1-45;s__	N/A	N/A	N/A	N/A	N/A	GCA_016840855.1	95.0	d__Archaea;p__Asgardarchaeota;c__Thorarchaeia;o__Thorarchaeales;f__Thorarchaeaceae;g__SMTZ1-45;s__SMTZ1-45 sp016840855	87.85	0.408	d__Archaea;p__Asgardarchaeota;c__Thorarchaeia;o__Thorarchaeales;f__Thorarchaeaceae;g__SMTZ1-45;s__	taxonomic classification defined by topology and ANI	N/A	N/A	69.3	11	0.98628	N/A
GCA_016840985_1_ASM1684098v1	d__Archaea;p__Asgardarchaeota;c__Lokiarchaeia;o__Helarchaeales;f__RDOG01;g__;s__	N/A	N/A	N/A	N/A	N/A	N/A	N/A	N/A	N/A	N/A	d__Archaea;p__Asgardarchaeota;c__Lokiarchaeia;o__Helarchaeales;f__;g__;s__	taxonomic novelty determined using RED	N/A	N/A	83.59	11	0.71792	N/A
GCA_016841005_1_ASM1684100v1	d__Archaea;p__Asgardarchaeota;c__Thorarchaeia;o__Thorarchaeales;f__Thorarchaeaceae;g__MP5-2226;s__	N/A	N/A	N/A	N/A	N/A	N/A	N/A	N/A	N/A	N/A	d__Archaea;p__Asgardarchaeota;c__Thorarchaeia;o__Thorarchaeales;f__Thorarchaeaceae;g__MP5-2226;s__	taxonomic classification fully defined by topology	N/A	N/A	63.97	11	0.95247	N/A
GCA_016926735_1_ASM1692673v1	d__Archaea;p__Asgardarchaeota;c__Lokiarchaeia;o__Sigynarchaeales;f__SOKP01;g__JAFGOA01;s__JAFGOA01 sp016926735	GCA_016926735.1	95.0	d__Archaea;p__Asgardarchaeota;c__Lokiarchaeia;o__Sigynarchaeales;f__SOKP01;g__JAFGOA01;s__JAFGOA01 sp016926735	100.0	1.0	GCA_016926735.1	95.0	d__Archaea;p__Asgardarchaeota;c__Lokiarchaeia;o__Sigynarchaeales;f__SOKP01;g__JAFGOA01;s__JAFGOA01 sp016926735	100.0	1.0	d__Archaea;p__Asgardarchaeota;c__Lokiarchaeia;o__Sigynarchaeales;f__SOKP01;g__JAFGOA01;s__	taxonomic classification defined by topology and ANI	topological placement and ANI have congruent species assignments	N/A	89.73	11	N/A	N/A
GCA_016927615_1_ASM1692761v1	d__Archaea;p__Asgardarchaeota;c__Heimdallarchaeia;o__JABLTI01;f__JABLTI01;g__JABLTI01;s__	N/A	N/A	N/A	N/A	N/A	GCA_035528035.1	95.0	d__Archaea;p__Asgardarchaeota;c__Heimdallarchaeia;o__JABLTI01;f__JABLTI01;g__JABLTI01;s__JABLTI01 sp035528035	82.96	0.195	d__Archaea;p__Asgardarchaeota;c__Heimdallarchaeia;o__JABLTI01;f__JABLTI01;g__JABLTI01;s__	taxonomic classification defined by topology and ANI	N/A	N/A	79.65	11	0.96621	N/A
GCA_016930515_1_ASM1693051v1	d__Archaea;p__Asgardarchaeota;c__Lokiarchaeia;o__Sigynarchaeales;f__SOKP01;g__FT1-020;s__FT1-020 sp016930515	GCA_016930515.1	95.0	d__Archaea;p__Asgardarchaeota;c__Lokiarchaeia;o__Sigynarchaeales;f__SOKP01;g__FT1-020;s__FT1-020 sp016930515	100.0	1.0	GCA_016930515.1	95.0	d__Archaea;p__Asgardarchaeota;c__Lokiarchaeia;o__Sigynarchaeales;f__SOKP01;g__FT1-020;s__FT1-020 sp016930515	100.0	1.0	d__Archaea;p__Asgardarchaeota;c__Lokiarchaeia;o__Sigynarchaeales;f__SOKP01;g__FT1-020;s__	taxonomic classification defined by topology and ANI	topological placement and ANI have congruent species assignments	N/A	78.65	11	N/A	N/A
GCA_016932935_1_ASM1693293v1	d__Archaea;p__Asgardarchaeota;c__Lokiarchaeia;o__Sigynarchaeales;f__Sigynarchaeaceae;g__Sigynarchaeum;s__Sigynarchaeum sp016932935	GCA_016932935.1	95.0	d__Archaea;p__Asgardarchaeota;c__Lokiarchaeia;o__Sigynarchaeales;f__Sigynarchaeaceae;g__Sigynarchaeum;s__Sigynarchaeum sp016932935	100.0	0.999	GCA_016932935.1	95.0	d__Archaea;p__Asgardarchaeota;c__Lokiarchaeia;o__Sigynarchaeales;f__Sigynarchaeaceae;g__Sigynarchaeum;s__Sigynarchaeum sp016932935	100.0	0.999	d__Archaea;p__Asgardarchaeota;c__Lokiarchaeia;o__Sigynarchaeales;f__Sigynarchaeaceae;g__Sigynarchaeum;s__	taxonomic classification defined by topology and ANI	topological placement and ANI have congruent species assignments	N/A	72.8	11	N/A	N/A
GCA_016933055_1_ASM1693305v1	d__Archaea;p__Asgardarchaeota;c__Lokiarchaeia;o__Sigynarchaeales;f__MK-D1;g__AMARA-1;s__AMARA-1 sp016933055	GCA_016933055.1	95.0	d__Archaea;p__Asgardarchaeota;c__Lokiarchaeia;o__Sigynarchaeales;f__MK-D1;g__AMARA-1;s__AMARA-1 sp016933055	100.0	1.0	GCA_016933055.1	95.0	d__Archaea;p__Asgardarchaeota;c__Lokiarchaeia;o__Sigynarchaeales;f__MK-D1;g__AMARA-1;s__AMARA-1 sp016933055	100.0	1.0	d__Archaea;p__Asgardarchaeota;c__Lokiarchaeia;o__Sigynarchaeales;f__MK-D1;g__AMARA-1;s__	taxonomic classification defined by topology and ANI	topological placement and ANI have congruent species assignments	N/A	91.65	11	N/A	N/A
GCA_016933575_1_ASM1693357v1	d__Archaea;p__Asgardarchaeota;c__Thorarchaeia;o__Thorarchaeales;f__Thorarchaeaceae;g__MP8T-1;s__MP8T-1 sp016933575	GCA_016933575.1	95.0	d__Archaea;p__Asgardarchaeota;c__Thorarchaeia;o__Thorarchaeales;f__Thorarchaeaceae;g__MP8T-1;s__MP8T-1 sp016933575	100.0	1.0	GCA_016933575.1	95.0	d__Archaea;p__Asgardarchaeota;c__Thorarchaeia;o__Thorarchaeales;f__Thorarchaeaceae;g__MP8T-1;s__MP8T-1 sp016933575	100.0	1.0	d__Archaea;p__Asgardarchaeota;c__Thorarchaeia;o__Thorarchaeales;f__Thorarchaeaceae;g__MP8T-1;s__	taxonomic classification defined by topology and ANI	topological placement and ANI have congruent species assignments	N/A	81.34	11	N/A	N/A
GCA_017654525_1_ASM1765452v1	d__Archaea;p__Asgardarchaeota;c__Thorarchaeia;o__Thorarchaeales;f__Thorarchaeaceae;g__SMTZ1-45;s__	N/A	N/A	N/A	N/A	N/A	N/A	N/A	N/A	N/A	N/A	d__Archaea;p__Asgardarchaeota;c__Thorarchaeia;o__Thorarchaeales;f__Thorarchaeaceae;g__SMTZ1-45;s__	taxonomic classification fully defined by topology	N/A	N/A	67.76	11	0.97038	N/A
GCA_018238085_1_ASM1823808v1	d__Archaea;p__Asgardarchaeota;c__Heimdallarchaeia;o__JABLTI01;f__JABLTI01;g__JABLTI01;s__JABLTI01 sp018238155	GCA_018238155.1	95.0	d__Archaea;p__Asgardarchaeota;c__Heimdallarchaeia;o__JABLTI01;f__JABLTI01;g__JABLTI01;s__JABLTI01 sp018238155	99.78	0.877	GCA_018238155.1	95.0	d__Archaea;p__Asgardarchaeota;c__Heimdallarchaeia;o__JABLTI01;f__JABLTI01;g__JABLTI01;s__JABLTI01 sp018238155	99.78	0.877	d__Archaea;p__Asgardarchaeota;c__Heimdallarchaeia;o__JABLTI01;f__JABLTI01;g__JABLTI01;s__	taxonomic classification defined by topology and ANI	topological placement and ANI have congruent species assignments	GCA_030614005.1, s__JABLTI01 sp030614005, 95.0, 88.05, 0.199	41.19	11	N/A	N/A
GCA_018238095_1_ASM1823809v1	d__Archaea;p__Asgardarchaeota;c__Heimdallarchaeia;o__Heimdallarchaeales;f__Heimdallarchaeaceae;g__UBA460;s__UBA460 sp018238545	GCA_018238545.1	95.0	d__Archaea;p__Asgardarchaeota;c__Heimdallarchaeia;o__Heimdallarchaeales;f__Heimdallarchaeaceae;g__UBA460;s__UBA460 sp018238545	96.96	0.838	GCA_018238545.1	95.0	d__Archaea;p__Asgardarchaeota;c__Heimdallarchaeia;o__Heimdallarchaeales;f__Heimdallarchaeaceae;g__UBA460;s__UBA460 sp018238545	96.96	0.838	d__Archaea;p__Asgardarchaeota;c__Heimdallarchaeia;o__Heimdallarchaeales;f__Heimdallarchaeaceae;g__UBA460;s__	taxonomic classification defined by topology and ANI	topological placement and ANI have congruent species assignments	GCA_023705945.1, s__UBA460 sp023705945, 95.0, 89.8, 0.429; GCA_030611665.1, s__UBA460 sp030611665, 95.0, 88.6, 0.405; GCA_030668875.1, s__UBA460 sp030668875, 95.0, 88.43, 0.397; GCA_023705905.1, s__UBA460 sp023705905, 95.0, 86.75, 0.267	80.7	11	N/A	N/A
GCA_018238125_1_ASM1823812v1	d__Archaea;p__Asgardarchaeota;c__Heimdallarchaeia;o__JABLTI01;f__JABLTI01;g__JABLTI01;s__JABLTI01 sp018238155	GCA_018238155.1	95.0	d__Archaea;p__Asgardarchaeota;c__Heimdallarchaeia;o__JABLTI01;f__JABLTI01;g__JABLTI01;s__JABLTI01 sp018238155	99.82	0.916	GCA_018238155.1	95.0	d__Archaea;p__Asgardarchaeota;c__Heimdallarchaeia;o__JABLTI01;f__JABLTI01;g__JABLTI01;s__JABLTI01 sp018238155	99.82	0.916	d__Archaea;p__Asgardarchaeota;c__Heimdallarchaeia;o__JABLTI01;f__JABLTI01;g__JABLTI01;s__	taxonomic classification defined by topology and ANI	topological placement and ANI have congruent species assignments	GCA_030614005.1, s__JABLTI01 sp030614005, 95.0, 87.89, 0.186	61.14	11	N/A	N/A
GCA_018238145_1_ASM1823814v1	d__Archaea;p__Asgardarchaeota;c__Lokiarchaeia;o__Sigynarchaeales;f__SOKP01;g__SOKP01;s__	N/A	N/A	N/A	N/A	N/A	GCA_030612905.1	95.0	d__Archaea;p__Asgardarchaeota;c__Lokiarchaeia;o__Sigynarchaeales;f__SOKP01;g__SOKP01;s__SOKP01 sp030612905	93.5	0.487	d__Archaea;p__Asgardarchaeota;c__Lokiarchaeia;o__Sigynarchaeales;f__SOKP01;g__SOKP01;s__	taxonomic classification defined by topology and ANI	N/A	GCA_018238625.1, s__SOKP01 sp018238625, 95.0, 94.62, 0.69; GCA_005222975.1, s__SOKP01 sp005222975, 95.0, 93.51, 0.489; GCA_019057795.1, s__SOKP01 sp019057795, 95.0, 92.88, 0.577; GCA_030615145.1, s__SOKP01 sp030615145, 95.0, 92.46, 0.368; GCA_029856105.1, s__SOKP01 sp029856105, 95.0, 92.43, 0.521; GCA_030606095.1, s__SOKP01 sp030606095, 95.0, 92.08, 0.366	76.18	11	0.98638	Genome not assigned to closest species as it falls outside its pre-defined ANI radius
GCA_018238155_1_ASM1823815v1	d__Archaea;p__Asgardarchaeota;c__Heimdallarchaeia;o__JABLTI01;f__JABLTI01;g__JABLTI01;s__JABLTI01 sp018238155	GCA_018238155.1	95.0	d__Archaea;p__Asgardarchaeota;c__Heimdallarchaeia;o__JABLTI01;f__JABLTI01;g__JABLTI01;s__JABLTI01 sp018238155	100.0	1.0	GCA_018238155.1	95.0	d__Archaea;p__Asgardarchaeota;c__Heimdallarchaeia;o__JABLTI01;f__JABLTI01;g__JABLTI01;s__JABLTI01 sp018238155	100.0	1.0	d__Archaea;p__Asgardarchaeota;c__Heimdallarchaeia;o__JABLTI01;f__JABLTI01;g__JABLTI01;s__	taxonomic classification defined by topology and ANI	topological placement and ANI have congruent species assignments	GCA_030667035.1, s__JABLTI01 sp030667035, 95.0, 87.7, 0.28; GCA_030614005.1, s__JABLTI01 sp030614005, 95.0, 84.94, 0.339	88.22	11	N/A	N/A
GCA_018238185_1_ASM1823818v1	d__Archaea;p__Asgardarchaeota;c__Thorarchaeia;o__Thorarchaeales;f__Thorarchaeaceae;g__MP8T-1;s__MP8T-1 sp018238205	GCA_018238205.1	95.0	d__Archaea;p__Asgardarchaeota;c__Thorarchaeia;o__Thorarchaeales;f__Thorarchaeaceae;g__MP8T-1;s__MP8T-1 sp018238205	99.22	0.901	GCA_018238205.1	95.0	d__Archaea;p__Asgardarchaeota;c__Thorarchaeia;o__Thorarchaeales;f__Thorarchaeaceae;g__MP8T-1;s__MP8T-1 sp018238205	99.22	0.901	d__Archaea;p__Asgardarchaeota;c__Thorarchaeia;o__Thorarchaeales;f__Thorarchaeaceae;g__MP8T-1;s__	taxonomic classification defined by topology and ANI	topological placement and ANI have congruent species assignments	GCA_018238825.1, s__MP8T-1 sp018238825, 95.0, 92.79, 0.555; GCA_030612005.1, s__MP8T-1 sp030612005, 95.0, 89.81, 0.543	81.25	11	N/A	N/A
GCA_018238205_1_ASM1823820v1	d__Archaea;p__Asgardarchaeota;c__Thorarchaeia;o__Thorarchaeales;f__Thorarchaeaceae;g__MP8T-1;s__MP8T-1 sp018238205	GCA_018238205.1	95.0	d__Archaea;p__Asgardarchaeota;c__Thorarchaeia;o__Thorarchaeales;f__Thorarchaeaceae;g__MP8T-1;s__MP8T-1 sp018238205	100.0	1.0	GCA_018238205.1	95.0	d__Archaea;p__Asgardarchaeota;c__Thorarchaeia;o__Thorarchaeales;f__Thorarchaeaceae;g__MP8T-1;s__MP8T-1 sp018238205	100.0	1.0	d__Archaea;p__Asgardarchaeota;c__Thorarchaeia;o__Thorarchaeales;f__Thorarchaeaceae;g__MP8T-1;s__	taxonomic classification defined by topology and ANI	topological placement and ANI have congruent species assignments	GCA_018238825.1, s__MP8T-1 sp018238825, 95.0, 92.98, 0.613; GCA_030612005.1, s__MP8T-1 sp030612005, 95.0, 89.75, 0.44	85.48	11	N/A	N/A
GCA_018238215_1_ASM1823821v1	d__Archaea;p__Asgardarchaeota;c__Thorarchaeia;o__Thorarchaeales;f__Thorarchaeaceae;g__WTCK01;s__WTCK01 sp018238375	GCA_018238375.1	95.0	d__Archaea;p__Asgardarchaeota;c__Thorarchaeia;o__Thorarchaeales;f__Thorarchaeaceae;g__WTCK01;s__WTCK01 sp018238375	99.66	0.96	GCA_018238375.1	95.0	d__Archaea;p__Asgardarchaeota;c__Thorarchaeia;o__Thorarchaeales;f__Thorarchaeaceae;g__WTCK01;s__WTCK01 sp018238375	99.66	0.96	d__Archaea;p__Asgardarchaeota;c__Thorarchaeia;o__Thorarchaeales;f__Thorarchaeaceae;g__WTCK01;s__	taxonomic classification defined by topology and ANI	topological placement and ANI have congruent species assignments	GCA_030612365.1, s__WTCK01 sp030612365, 95.0, 90.58, 0.693; GCA_030669595.1, s__WTCK01 sp030669595, 95.0, 90.57, 0.705; GCA_023134215.1, s__WTCK01 sp023134215, 95.0, 90.46, 0.678; GCA_019057475.1, s__WTCK01 sp019057475, 95.0, 90.11, 0.59; GCA_013138615.1, s__WTCK01 sp013138615, 95.0, 89.82, 0.536; GCA_030642465.1, s__WTCK01 sp030642465, 95.0, 88.82, 0.458	88.18	11	N/A	N/A
GCA_018238245_1_ASM1823824v1	d__Archaea;p__Asgardarchaeota;c__Heimdallarchaeia;o__Heimdallarchaeales;f__Heimdallarchaeaceae;g__UBA460;s__UBA460 sp018238545	GCA_018238545.1	95.0	d__Archaea;p__Asgardarchaeota;c__Heimdallarchaeia;o__Heimdallarchaeales;f__Heimdallarchaeaceae;g__UBA460;s__UBA460 sp018238545	97.19	0.755	GCA_018238545.1	95.0	d__Archaea;p__Asgardarchaeota;c__Heimdallarchaeia;o__Heimdallarchaeales;f__Heimdallarchaeaceae;g__UBA460;s__UBA460 sp018238545	97.19	0.755	d__Archaea;p__Asgardarchaeota;c__Heimdallarchaeia;o__Heimdallarchaeales;f__Heimdallarchaeaceae;g__UBA460;s__	taxonomic classification defined by topology and ANI	topological placement and ANI have congruent species assignments	GCA_023705945.1, s__UBA460 sp023705945, 95.0, 88.65, 0.398; GCA_030668875.1, s__UBA460 sp030668875, 95.0, 88.12, 0.411; GCA_030611665.1, s__UBA460 sp030611665, 95.0, 88.05, 0.42; GCA_023705905.1, s__UBA460 sp023705905, 95.0, 85.92, 0.255	72.86	11	N/A	N/A
GCA_018238265_1_ASM1823826v1	d__Archaea;p__Asgardarchaeota;c__Thorarchaeia;o__Thorarchaeales;f__Thorarchaeaceae;g__MP8T-1;s__MP8T-1 sp018238825	GCA_018238825.1	95.0	d__Archaea;p__Asgardarchaeota;c__Thorarchaeia;o__Thorarchaeales;f__Thorarchaeaceae;g__MP8T-1;s__MP8T-1 sp018238825	98.32	0.787	GCA_018238825.1	95.0	d__Archaea;p__Asgardarchaeota;c__Thorarchaeia;o__Thorarchaeales;f__Thorarchaeaceae;g__MP8T-1;s__MP8T-1 sp018238825	98.32	0.787	d__Archaea;p__Asgardarchaeota;c__Thorarchaeia;o__Thorarchaeales;f__Thorarchaeaceae;g__MP8T-1;s__	taxonomic classification defined by topology and ANI	topological placement and ANI have congruent species assignments	GCA_018238205.1, s__MP8T-1 sp018238205, 95.0, 93.03, 0.634; GCA_030612005.1, s__MP8T-1 sp030612005, 95.0, 89.74, 0.443	88.4	11	N/A	N/A
GCA_018238285_1_ASM1823828v1	d__Archaea;p__Asgardarchaeota;c__Thorarchaeia;o__Thorarchaeales;f__Thorarchaeaceae;g__MP8T-1;s__MP8T-1 sp018238205	GCA_018238205.1	95.0	d__Archaea;p__Asgardarchaeota;c__Thorarchaeia;o__Thorarchaeales;f__Thorarchaeaceae;g__MP8T-1;s__MP8T-1 sp018238205	99.11	0.81	GCA_018238205.1	95.0	d__Archaea;p__Asgardarchaeota;c__Thorarchaeia;o__Thorarchaeales;f__Thorarchaeaceae;g__MP8T-1;s__MP8T-1 sp018238205	99.11	0.81	d__Archaea;p__Asgardarchaeota;c__Thorarchaeia;o__Thorarchaeales;f__Thorarchaeaceae;g__MP8T-1;s__	taxonomic classification defined by topology and ANI	topological placement and ANI have congruent species assignments	GCA_018238825.1, s__MP8T-1 sp018238825, 95.0, 92.97, 0.47; GCA_030612005.1, s__MP8T-1 sp030612005, 95.0, 90.58, 0.429	86.14	11	N/A	N/A
GCA_018238305_1_ASM1823830v1	d__Archaea;p__Asgardarchaeota;c__Lokiarchaeia;o__Sigynarchaeales;f__SOKP01;g__SOKP01;s__SOKP01 sp018238625	GCA_018238625.1	95.0	d__Archaea;p__Asgardarchaeota;c__Lokiarchaeia;o__Sigynarchaeales;f__SOKP01;g__SOKP01;s__SOKP01 sp018238625	98.91	0.864	GCA_018238625.1	95.0	d__Archaea;p__Asgardarchaeota;c__Lokiarchaeia;o__Sigynarchaeales;f__SOKP01;g__SOKP01;s__SOKP01 sp018238625	98.91	0.864	d__Archaea;p__Asgardarchaeota;c__Lokiarchaeia;o__Sigynarchaeales;f__SOKP01;g__SOKP01;s__	taxonomic classification defined by topology and ANI	topological placement and ANI have congruent species assignments	GCA_030612905.1, s__SOKP01 sp030612905, 95.0, 92.02, 0.574; GCA_029856105.1, s__SOKP01 sp029856105, 95.0, 90.91, 0.539; GCA_030606095.1, s__SOKP01 sp030606095, 95.0, 90.82, 0.469; GCA_005222975.1, s__SOKP01 sp005222975, 95.0, 90.8, 0.509; GCA_019057795.1, s__SOKP01 sp019057795, 95.0, 90.71, 0.562; GCA_030615145.1, s__SOKP01 sp030615145, 95.0, 89.39, 0.467	90.0	11	N/A	N/A
GCA_018238315_1_ASM1823831v1	d__Archaea;p__Asgardarchaeota;c__Lokiarchaeia;o__Sigynarchaeales;f__MK-D1;g__Harpocratesius;s__Harpocratesius sp018238965	GCA_018238965.1	95.0	d__Archaea;p__Asgardarchaeota;c__Lokiarchaeia;o__Sigynarchaeales;f__MK-D1;g__Harpocratesius;s__Harpocratesius sp018238965	99.54	0.713	GCA_018238965.1	95.0	d__Archaea;p__Asgardarchaeota;c__Lokiarchaeia;o__Sigynarchaeales;f__MK-D1;g__Harpocratesius;s__Harpocratesius sp018238965	99.54	0.713	d__Archaea;p__Asgardarchaeota;c__Lokiarchaeia;o__Sigynarchaeales;f__MK-D1;g__Harpocratesius;s__	taxonomic classification defined by topology and ANI	topological placement and ANI have congruent species assignments	N/A	62.78	11	N/A	N/A
GCA_018238345_1_ASM1823834v1	d__Archaea;p__Asgardarchaeota;c__Lokiarchaeia;o__Sigynarchaeales;f__SOKP01;g__SOKP01;s__SOKP01 sp018238625	GCA_018238625.1	95.0	d__Archaea;p__Asgardarchaeota;c__Lokiarchaeia;o__Sigynarchaeales;f__SOKP01;g__SOKP01;s__SOKP01 sp018238625	98.97	0.895	GCA_018238625.1	95.0	d__Archaea;p__Asgardarchaeota;c__Lokiarchaeia;o__Sigynarchaeales;f__SOKP01;g__SOKP01;s__SOKP01 sp018238625	98.97	0.895	d__Archaea;p__Asgardarchaeota;c__Lokiarchaeia;o__Sigynarchaeales;f__SOKP01;g__SOKP01;s__	taxonomic classification defined by topology and ANI	topological placement and ANI have congruent species assignments	GCA_030612905.1, s__SOKP01 sp030612905, 95.0, 91.74, 0.558; GCA_029856105.1, s__SOKP01 sp029856105, 95.0, 90.87, 0.532; GCA_005222975.1, s__SOKP01 sp005222975, 95.0, 90.86, 0.49; GCA_019057795.1, s__SOKP01 sp019057795, 95.0, 90.76, 0.576; GCA_030606095.1, s__SOKP01 sp030606095, 95.0, 90.69, 0.445; GCA_030615145.1, s__SOKP01 sp030615145, 95.0, 90.51, 0.462	79.51	11	N/A	N/A
GCA_018238365_1_ASM1823836v1	d__Archaea;p__Asgardarchaeota;c__Thorarchaeia;o__Thorarchaeales;f__Thorarchaeaceae;g__MP8T-1;s__MP8T-1 sp018238825	GCA_018238825.1	95.0	d__Archaea;p__Asgardarchaeota;c__Thorarchaeia;o__Thorarchaeales;f__Thorarchaeaceae;g__MP8T-1;s__MP8T-1 sp018238825	98.07	0.77	GCA_018238825.1	95.0	d__Archaea;p__Asgardarchaeota;c__Thorarchaeia;o__Thorarchaeales;f__Thorarchaeaceae;g__MP8T-1;s__MP8T-1 sp018238825	98.07	0.77	d__Archaea;p__Asgardarchaeota;c__Thorarchaeia;o__Thorarchaeales;f__Thorarchaeaceae;g__MP8T-1;s__	taxonomic classification defined by topology and ANI	topological placement and ANI have congruent species assignments	GCA_018238205.1, s__MP8T-1 sp018238205, 95.0, 94.2, 0.696; GCA_030612005.1, s__MP8T-1 sp030612005, 95.0, 91.17, 0.463	57.24	11	N/A	N/A
GCA_018238375_1_ASM1823837v1	d__Archaea;p__Asgardarchaeota;c__Thorarchaeia;o__Thorarchaeales;f__Thorarchaeaceae;g__WTCK01;s__WTCK01 sp018238375	GCA_018238375.1	95.0	d__Archaea;p__Asgardarchaeota;c__Thorarchaeia;o__Thorarchaeales;f__Thorarchaeaceae;g__WTCK01;s__WTCK01 sp018238375	100.0	0.999	GCA_018238375.1	95.0	d__Archaea;p__Asgardarchaeota;c__Thorarchaeia;o__Thorarchaeales;f__Thorarchaeaceae;g__WTCK01;s__WTCK01 sp018238375	100.0	0.999	d__Archaea;p__Asgardarchaeota;c__Thorarchaeia;o__Thorarchaeales;f__Thorarchaeaceae;g__WTCK01;s__	taxonomic classification defined by topology and ANI	topological placement and ANI have congruent species assignments	GCA_019057475.1, s__WTCK01 sp019057475, 95.0, 91.2, 0.649; GCA_023134215.1, s__WTCK01 sp023134215, 95.0, 90.59, 0.644; GCA_030669595.1, s__WTCK01 sp030669595, 95.0, 90.4, 0.609; GCA_030612365.1, s__WTCK01 sp030612365, 95.0, 89.86, 0.58; GCA_013138615.1, s__WTCK01 sp013138615, 95.0, 89.28, 0.452; GCA_030642465.1, s__WTCK01 sp030642465, 95.0, 88.32, 0.385	88.53	11	N/A	N/A
GCA_018238405_1_ASM1823840v1	d__Archaea;p__Asgardarchaeota;c__Lokiarchaeia;o__Sigynarchaeales;f__MK-D1;g__Harpocratesius;s__Harpocratesius sp018238965	GCA_018238965.1	95.0	d__Archaea;p__Asgardarchaeota;c__Lokiarchaeia;o__Sigynarchaeales;f__MK-D1;g__Harpocratesius;s__Harpocratesius sp018238965	99.63	0.76	GCA_018238965.1	95.0	d__Archaea;p__Asgardarchaeota;c__Lokiarchaeia;o__Sigynarchaeales;f__MK-D1;g__Harpocratesius;s__Harpocratesius sp018238965	99.63	0.76	d__Archaea;p__Asgardarchaeota;c__Lokiarchaeia;o__Sigynarchaeales;f__MK-D1;g__Harpocratesius;s__	taxonomic classification defined by topology and ANI	topological placement and ANI have congruent species assignments	N/A	51.98	11	N/A	N/A
GCA_018238425_1_ASM1823842v1	d__Archaea;p__Asgardarchaeota;c__Lokiarchaeia;o__Sigynarchaeales;f__SOKP01;g__SOKP01;s__SOKP01 sp018238625	GCA_018238625.1	95.0	d__Archaea;p__Asgardarchaeota;c__Lokiarchaeia;o__Sigynarchaeales;f__SOKP01;g__SOKP01;s__SOKP01 sp018238625	98.99	0.72	GCA_018238625.1	95.0	d__Archaea;p__Asgardarchaeota;c__Lokiarchaeia;o__Sigynarchaeales;f__SOKP01;g__SOKP01;s__SOKP01 sp018238625	98.99	0.72	d__Archaea;p__Asgardarchaeota;c__Lokiarchaeia;o__Sigynarchaeales;f__SOKP01;g__SOKP01;s__	taxonomic classification defined by topology and ANI	topological placement and ANI have congruent species assignments	GCA_005222975.1, s__SOKP01 sp005222975, 95.0, 91.52, 0.326; GCA_030612905.1, s__SOKP01 sp030612905, 95.0, 91.48, 0.363; GCA_029856105.1, s__SOKP01 sp029856105, 95.0, 91.32, 0.354; GCA_019057795.1, s__SOKP01 sp019057795, 95.0, 91.16, 0.386; GCA_030606095.1, s__SOKP01 sp030606095, 95.0, 91.06, 0.293; GCA_030615145.1, s__SOKP01 sp030615145, 95.0, 90.7, 0.289	51.24	11	N/A	N/A
GCA_018238445_1_ASM1823844v1	d__Archaea;p__Asgardarchaeota;c__Thorarchaeia;o__Thorarchaeales;f__Thorarchaeaceae;g__WTCK01;s__WTCK01 sp018238375	GCA_018238375.1	95.0	d__Archaea;p__Asgardarchaeota;c__Thorarchaeia;o__Thorarchaeales;f__Thorarchaeaceae;g__WTCK01;s__WTCK01 sp018238375	99.63	0.953	GCA_018238375.1	95.0	d__Archaea;p__Asgardarchaeota;c__Thorarchaeia;o__Thorarchaeales;f__Thorarchaeaceae;g__WTCK01;s__WTCK01 sp018238375	99.63	0.953	d__Archaea;p__Asgardarchaeota;c__Thorarchaeia;o__Thorarchaeales;f__Thorarchaeaceae;g__WTCK01;s__	taxonomic classification defined by topology and ANI	topological placement and ANI have congruent species assignments	GCA_019057475.1, s__WTCK01 sp019057475, 95.0, 90.79, 0.637; GCA_030612365.1, s__WTCK01 sp030612365, 95.0, 90.58, 0.701; GCA_023134215.1, s__WTCK01 sp023134215, 95.0, 90.51, 0.684; GCA_030669595.1, s__WTCK01 sp030669595, 95.0, 90.47, 0.698; GCA_013138615.1, s__WTCK01 sp013138615, 95.0, 89.74, 0.541; GCA_030642465.1, s__WTCK01 sp030642465, 95.0, 88.68, 0.452	88.54	11	N/A	N/A
GCA_018238455_1_ASM1823845v1	d__Archaea;p__Asgardarchaeota;c__Lokiarchaeia;o__Sigynarchaeales;f__MK-D1;g__Prometheoarchaeum;s__	N/A	N/A	N/A	N/A	N/A	N/A	N/A	N/A	N/A	N/A	d__Archaea;p__Asgardarchaeota;c__Lokiarchaeia;o__Sigynarchaeales;f__MK-D1;g__Prometheoarchaeum;s__	taxonomic classification defined by topology and ANI	N/A	GCA_030613185.1, s__Prometheoarchaeum sp030613185, 95.0, 85.8, 0.217; GCA_030612265.1, s__Prometheoarchaeum sp030612265, 95.0, 85.47, 0.179	45.62	11	0.96438	N/A
GCA_018238465_1_ASM1823846v1	d__Archaea;p__Asgardarchaeota;c__Thorarchaeia;o__Thorarchaeales;f__Thorarchaeaceae;g__WTCK01;s__WTCK01 sp018238375	GCA_018238375.1	95.0	d__Archaea;p__Asgardarchaeota;c__Thorarchaeia;o__Thorarchaeales;f__Thorarchaeaceae;g__WTCK01;s__WTCK01 sp018238375	99.63	0.905	GCA_018238375.1	95.0	d__Archaea;p__Asgardarchaeota;c__Thorarchaeia;o__Thorarchaeales;f__Thorarchaeaceae;g__WTCK01;s__WTCK01 sp018238375	99.63	0.905	d__Archaea;p__Asgardarchaeota;c__Thorarchaeia;o__Thorarchaeales;f__Thorarchaeaceae;g__WTCK01;s__	taxonomic classification defined by topology and ANI	topological placement and ANI have congruent species assignments	GCA_019057475.1, s__WTCK01 sp019057475, 95.0, 92.88, 0.678; GCA_030669595.1, s__WTCK01 sp030669595, 95.0, 91.82, 0.541; GCA_030612365.1, s__WTCK01 sp030612365, 95.0, 91.73, 0.545; GCA_013138615.1, s__WTCK01 sp013138615, 95.0, 90.66, 0.268; GCA_030642465.1, s__WTCK01 sp030642465, 95.0, 90.5, 0.293; GCA_023134215.1, s__WTCK01 sp023134215, 95.0, 88.89, 0.262	53.05	11	N/A	N/A
GCA_018238505_1_ASM1823850v1	d__Archaea;p__Asgardarchaeota;c__Lokiarchaeia;o__Sigynarchaeales;f__MK-D1;g__Prometheoarchaeum;s__	N/A	N/A	N/A	N/A	N/A	GCA_030613185.1	95.0	d__Archaea;p__Asgardarchaeota;c__Lokiarchaeia;o__Sigynarchaeales;f__MK-D1;g__Prometheoarchaeum;s__Prometheoarchaeum sp030613185	85.9	0.274	d__Archaea;p__Asgardarchaeota;c__Lokiarchaeia;o__Sigynarchaeales;f__MK-D1;g__Prometheoarchaeum;s__	taxonomic classification defined by topology and ANI	N/A	GCA_030611625.1, s__Prometheoarchaeum sp030611625, 95.0, 85.16, 0.178; GCA_030612265.1, s__Prometheoarchaeum sp030612265, 95.0, 84.47, 0.207; GCF_008000775.2, s__Prometheoarchaeum syntrophicum, 95.0, 82.6, 0.166	61.15	11	0.97659	Genome has more than 13.2% of markers with multiple hits
GCA_018238525_1_ASM1823852v1	d__Archaea;p__Asgardarchaeota;c__Thorarchaeia;o__Thorarchaeales;f__Thorarchaeaceae;g__WTCK01;s__WTCK01 sp018238375	GCA_018238375.1	95.0	d__Archaea;p__Asgardarchaeota;c__Thorarchaeia;o__Thorarchaeales;f__Thorarchaeaceae;g__WTCK01;s__WTCK01 sp018238375	99.66	0.882	GCA_018238375.1	95.0	d__Archaea;p__Asgardarchaeota;c__Thorarchaeia;o__Thorarchaeales;f__Thorarchaeaceae;g__WTCK01;s__WTCK01 sp018238375	99.66	0.882	d__Archaea;p__Asgardarchaeota;c__Thorarchaeia;o__Thorarchaeales;f__Thorarchaeaceae;g__WTCK01;s__	taxonomic classification defined by topology and ANI	topological placement and ANI have congruent species assignments	GCA_019057475.1, s__WTCK01 sp019057475, 95.0, 91.2, 0.643; GCA_023134215.1, s__WTCK01 sp023134215, 95.0, 90.44, 0.595; GCA_030669595.1, s__WTCK01 sp030669595, 95.0, 90.13, 0.573; GCA_030612365.1, s__WTCK01 sp030612365, 95.0, 89.86, 0.55; GCA_013138615.1, s__WTCK01 sp013138615, 95.0, 89.11, 0.421; GCA_030642465.1, s__WTCK01 sp030642465, 95.0, 87.95, 0.364	85.36	11	N/A	N/A
GCA_018238545_1_ASM1823854v1	d__Archaea;p__Asgardarchaeota;c__Heimdallarchaeia;o__Heimdallarchaeales;f__Heimdallarchaeaceae;g__UBA460;s__UBA460 sp018238545	GCA_018238545.1	95.0	d__Archaea;p__Asgardarchaeota;c__Heimdallarchaeia;o__Heimdallarchaeales;f__Heimdallarchaeaceae;g__UBA460;s__UBA460 sp018238545	100.0	0.999	GCA_018238545.1	95.0	d__Archaea;p__Asgardarchaeota;c__Heimdallarchaeia;o__Heimdallarchaeales;f__Heimdallarchaeaceae;g__UBA460;s__UBA460 sp018238545	100.0	0.999	d__Archaea;p__Asgardarchaeota;c__Heimdallarchaeia;o__Heimdallarchaeales;f__Heimdallarchaeaceae;g__UBA460;s__	taxonomic classification defined by topology and ANI	topological placement and ANI have congruent species assignments	GCA_023705945.1, s__UBA460 sp023705945, 95.0, 88.88, 0.46; GCA_030611665.1, s__UBA460 sp030611665, 95.0, 87.65, 0.519; GCA_030668875.1, s__UBA460 sp030668875, 95.0, 86.98, 0.459; GCA_023705905.1, s__UBA460 sp023705905, 95.0, 85.3, 0.266	95.41	11	N/A	N/A
GCA_018238565_1_ASM1823856v1	d__Archaea;p__Asgardarchaeota;c__Lokiarchaeia;o__Sigynarchaeales;f__SOKP01;g__SOKP01;s__SOKP01 sp018238625	GCA_018238625.1	95.0	d__Archaea;p__Asgardarchaeota;c__Lokiarchaeia;o__Sigynarchaeales;f__SOKP01;g__SOKP01;s__SOKP01 sp018238625	99.35	0.82	GCA_018238625.1	95.0	d__Archaea;p__Asgardarchaeota;c__Lokiarchaeia;o__Sigynarchaeales;f__SOKP01;g__SOKP01;s__SOKP01 sp018238625	99.35	0.82	d__Archaea;p__Asgardarchaeota;c__Lokiarchaeia;o__Sigynarchaeales;f__SOKP01;g__SOKP01;s__	taxonomic classification defined by topology and ANI	topological placement and ANI have congruent species assignments	GCA_030612905.1, s__SOKP01 sp030612905, 95.0, 91.58, 0.363; GCA_005222975.1, s__SOKP01 sp005222975, 95.0, 91.45, 0.389; GCA_030606095.1, s__SOKP01 sp030606095, 95.0, 91.43, 0.308; GCA_029856105.1, s__SOKP01 sp029856105, 95.0, 91.15, 0.401; GCA_019057795.1, s__SOKP01 sp019057795, 95.0, 91.11, 0.443; GCA_030615145.1, s__SOKP01 sp030615145, 95.0, 90.67, 0.289	60.58	11	N/A	N/A
GCA_018238575_1_ASM1823857v1	d__Archaea;p__Asgardarchaeota;c__Thorarchaeia;o__Thorarchaeales;f__Thorarchaeaceae;g__WTCK01;s__WTCK01 sp018238375	GCA_018238375.1	95.0	d__Archaea;p__Asgardarchaeota;c__Thorarchaeia;o__Thorarchaeales;f__Thorarchaeaceae;g__WTCK01;s__WTCK01 sp018238375	99.48	0.869	GCA_018238375.1	95.0	d__Archaea;p__Asgardarchaeota;c__Thorarchaeia;o__Thorarchaeales;f__Thorarchaeaceae;g__WTCK01;s__WTCK01 sp018238375	99.48	0.869	d__Archaea;p__Asgardarchaeota;c__Thorarchaeia;o__Thorarchaeales;f__Thorarchaeaceae;g__WTCK01;s__	taxonomic classification defined by topology and ANI	topological placement and ANI have congruent species assignments	GCA_019057475.1, s__WTCK01 sp019057475, 95.0, 91.2, 0.639; GCA_023134215.1, s__WTCK01 sp023134215, 95.0, 90.66, 0.561; GCA_030669595.1, s__WTCK01 sp030669595, 95.0, 90.49, 0.539; GCA_030612365.1, s__WTCK01 sp030612365, 95.0, 89.92, 0.53; GCA_013138615.1, s__WTCK01 sp013138615, 95.0, 88.94, 0.375; GCA_030642465.1, s__WTCK01 sp030642465, 95.0, 87.75, 0.319	73.57	11	N/A	N/A
GCA_018238585_1_ASM1823858v1	d__Archaea;p__Asgardarchaeota;c__Heimdallarchaeia;o__Heimdallarchaeales;f__Heimdallarchaeaceae;g__UBA460;s__UBA460 sp018238545	GCA_018238545.1	95.0	d__Archaea;p__Asgardarchaeota;c__Heimdallarchaeia;o__Heimdallarchaeales;f__Heimdallarchaeaceae;g__UBA460;s__UBA460 sp018238545	99.62	0.926	GCA_018238545.1	95.0	d__Archaea;p__Asgardarchaeota;c__Heimdallarchaeia;o__Heimdallarchaeales;f__Heimdallarchaeaceae;g__UBA460;s__UBA460 sp018238545	99.62	0.926	d__Archaea;p__Asgardarchaeota;c__Heimdallarchaeia;o__Heimdallarchaeales;f__Heimdallarchaeaceae;g__UBA460;s__	taxonomic classification defined by topology and ANI	topological placement and ANI have congruent species assignments	GCA_023705945.1, s__UBA460 sp023705945, 95.0, 88.53, 0.424; GCA_030668875.1, s__UBA460 sp030668875, 95.0, 87.56, 0.434; GCA_030611665.1, s__UBA460 sp030611665, 95.0, 87.25, 0.459; GCA_023705905.1, s__UBA460 sp023705905, 95.0, 84.85, 0.277	92.9	11	N/A	N/A
GCA_018238625_1_ASM1823862v1	d__Archaea;p__Asgardarchaeota;c__Lokiarchaeia;o__Sigynarchaeales;f__SOKP01;g__SOKP01;s__SOKP01 sp018238625	GCA_018238625.1	95.0	d__Archaea;p__Asgardarchaeota;c__Lokiarchaeia;o__Sigynarchaeales;f__SOKP01;g__SOKP01;s__SOKP01 sp018238625	100.0	1.0	GCA_018238625.1	95.0	d__Archaea;p__Asgardarchaeota;c__Lokiarchaeia;o__Sigynarchaeales;f__SOKP01;g__SOKP01;s__SOKP01 sp018238625	100.0	1.0	d__Archaea;p__Asgardarchaeota;c__Lokiarchaeia;o__Sigynarchaeales;f__SOKP01;g__SOKP01;s__	taxonomic classification defined by topology and ANI	topological placement and ANI have congruent species assignments	GCA_030612905.1, s__SOKP01 sp030612905, 95.0, 91.79, 0.613; GCA_030606095.1, s__SOKP01 sp030606095, 95.0, 91.04, 0.53; GCA_029856105.1, s__SOKP01 sp029856105, 95.0, 90.87, 0.57; GCA_030615145.1, s__SOKP01 sp030615145, 95.0, 90.58, 0.5; GCA_005222975.1, s__SOKP01 sp005222975, 95.0, 90.25, 0.541; GCA_019057795.1, s__SOKP01 sp019057795, 95.0, 90.01, 0.519	89.61	11	N/A	N/A
GCA_018238645_1_ASM1823864v1	d__Archaea;p__Asgardarchaeota;c__Heimdallarchaeia;o__Heimdallarchaeales;f__Heimdallarchaeaceae;g__UBA460;s__UBA460 sp018238545	GCA_018238545.1	95.0	d__Archaea;p__Asgardarchaeota;c__Heimdallarchaeia;o__Heimdallarchaeales;f__Heimdallarchaeaceae;g__UBA460;s__UBA460 sp018238545	99.76	0.929	GCA_018238545.1	95.0	d__Archaea;p__Asgardarchaeota;c__Heimdallarchaeia;o__Heimdallarchaeales;f__Heimdallarchaeaceae;g__UBA460;s__UBA460 sp018238545	99.76	0.929	d__Archaea;p__Asgardarchaeota;c__Heimdallarchaeia;o__Heimdallarchaeales;f__Heimdallarchaeaceae;g__UBA460;s__	taxonomic classification defined by topology and ANI	topological placement and ANI have congruent species assignments	GCA_023705945.1, s__UBA460 sp023705945, 95.0, 88.39, 0.396; GCA_030668875.1, s__UBA460 sp030668875, 95.0, 87.61, 0.418; GCA_030611665.1, s__UBA460 sp030611665, 95.0, 87.41, 0.444; GCA_023705905.1, s__UBA460 sp023705905, 95.0, 85.39, 0.245	92.67	11	N/A	N/A
GCA_018238665_1_ASM1823866v1	d__Archaea;p__Asgardarchaeota;c__Thorarchaeia;o__Thorarchaeales;f__Thorarchaeaceae;g__MP8T-1;s__MP8T-1 sp018238825	GCA_018238825.1	95.0	d__Archaea;p__Asgardarchaeota;c__Thorarchaeia;o__Thorarchaeales;f__Thorarchaeaceae;g__MP8T-1;s__MP8T-1 sp018238825	97.9	0.731	GCA_018238825.1	95.0	d__Archaea;p__Asgardarchaeota;c__Thorarchaeia;o__Thorarchaeales;f__Thorarchaeaceae;g__MP8T-1;s__MP8T-1 sp018238825	97.9	0.731	d__Archaea;p__Asgardarchaeota;c__Thorarchaeia;o__Thorarchaeales;f__Thorarchaeaceae;g__MP8T-1;s__	taxonomic classification defined by topology and ANI	topological placement and ANI have congruent species assignments	GCA_018238205.1, s__MP8T-1 sp018238205, 95.0, 93.53, 0.598; GCA_030612005.1, s__MP8T-1 sp030612005, 95.0, 90.26, 0.43	73.74	11	N/A	N/A
GCA_018238685_1_ASM1823868v1	d__Archaea;p__Asgardarchaeota;c__Thorarchaeia;o__Thorarchaeales;f__Thorarchaeaceae;g__MP8T-1;s__MP8T-1 sp018238825	GCA_018238825.1	95.0	d__Archaea;p__Asgardarchaeota;c__Thorarchaeia;o__Thorarchaeales;f__Thorarchaeaceae;g__MP8T-1;s__MP8T-1 sp018238825	99.79	0.881	GCA_018238825.1	95.0	d__Archaea;p__Asgardarchaeota;c__Thorarchaeia;o__Thorarchaeales;f__Thorarchaeaceae;g__MP8T-1;s__MP8T-1 sp018238825	99.79	0.881	d__Archaea;p__Asgardarchaeota;c__Thorarchaeia;o__Thorarchaeales;f__Thorarchaeaceae;g__MP8T-1;s__	taxonomic classification defined by topology and ANI	topological placement and ANI have congruent species assignments	GCA_018238205.1, s__MP8T-1 sp018238205, 95.0, 93.28, 0.6; GCA_030612005.1, s__MP8T-1 sp030612005, 95.0, 90.52, 0.396	69.02	11	N/A	N/A
GCA_018238705_1_ASM1823870v1	d__Archaea;p__Asgardarchaeota;c__Lokiarchaeia;o__Sigynarchaeales;f__SOKP01;g__SOKP01;s__SOKP01 sp018238625	GCA_018238625.1	95.0	d__Archaea;p__Asgardarchaeota;c__Lokiarchaeia;o__Sigynarchaeales;f__SOKP01;g__SOKP01;s__SOKP01 sp018238625	97.7	0.761	GCA_018238625.1	95.0	d__Archaea;p__Asgardarchaeota;c__Lokiarchaeia;o__Sigynarchaeales;f__SOKP01;g__SOKP01;s__SOKP01 sp018238625	97.7	0.761	d__Archaea;p__Asgardarchaeota;c__Lokiarchaeia;o__Sigynarchaeales;f__SOKP01;g__SOKP01;s__	taxonomic classification defined by topology and ANI	topological placement and ANI have congruent species assignments	GCA_030606095.1, s__SOKP01 sp030606095, 95.0, 95.19, 0.581; GCA_030612905.1, s__SOKP01 sp030612905, 95.0, 91.63, 0.474; GCA_005222975.1, s__SOKP01 sp005222975, 95.0, 91.5, 0.451; GCA_019057795.1, s__SOKP01 sp019057795, 95.0, 91.34, 0.536; GCA_030615145.1, s__SOKP01 sp030615145, 95.0, 90.76, 0.428; GCA_029856105.1, s__SOKP01 sp029856105, 95.0, 90.64, 0.462	68.99	11	N/A	N/A
GCA_018238725_1_ASM1823872v1	d__Archaea;p__Asgardarchaeota;c__Lokiarchaeia;o__Sigynarchaeales;f__SOKP01;g__SOKP01;s__SOKP01 sp018238625	GCA_018238625.1	95.0	d__Archaea;p__Asgardarchaeota;c__Lokiarchaeia;o__Sigynarchaeales;f__SOKP01;g__SOKP01;s__SOKP01 sp018238625	99.57	0.897	GCA_018238625.1	95.0	d__Archaea;p__Asgardarchaeota;c__Lokiarchaeia;o__Sigynarchaeales;f__SOKP01;g__SOKP01;s__SOKP01 sp018238625	99.57	0.897	d__Archaea;p__Asgardarchaeota;c__Lokiarchaeia;o__Sigynarchaeales;f__SOKP01;g__SOKP01;s__	taxonomic classification defined by topology and ANI	topological placement and ANI have congruent species assignments	GCA_030612905.1, s__SOKP01 sp030612905, 95.0, 91.67, 0.611; GCA_030606095.1, s__SOKP01 sp030606095, 95.0, 91.12, 0.528; GCA_029856105.1, s__SOKP01 sp029856105, 95.0, 90.8, 0.571; GCA_005222975.1, s__SOKP01 sp005222975, 95.0, 90.57, 0.551; GCA_030615145.1, s__SOKP01 sp030615145, 95.0, 90.31, 0.494; GCA_019057795.1, s__SOKP01 sp019057795, 95.0, 90.01, 0.539	71.69	11	N/A	N/A
GCA_018238745_1_ASM1823874v1	d__Archaea;p__Asgardarchaeota;c__Lokiarchaeia;o__Sigynarchaeales;f__SOKP01;g__SOKP01;s__SOKP01 sp018238625	GCA_018238625.1	95.0	d__Archaea;p__Asgardarchaeota;c__Lokiarchaeia;o__Sigynarchaeales;f__SOKP01;g__SOKP01;s__SOKP01 sp018238625	99.08	0.862	GCA_018238625.1	95.0	d__Archaea;p__Asgardarchaeota;c__Lokiarchaeia;o__Sigynarchaeales;f__SOKP01;g__SOKP01;s__SOKP01 sp018238625	99.08	0.862	d__Archaea;p__Asgardarchaeota;c__Lokiarchaeia;o__Sigynarchaeales;f__SOKP01;g__SOKP01;s__	taxonomic classification defined by topology and ANI	topological placement and ANI have congruent species assignments	GCA_030612905.1, s__SOKP01 sp030612905, 95.0, 91.8, 0.568; GCA_030606095.1, s__SOKP01 sp030606095, 95.0, 91.35, 0.488; GCA_005222975.1, s__SOKP01 sp005222975, 95.0, 91.13, 0.509; GCA_029856105.1, s__SOKP01 sp029856105, 95.0, 90.94, 0.523; GCA_019057795.1, s__SOKP01 sp019057795, 95.0, 90.78, 0.561; GCA_030615145.1, s__SOKP01 sp030615145, 95.0, 90.34, 0.47	92.71	11	N/A	N/A
GCA_018238755_1_ASM1823875v1	d__Archaea;p__Asgardarchaeota;c__Thorarchaeia;o__Thorarchaeales;f__Thorarchaeaceae;g__WTCK01;s__WTCK01 sp018238375	GCA_018238375.1	95.0	d__Archaea;p__Asgardarchaeota;c__Thorarchaeia;o__Thorarchaeales;f__Thorarchaeaceae;g__WTCK01;s__WTCK01 sp018238375	99.47	0.767	GCA_018238375.1	95.0	d__Archaea;p__Asgardarchaeota;c__Thorarchaeia;o__Thorarchaeales;f__Thorarchaeaceae;g__WTCK01;s__WTCK01 sp018238375	99.47	0.767	d__Archaea;p__Asgardarchaeota;c__Thorarchaeia;o__Thorarchaeales;f__Thorarchaeaceae;g__WTCK01;s__	taxonomic classification defined by topology and ANI	topological placement and ANI have congruent species assignments	GCA_019057475.1, s__WTCK01 sp019057475, 95.0, 92.56, 0.561; GCA_030669595.1, s__WTCK01 sp030669595, 95.0, 91.37, 0.445; GCA_030612365.1, s__WTCK01 sp030612365, 95.0, 91.28, 0.449; GCA_023134215.1, s__WTCK01 sp023134215, 95.0, 89.64, 0.389; GCA_030642465.1, s__WTCK01 sp030642465, 95.0, 89.53, 0.238; GCA_013138615.1, s__WTCK01 sp013138615, 95.0, 89.26, 0.235	65.68	11	N/A	N/A
GCA_018238765_1_ASM1823876v1	d__Archaea;p__Asgardarchaeota;c__Thorarchaeia;o__Thorarchaeales;f__Thorarchaeaceae;g__MP8T-1;s__MP8T-1 sp018238825	GCA_018238825.1	95.0	d__Archaea;p__Asgardarchaeota;c__Thorarchaeia;o__Thorarchaeales;f__Thorarchaeaceae;g__MP8T-1;s__MP8T-1 sp018238825	98.3	0.784	GCA_018238825.1	95.0	d__Archaea;p__Asgardarchaeota;c__Thorarchaeia;o__Thorarchaeales;f__Thorarchaeaceae;g__MP8T-1;s__MP8T-1 sp018238825	98.3	0.784	d__Archaea;p__Asgardarchaeota;c__Thorarchaeia;o__Thorarchaeales;f__Thorarchaeaceae;g__MP8T-1;s__	taxonomic classification defined by topology and ANI	topological placement and ANI have congruent species assignments	GCA_018238205.1, s__MP8T-1 sp018238205, 95.0, 93.41, 0.669; GCA_030612005.1, s__MP8T-1 sp030612005, 95.0, 90.36, 0.46	66.14	11	N/A	N/A
GCA_018238805_1_ASM1823880v1	d__Archaea;p__Asgardarchaeota;c__Heimdallarchaeia;o__Heimdallarchaeales;f__Heimdallarchaeaceae;g__UBA460;s__UBA460 sp018238545	GCA_018238545.1	95.0	d__Archaea;p__Asgardarchaeota;c__Heimdallarchaeia;o__Heimdallarchaeales;f__Heimdallarchaeaceae;g__UBA460;s__UBA460 sp018238545	99.75	0.922	GCA_018238545.1	95.0	d__Archaea;p__Asgardarchaeota;c__Heimdallarchaeia;o__Heimdallarchaeales;f__Heimdallarchaeaceae;g__UBA460;s__UBA460 sp018238545	99.75	0.922	d__Archaea;p__Asgardarchaeota;c__Heimdallarchaeia;o__Heimdallarchaeales;f__Heimdallarchaeaceae;g__UBA460;s__	taxonomic classification defined by topology and ANI	topological placement and ANI have congruent species assignments	GCA_023705945.1, s__UBA460 sp023705945, 95.0, 89.42, 0.372; GCA_030668875.1, s__UBA460 sp030668875, 95.0, 88.82, 0.373; GCA_030611665.1, s__UBA460 sp030611665, 95.0, 88.45, 0.359; GCA_023705905.1, s__UBA460 sp023705905, 95.0, 86.46, 0.23	91.53	11	N/A	N/A
GCA_018238825_1_ASM1823882v1	d__Archaea;p__Asgardarchaeota;c__Thorarchaeia;o__Thorarchaeales;f__Thorarchaeaceae;g__MP8T-1;s__MP8T-1 sp018238825	GCA_018238825.1	95.0	d__Archaea;p__Asgardarchaeota;c__Thorarchaeia;o__Thorarchaeales;f__Thorarchaeaceae;g__MP8T-1;s__MP8T-1 sp018238825	100.0	1.0	GCA_018238825.1	95.0	d__Archaea;p__Asgardarchaeota;c__Thorarchaeia;o__Thorarchaeales;f__Thorarchaeaceae;g__MP8T-1;s__MP8T-1 sp018238825	100.0	1.0	d__Archaea;p__Asgardarchaeota;c__Thorarchaeia;o__Thorarchaeales;f__Thorarchaeaceae;g__MP8T-1;s__	taxonomic classification defined by topology and ANI	topological placement and ANI have congruent species assignments	GCA_018238205.1, s__MP8T-1 sp018238205, 95.0, 92.98, 0.613; GCA_030612005.1, s__MP8T-1 sp030612005, 95.0, 89.81, 0.446	91.99	11	N/A	N/A
GCA_018238845_1_ASM1823884v1	d__Archaea;p__Asgardarchaeota;c__Lokiarchaeia;o__Sigynarchaeales;f__SOKP01;g__SOKP01;s__SOKP01 sp018238625	GCA_018238625.1	95.0	d__Archaea;p__Asgardarchaeota;c__Lokiarchaeia;o__Sigynarchaeales;f__SOKP01;g__SOKP01;s__SOKP01 sp018238625	99.33	0.678	GCA_018238625.1	95.0	d__Archaea;p__Asgardarchaeota;c__Lokiarchaeia;o__Sigynarchaeales;f__SOKP01;g__SOKP01;s__SOKP01 sp018238625	99.33	0.678	d__Archaea;p__Asgardarchaeota;c__Lokiarchaeia;o__Sigynarchaeales;f__SOKP01;g__SOKP01;s__	taxonomic classification defined by topology and ANI	topological placement and ANI have congruent species assignments	GCA_005222975.1, s__SOKP01 sp005222975, 95.0, 92.05, 0.331; GCA_030612905.1, s__SOKP01 sp030612905, 95.0, 91.58, 0.341; GCA_019057795.1, s__SOKP01 sp019057795, 95.0, 91.23, 0.383; GCA_029856105.1, s__SOKP01 sp029856105, 95.0, 91.15, 0.355; GCA_030606095.1, s__SOKP01 sp030606095, 95.0, 90.97, 0.267; GCA_030615145.1, s__SOKP01 sp030615145, 95.0, 90.67, 0.266	55.63	11	N/A	N/A
GCA_018238865_1_ASM1823886v1	d__Archaea;p__Asgardarchaeota;c__Thorarchaeia;o__Thorarchaeales;f__Thorarchaeaceae;g__WTCK01;s__WTCK01 sp018238375	GCA_018238375.1	95.0	d__Archaea;p__Asgardarchaeota;c__Thorarchaeia;o__Thorarchaeales;f__Thorarchaeaceae;g__WTCK01;s__WTCK01 sp018238375	99.2	0.876	GCA_018238375.1	95.0	d__Archaea;p__Asgardarchaeota;c__Thorarchaeia;o__Thorarchaeales;f__Thorarchaeaceae;g__WTCK01;s__WTCK01 sp018238375	99.2	0.876	d__Archaea;p__Asgardarchaeota;c__Thorarchaeia;o__Thorarchaeales;f__Thorarchaeaceae;g__WTCK01;s__	taxonomic classification defined by topology and ANI	topological placement and ANI have congruent species assignments	GCA_019057475.1, s__WTCK01 sp019057475, 95.0, 92.26, 0.669; GCA_030669595.1, s__WTCK01 sp030669595, 95.0, 91.32, 0.555; GCA_030612365.1, s__WTCK01 sp030612365, 95.0, 91.28, 0.538; GCA_023134215.1, s__WTCK01 sp023134215, 95.0, 89.78, 0.377; GCA_030642465.1, s__WTCK01 sp030642465, 95.0, 89.12, 0.302; GCA_013138615.1, s__WTCK01 sp013138615, 95.0, 88.77, 0.275	58.25	11	N/A	N/A
GCA_018238885_1_ASM1823888v1	d__Archaea;p__Asgardarchaeota;c__Heimdallarchaeia;o__Heimdallarchaeales;f__Heimdallarchaeaceae;g__UBA460;s__UBA460 sp018238545	GCA_018238545.1	95.0	d__Archaea;p__Asgardarchaeota;c__Heimdallarchaeia;o__Heimdallarchaeales;f__Heimdallarchaeaceae;g__UBA460;s__UBA460 sp018238545	99.79	0.907	GCA_018238545.1	95.0	d__Archaea;p__Asgardarchaeota;c__Heimdallarchaeia;o__Heimdallarchaeales;f__Heimdallarchaeaceae;g__UBA460;s__UBA460 sp018238545	99.79	0.907	d__Archaea;p__Asgardarchaeota;c__Heimdallarchaeia;o__Heimdallarchaeales;f__Heimdallarchaeaceae;g__UBA460;s__	taxonomic classification defined by topology and ANI	topological placement and ANI have congruent species assignments	GCA_023705945.1, s__UBA460 sp023705945, 95.0, 89.86, 0.357; GCA_030668875.1, s__UBA460 sp030668875, 95.0, 88.95, 0.366; GCA_030611665.1, s__UBA460 sp030611665, 95.0, 88.72, 0.335; GCA_023705905.1, s__UBA460 sp023705905, 95.0, 87.29, 0.212	69.85	11	N/A	N/A
GCA_018238895_1_ASM1823889v1	d__Archaea;p__Asgardarchaeota;c__Lokiarchaeia;o__Sigynarchaeales;f__SOKP01;g__SOKP01;s__SOKP01 sp018238625	GCA_018238625.1	95.0	d__Archaea;p__Asgardarchaeota;c__Lokiarchaeia;o__Sigynarchaeales;f__SOKP01;g__SOKP01;s__SOKP01 sp018238625	99.45	0.701	GCA_018238625.1	95.0	d__Archaea;p__Asgardarchaeota;c__Lokiarchaeia;o__Sigynarchaeales;f__SOKP01;g__SOKP01;s__SOKP01 sp018238625	99.45	0.701	d__Archaea;p__Asgardarchaeota;c__Lokiarchaeia;o__Sigynarchaeales;f__SOKP01;g__SOKP01;s__	taxonomic classification defined by topology and ANI	topological placement and ANI have congruent species assignments	GCA_005222975.1, s__SOKP01 sp005222975, 95.0, 91.75, 0.344; GCA_019057795.1, s__SOKP01 sp019057795, 95.0, 91.32, 0.384; GCA_029856105.1, s__SOKP01 sp029856105, 95.0, 91.15, 0.352; GCA_030612905.1, s__SOKP01 sp030612905, 95.0, 90.97, 0.385; GCA_030606095.1, s__SOKP01 sp030606095, 95.0, 90.97, 0.328; GCA_030615145.1, s__SOKP01 sp030615145, 95.0, 90.73, 0.315	69.71	11	N/A	N/A
GCA_018238925_1_ASM1823892v1	d__Archaea;p__Asgardarchaeota;c__Thorarchaeia;o__Thorarchaeales;f__Thorarchaeaceae;g__WTCK01;s__	N/A	N/A	N/A	N/A	N/A	GCA_013138615.1	95.0	d__Archaea;p__Asgardarchaeota;c__Thorarchaeia;o__Thorarchaeales;f__Thorarchaeaceae;g__WTCK01;s__WTCK01 sp013138615	94.04	0.475	d__Archaea;p__Asgardarchaeota;c__Thorarchaeia;o__Thorarchaeales;f__Thorarchaeaceae;g__WTCK01;s__	taxonomic classification defined by topology and ANI	N/A	GCA_030642465.1, s__WTCK01 sp030642465, 95.0, 91.63, 0.504; GCA_019057475.1, s__WTCK01 sp019057475, 95.0, 91.05, 0.605; GCA_018238375.1, s__WTCK01 sp018238375, 95.0, 90.51, 0.45; GCA_030669595.1, s__WTCK01 sp030669595, 95.0, 90.45, 0.423; GCA_030612365.1, s__WTCK01 sp030612365, 95.0, 90.06, 0.429; GCA_023134215.1, s__WTCK01 sp023134215, 95.0, 89.66, 0.423	69.56	11	0.99144	Genome not assigned to closest species as it falls outside its pre-defined ANI radius
GCA_018238935_1_ASM1823893v1	d__Archaea;p__Asgardarchaeota;c__Thorarchaeia;o__Thorarchaeales;f__Thorarchaeaceae;g__MP8T-1;s__MP8T-1 sp018238825	GCA_018238825.1	95.0	d__Archaea;p__Asgardarchaeota;c__Thorarchaeia;o__Thorarchaeales;f__Thorarchaeaceae;g__MP8T-1;s__MP8T-1 sp018238825	98.42	0.804	GCA_018238825.1	95.0	d__Archaea;p__Asgardarchaeota;c__Thorarchaeia;o__Thorarchaeales;f__Thorarchaeaceae;g__MP8T-1;s__MP8T-1 sp018238825	98.42	0.804	d__Archaea;p__Asgardarchaeota;c__Thorarchaeia;o__Thorarchaeales;f__Thorarchaeaceae;g__MP8T-1;s__	taxonomic classification defined by topology and ANI	topological placement and ANI have congruent species assignments	GCA_018238205.1, s__MP8T-1 sp018238205, 95.0, 93.04, 0.604; GCA_030612005.1, s__MP8T-1 sp030612005, 95.0, 89.55, 0.411	66.22	11	N/A	N/A
GCA_018238965_1_ASM1823896v1	d__Archaea;p__Asgardarchaeota;c__Lokiarchaeia;o__Sigynarchaeales;f__MK-D1;g__Harpocratesius;s__Harpocratesius sp018238965	GCA_018238965.1	95.0	d__Archaea;p__Asgardarchaeota;c__Lokiarchaeia;o__Sigynarchaeales;f__MK-D1;g__Harpocratesius;s__Harpocratesius sp018238965	100.0	0.999	GCA_018238965.1	95.0	d__Archaea;p__Asgardarchaeota;c__Lokiarchaeia;o__Sigynarchaeales;f__MK-D1;g__Harpocratesius;s__Harpocratesius sp018238965	100.0	0.999	d__Archaea;p__Asgardarchaeota;c__Lokiarchaeia;o__Sigynarchaeales;f__MK-D1;g__Harpocratesius;s__	taxonomic classification defined by topology and ANI	topological placement and ANI have congruent species assignments	N/A	80.76	11	N/A	N/A
GCA_018238985_1_ASM1823898v1	d__Archaea;p__Asgardarchaeota;c__Lokiarchaeia;o__Sigynarchaeales;f__SOKP01;g__SOKP01;s__SOKP01 sp018238625	GCA_018238625.1	95.0	d__Archaea;p__Asgardarchaeota;c__Lokiarchaeia;o__Sigynarchaeales;f__SOKP01;g__SOKP01;s__SOKP01 sp018238625	97.85	0.786	GCA_018238625.1	95.0	d__Archaea;p__Asgardarchaeota;c__Lokiarchaeia;o__Sigynarchaeales;f__SOKP01;g__SOKP01;s__SOKP01 sp018238625	97.85	0.786	d__Archaea;p__Asgardarchaeota;c__Lokiarchaeia;o__Sigynarchaeales;f__SOKP01;g__SOKP01;s__	taxonomic classification defined by topology and ANI	topological placement and ANI have congruent species assignments	GCA_030612905.1, s__SOKP01 sp030612905, 95.0, 93.16, 0.421; GCA_005222975.1, s__SOKP01 sp005222975, 95.0, 93.0, 0.463; GCA_019057795.1, s__SOKP01 sp019057795, 95.0, 92.77, 0.536; GCA_029856105.1, s__SOKP01 sp029856105, 95.0, 92.54, 0.499; GCA_030615145.1, s__SOKP01 sp030615145, 95.0, 92.49, 0.35; GCA_030606095.1, s__SOKP01 sp030606095, 95.0, 91.93, 0.333	64.67	11	N/A	N/A
GCA_018239005_1_ASM1823900v1	d__Archaea;p__Asgardarchaeota;c__Thorarchaeia;o__Thorarchaeales;f__Thorarchaeaceae;g__WTCK01;s__	N/A	N/A	N/A	N/A	N/A	N/A	N/A	N/A	N/A	N/A	d__Archaea;p__Asgardarchaeota;c__Thorarchaeia;o__Thorarchaeales;f__Thorarchaeaceae;g__WTCK01;s__	taxonomic classification defined by topology and ANI	N/A	GCA_013138615.1, s__WTCK01 sp013138615, 95.0, 93.38, 0.394; GCA_018238375.1, s__WTCK01 sp018238375, 95.0, 92.14, 0.477; GCA_019057475.1, s__WTCK01 sp019057475, 95.0, 91.17, 0.53; GCA_030642465.1, s__WTCK01 sp030642465, 95.0, 90.97, 0.348; GCA_030669595.1, s__WTCK01 sp030669595, 95.0, 90.67, 0.354; GCA_030612365.1, s__WTCK01 sp030612365, 95.0, 90.62, 0.366; GCA_023134215.1, s__WTCK01 sp023134215, 95.0, 88.49, 0.238	55.68	11	0.98189	Genome not assigned to closest species as it falls outside its pre-defined ANI radius
GCA_018239015_1_ASM1823901v1	d__Archaea;p__Asgardarchaeota;c__Thorarchaeia;o__Thorarchaeales;f__Thorarchaeaceae;g__MP8T-1;s__MP8T-1 sp018238825	GCA_018238825.1	95.0	d__Archaea;p__Asgardarchaeota;c__Thorarchaeia;o__Thorarchaeales;f__Thorarchaeaceae;g__MP8T-1;s__MP8T-1 sp018238825	98.6	0.768	GCA_018238825.1	95.0	d__Archaea;p__Asgardarchaeota;c__Thorarchaeia;o__Thorarchaeales;f__Thorarchaeaceae;g__MP8T-1;s__MP8T-1 sp018238825	98.6	0.768	d__Archaea;p__Asgardarchaeota;c__Thorarchaeia;o__Thorarchaeales;f__Thorarchaeaceae;g__MP8T-1;s__	taxonomic classification defined by topology and ANI	topological placement and ANI have congruent species assignments	GCA_018238205.1, s__MP8T-1 sp018238205, 95.0, 93.02, 0.602; GCA_030612005.1, s__MP8T-1 sp030612005, 95.0, 89.78, 0.406	86.7	11	N/A	N/A
GCA_018335335_1_ASM1833533v1	d__Archaea;p__Asgardarchaeota;c__Thorarchaeia;o__Thorarchaeales;f__Thorarchaeaceae;g__WJIL01;s__WJIL01 sp018335335	GCA_018335335.1	95.0	d__Archaea;p__Asgardarchaeota;c__Thorarchaeia;o__Thorarchaeales;f__Thorarchaeaceae;g__WJIL01;s__WJIL01 sp018335335	100.0	1.0	GCA_018335335.1	95.0	d__Archaea;p__Asgardarchaeota;c__Thorarchaeia;o__Thorarchaeales;f__Thorarchaeaceae;g__WJIL01;s__WJIL01 sp018335335	100.0	1.0	d__Archaea;p__Asgardarchaeota;c__Thorarchaeia;o__Thorarchaeales;f__Thorarchaeaceae;g__WJIL01;s__	taxonomic classification defined by topology and ANI	topological placement and ANI have congruent species assignments	GCA_014730275.1, s__WJIL01 sp014730275, 95.0, 89.51, 0.578	90.35	11	N/A	N/A
GCA_018623815_1_ASM1862381v1	d__Archaea;p__Asgardarchaeota;c__Heimdallarchaeia;o__Heimdallarchaeales;f__Kariarchaeaceae;g__Kariarchaeum;s__Kariarchaeum pelagium	GCA_002728275.1	95.0	d__Archaea;p__Asgardarchaeota;c__Heimdallarchaeia;o__Heimdallarchaeales;f__Kariarchaeaceae;g__Kariarchaeum;s__Kariarchaeum pelagium	96.28	0.801	GCA_002728275.1	95.0	d__Archaea;p__Asgardarchaeota;c__Heimdallarchaeia;o__Heimdallarchaeales;f__Kariarchaeaceae;g__Kariarchaeum;s__Kariarchaeum pelagium	96.28	0.801	d__Archaea;p__Asgardarchaeota;c__Heimdallarchaeia;o__Heimdallarchaeales;f__Kariarchaeaceae;g__Kariarchaeum;s__	taxonomic classification defined by topology and ANI	topological placement and ANI have congruent species assignments	N/A	74.91	11	N/A	N/A
GCA_019057385_1_ASM1905738v1	d__Archaea;p__Asgardarchaeota;c__Sifarchaeia;o__Borrarchaeales;f__Borrarchaeaceae;g__Borrarchaeum;s__Borrarchaeum weybense	GCA_019057385.1	95.0	d__Archaea;p__Asgardarchaeota;c__Sifarchaeia;o__Borrarchaeales;f__Borrarchaeaceae;g__Borrarchaeum;s__Borrarchaeum weybense	100.0	1.0	GCA_019057385.1	95.0	d__Archaea;p__Asgardarchaeota;c__Sifarchaeia;o__Borrarchaeales;f__Borrarchaeaceae;g__Borrarchaeum;s__Borrarchaeum weybense	100.0	1.0	d__Archaea;p__Asgardarchaeota;c__Sifarchaeia;o__Borrarchaeales;f__Borrarchaeaceae;g__Borrarchaeum;s__	taxonomic classification defined by topology and ANI	topological placement and ANI have congruent species assignments	GCA_016840515.1, s__Borrarchaeum yapensis, 95.0, 90.93, 0.535	93.24	11	N/A	N/A
GCA_019057735_1_ASM1905773v1	d__Archaea;p__Asgardarchaeota;c__Lokiarchaeia;o__Sigynarchaeales;f__SOKP01;g__SOKP01;s__	N/A	N/A	N/A	N/A	N/A	GCA_004375715.1	95.0	d__Archaea;p__Asgardarchaeota;c__Lokiarchaeia;o__Sigynarchaeales;f__SOKP01;g__SOKP01;s__SOKP01 sp004375715	91.82	0.405	d__Archaea;p__Asgardarchaeota;c__Lokiarchaeia;o__Sigynarchaeales;f__SOKP01;g__SOKP01;s__	taxonomic classification defined by topology and ANI	N/A	GCA_030599585.1, s__SOKP01 sp030599585, 95.0, 91.19, 0.495; GCA_029856125.1, s__SOKP01 sp029856125, 95.0, 89.58, 0.389; GCA_019894855.1, s__SOKP01 sp019894855, 95.0, 89.08, 0.398; GCA_035530895.1, s__SOKP01 sp035530895, 95.0, 87.94, 0.281; GCA_030615235.1, s__SOKP01 sp030615235, 95.0, 87.91, 0.268; GCA_019894885.1, s__SOKP01 sp019894885, 95.0, 87.4, 0.224	72.81	11	0.99539	N/A
GCA_019057745_1_ASM1905774v1	d__Archaea;p__Asgardarchaeota;c__Lokiarchaeia;o__Sigynarchaeales;f__SOKP01;g__SOKP01;s__	N/A	N/A	N/A	N/A	N/A	GCA_030612905.1	95.0	d__Archaea;p__Asgardarchaeota;c__Lokiarchaeia;o__Sigynarchaeales;f__SOKP01;g__SOKP01;s__SOKP01 sp030612905	93.5	0.571	d__Archaea;p__Asgardarchaeota;c__Lokiarchaeia;o__Sigynarchaeales;f__SOKP01;g__SOKP01;s__	taxonomic classification defined by topology and ANI	N/A	GCA_005222975.1, s__SOKP01 sp005222975, 95.0, 93.94, 0.622; GCA_019057795.1, s__SOKP01 sp019057795, 95.0, 93.81, 0.741; GCA_030615145.1, s__SOKP01 sp030615145, 95.0, 92.83, 0.469; GCA_029856105.1, s__SOKP01 sp029856105, 95.0, 92.66, 0.605; GCA_018238625.1, s__SOKP01 sp018238625, 95.0, 92.29, 0.616; GCA_030606095.1, s__SOKP01 sp030606095, 95.0, 91.93, 0.426	56.3	11	0.98806	Genome not assigned to closest species as it falls outside its pre-defined ANI radius
GCA_019057775_1_ASM1905777v1	d__Archaea;p__Asgardarchaeota;c__Lokiarchaeia;o__Sigynarchaeales;f__SOKP01;g__Loki-b32;s__	N/A	N/A	N/A	N/A	N/A	N/A	N/A	N/A	N/A	N/A	d__Archaea;p__Asgardarchaeota;c__Lokiarchaeia;o__Sigynarchaeales;f__SOKP01;g__Loki-b32;s__	taxonomic classification fully defined by topology	N/A	N/A	86.47	11	0.92267	N/A
GCA_019057795_1_ASM1905779v1	d__Archaea;p__Asgardarchaeota;c__Lokiarchaeia;o__Sigynarchaeales;f__SOKP01;g__SOKP01;s__SOKP01 sp019057795	GCA_019057795.1	95.0	d__Archaea;p__Asgardarchaeota;c__Lokiarchaeia;o__Sigynarchaeales;f__SOKP01;g__SOKP01;s__SOKP01 sp019057795	99.99	1.0	GCA_019057795.1	95.0	d__Archaea;p__Asgardarchaeota;c__Lokiarchaeia;o__Sigynarchaeales;f__SOKP01;g__SOKP01;s__SOKP01 sp019057795	99.99	1.0	d__Archaea;p__Asgardarchaeota;c__Lokiarchaeia;o__Sigynarchaeales;f__SOKP01;g__SOKP01;s__	taxonomic classification defined by topology and ANI	topological placement and ANI have congruent species assignments	GCA_005222975.1, s__SOKP01 sp005222975, 95.0, 93.38, 0.642; GCA_030615145.1, s__SOKP01 sp030615145, 95.0, 93.27, 0.627; GCA_030612905.1, s__SOKP01 sp030612905, 95.0, 92.75, 0.588; GCA_030606095.1, s__SOKP01 sp030606095, 95.0, 91.74, 0.543; GCA_029856105.1, s__SOKP01 sp029856105, 95.0, 91.53, 0.604; GCA_018238625.1, s__SOKP01 sp018238625, 95.0, 90.01, 0.519	90.91	11	N/A	N/A
GCA_019057815_1_ASM1905781v1	d__Archaea;p__Asgardarchaeota;c__Heimdallarchaeia;o__Heimdallarchaeales;f__Heimdallarchaeaceae;g__18H4-34;s__18H4-34 sp019057815	GCA_019057815.1	95.0	d__Archaea;p__Asgardarchaeota;c__Heimdallarchaeia;o__Heimdallarchaeales;f__Heimdallarchaeaceae;g__18H4-34;s__18H4-34 sp019057815	100.0	0.999	GCA_019057815.1	95.0	d__Archaea;p__Asgardarchaeota;c__Heimdallarchaeia;o__Heimdallarchaeales;f__Heimdallarchaeaceae;g__18H4-34;s__18H4-34 sp019057815	100.0	0.999	d__Archaea;p__Asgardarchaeota;c__Heimdallarchaeia;o__Heimdallarchaeales;f__Heimdallarchaeaceae;g__18H4-34;s__	taxonomic classification defined by topology and ANI	topological placement and ANI have congruent species assignments	GCA_023705985.1, s__18H4-34 sp023705985, 95.0, 92.82, 0.642	95.37	11	N/A	N/A
GCA_019057835_1_ASM1905783v1	d__Archaea;p__Asgardarchaeota;c__Lokiarchaeia;o__Sigynarchaeales;f__SOKP01;g__LW40-45;s__	N/A	N/A	N/A	N/A	N/A	N/A	N/A	N/A	N/A	N/A	d__Archaea;p__Asgardarchaeota;c__Lokiarchaeia;o__Sigynarchaeales;f__SOKP01;g__;s__	taxonomic novelty determined using RED	N/A	N/A	75.09	11	0.91499	N/A
GCA_019057855_1_ASM1905785v1	d__Archaea;p__Asgardarchaeota;c__Lokiarchaeia;o__Sigynarchaeales;f__SOKP01;g__Loki-b32;s__Loki-b32 sp005223125	GCA_005223125.1	95.0	d__Archaea;p__Asgardarchaeota;c__Lokiarchaeia;o__Sigynarchaeales;f__SOKP01;g__Loki-b32;s__Loki-b32 sp005223125	98.87	0.551	GCA_005223125.1	95.0	d__Archaea;p__Asgardarchaeota;c__Lokiarchaeia;o__Sigynarchaeales;f__SOKP01;g__Loki-b32;s__Loki-b32 sp005223125	98.87	0.551	d__Archaea;p__Asgardarchaeota;c__Lokiarchaeia;o__Sigynarchaeales;f__SOKP01;g__Loki-b32;s__	taxonomic classification defined by topology and ANI	topological placement and ANI have congruent species assignments	N/A	69.03	11	N/A	N/A
GCA_019057865_1_ASM1905786v1	d__Archaea;p__Asgardarchaeota;c__Lokiarchaeia;o__Sigynarchaeales;f__SOKP01;g__Loki-b32;s__Loki-b32 sp019057865	GCA_019057865.1	95.0	d__Archaea;p__Asgardarchaeota;c__Lokiarchaeia;o__Sigynarchaeales;f__SOKP01;g__Loki-b32;s__Loki-b32 sp019057865	99.99	1.0	GCA_019057865.1	95.0	d__Archaea;p__Asgardarchaeota;c__Lokiarchaeia;o__Sigynarchaeales;f__SOKP01;g__Loki-b32;s__Loki-b32 sp019057865	99.99	1.0	d__Archaea;p__Asgardarchaeota;c__Lokiarchaeia;o__Sigynarchaeales;f__SOKP01;g__Loki-b32;s__	taxonomic classification defined by topology and ANI	topological placement and ANI have congruent species assignments	GCA_016839585.1, s__Loki-b32 sp016839585, 95.0, 93.03, 0.62	86.07	11	N/A	N/A
GCA_019057895_1_ASM1905789v1	d__Archaea;p__Asgardarchaeota;c__Lokiarchaeia;o__Sigynarchaeales;f__SOKP01;g__SOKP01;s__	N/A	N/A	N/A	N/A	N/A	GCA_005222975.1	95.0	d__Archaea;p__Asgardarchaeota;c__Lokiarchaeia;o__Sigynarchaeales;f__SOKP01;g__SOKP01;s__SOKP01 sp005222975	98.48	0.484	d__Archaea;p__Asgardarchaeota;c__Lokiarchaeia;o__Sigynarchaeales;f__SOKP01;g__SOKP01;s__	taxonomic classification defined by topology and ANI	N/A	GCA_019057795.1, s__SOKP01 sp019057795, 95.0, 94.4, 0.486; GCA_030615145.1, s__SOKP01 sp030615145, 95.0, 94.33, 0.379; GCA_029856105.1, s__SOKP01 sp029856105, 95.0, 93.4, 0.411; GCA_030606095.1, s__SOKP01 sp030606095, 95.0, 93.26, 0.333; GCA_030612905.1, s__SOKP01 sp030612905, 95.0, 92.38, 0.366; GCA_018238625.1, s__SOKP01 sp018238625, 95.0, 92.16, 0.414	63.79	11	0.99686	N/A
GCA_019057915_1_ASM1905791v1	d__Archaea;p__Asgardarchaeota;c__Lokiarchaeia;o__Sigynarchaeales;f__SOKP01;g__Loki-b32;s__Loki-b32 sp019057865	GCA_019057865.1	95.0	d__Archaea;p__Asgardarchaeota;c__Lokiarchaeia;o__Sigynarchaeales;f__SOKP01;g__Loki-b32;s__Loki-b32 sp019057865	96.46	0.802	GCA_019057865.1	95.0	d__Archaea;p__Asgardarchaeota;c__Lokiarchaeia;o__Sigynarchaeales;f__SOKP01;g__Loki-b32;s__Loki-b32 sp019057865	96.46	0.802	d__Archaea;p__Asgardarchaeota;c__Lokiarchaeia;o__Sigynarchaeales;f__SOKP01;g__Loki-b32;s__	taxonomic classification defined by topology and ANI	topological placement and ANI have congruent species assignments	GCA_016839585.1, s__Loki-b32 sp016839585, 95.0, 94.18, 0.585	58.63	11	N/A	N/A
GCA_019057935_1_ASM1905793v1	d__Archaea;p__Asgardarchaeota;c__Lokiarchaeia;o__Sigynarchaeales;f__SOKP01;g__Loki-b32;s__Loki-b32 sp005223125	GCA_005223125.1	95.0	d__Archaea;p__Asgardarchaeota;c__Lokiarchaeia;o__Sigynarchaeales;f__SOKP01;g__Loki-b32;s__Loki-b32 sp005223125	98.2	0.74	GCA_005223125.1	95.0	d__Archaea;p__Asgardarchaeota;c__Lokiarchaeia;o__Sigynarchaeales;f__SOKP01;g__Loki-b32;s__Loki-b32 sp005223125	98.2	0.74	d__Archaea;p__Asgardarchaeota;c__Lokiarchaeia;o__Sigynarchaeales;f__SOKP01;g__Loki-b32;s__	taxonomic classification defined by topology and ANI	topological placement and ANI have congruent species assignments	GCA_036478875.1, s__Loki-b32 sp036478875, 95.0, 86.87, 0.225; GCA_013375485.1, s__Loki-b32 sp013375485, 95.0, 86.24, 0.231	60.62	11	N/A	N/A
GCA_019057955_1_ASM1905795v1	d__Archaea;p__Asgardarchaeota;c__Lokiarchaeia;o__Sigynarchaeales;f__SOKP01;g__SOKP01;s__SOKP01 sp005222975	GCA_005222975.1	95.0	d__Archaea;p__Asgardarchaeota;c__Lokiarchaeia;o__Sigynarchaeales;f__SOKP01;g__SOKP01;s__SOKP01 sp005222975	97.92	0.717	GCA_005222975.1	95.0	d__Archaea;p__Asgardarchaeota;c__Lokiarchaeia;o__Sigynarchaeales;f__SOKP01;g__SOKP01;s__SOKP01 sp005222975	97.92	0.717	d__Archaea;p__Asgardarchaeota;c__Lokiarchaeia;o__Sigynarchaeales;f__SOKP01;g__SOKP01;s__	taxonomic classification defined by topology and ANI	topological placement and ANI have congruent species assignments	GCA_019057795.1, s__SOKP01 sp019057795, 95.0, 94.22, 0.715; GCA_030615145.1, s__SOKP01 sp030615145, 95.0, 93.63, 0.5; GCA_030612905.1, s__SOKP01 sp030612905, 95.0, 93.0, 0.512; GCA_030606095.1, s__SOKP01 sp030606095, 95.0, 92.8, 0.452; GCA_029856105.1, s__SOKP01 sp029856105, 95.0, 92.64, 0.598; GCA_018238625.1, s__SOKP01 sp018238625, 95.0, 91.84, 0.612	77.04	11	N/A	N/A
GCA_019057975_1_ASM1905797v1	d__Archaea;p__Asgardarchaeota;c__Lokiarchaeia;o__Sigynarchaeales;f__SOKP01;g__Loki-b32;s__	N/A	N/A	N/A	N/A	N/A	GCA_030603385.1	95.0	d__Archaea;p__Asgardarchaeota;c__Lokiarchaeia;o__Sigynarchaeales;f__SOKP01;g__Loki-b32;s__Loki-b32 sp030603385	94.25	0.445	d__Archaea;p__Asgardarchaeota;c__Lokiarchaeia;o__Sigynarchaeales;f__SOKP01;g__Loki-b32;s__	taxonomic classification defined by topology and ANI	N/A	GCA_029856085.1, s__Loki-b32 sp029856085, 95.0, 93.66, 0.473	61.39	11	0.99268	N/A
GCA_019057995_1_ASM1905799v1	d__Archaea;p__Asgardarchaeota;c__Lokiarchaeia;o__Sigynarchaeales;f__SOKP01;g__Loki-b32;s__Loki-b32 sp019057865	GCA_019057865.1	95.0	d__Archaea;p__Asgardarchaeota;c__Lokiarchaeia;o__Sigynarchaeales;f__SOKP01;g__Loki-b32;s__Loki-b32 sp019057865	96.18	0.596	GCA_019057865.1	95.0	d__Archaea;p__Asgardarchaeota;c__Lokiarchaeia;o__Sigynarchaeales;f__SOKP01;g__Loki-b32;s__Loki-b32 sp019057865	96.18	0.596	d__Archaea;p__Asgardarchaeota;c__Lokiarchaeia;o__Sigynarchaeales;f__SOKP01;g__Loki-b32;s__	taxonomic classification defined by topology and ANI	topological placement and ANI have congruent species assignments	GCA_016839585.1, s__Loki-b32 sp016839585, 95.0, 93.6, 0.557	84.05	11	N/A	N/A
GCA_019058015_1_ASM1905801v1	d__Archaea;p__Asgardarchaeota;c__Lokiarchaeia;o__Sigynarchaeales;f__SOKP01;g__6H3-1;s__6H3-1 sp019058015	GCA_019058015.1	95.0	d__Archaea;p__Asgardarchaeota;c__Lokiarchaeia;o__Sigynarchaeales;f__SOKP01;g__6H3-1;s__6H3-1 sp019058015	100.0	0.998	GCA_019058015.1	95.0	d__Archaea;p__Asgardarchaeota;c__Lokiarchaeia;o__Sigynarchaeales;f__SOKP01;g__6H3-1;s__6H3-1 sp019058015	100.0	0.998	d__Archaea;p__Asgardarchaeota;c__Lokiarchaeia;o__Sigynarchaeales;f__SOKP01;g__6H3-1;s__	taxonomic classification defined by topology and ANI	topological placement and ANI have congruent species assignments	GCA_019058135.1, s__6H3-1 sp019058135, 95.0, 94.34, 0.635; GCA_030606485.1, s__6H3-1 sp030606485, 95.11, 93.47, 0.617; GCA_029856045.1, s__6H3-1 sp029856045, 95.0, 91.59, 0.644	88.23	11	N/A	N/A
GCA_019058035_1_ASM1905803v1	d__Archaea;p__Asgardarchaeota;c__Lokiarchaeia;o__Sigynarchaeales;f__SOKP01;g__6H3-1;s__6H3-1 sp019058015	GCA_019058015.1	95.0	d__Archaea;p__Asgardarchaeota;c__Lokiarchaeia;o__Sigynarchaeales;f__SOKP01;g__6H3-1;s__6H3-1 sp019058015	99.25	0.854	GCA_019058015.1	95.0	d__Archaea;p__Asgardarchaeota;c__Lokiarchaeia;o__Sigynarchaeales;f__SOKP01;g__6H3-1;s__6H3-1 sp019058015	99.25	0.854	d__Archaea;p__Asgardarchaeota;c__Lokiarchaeia;o__Sigynarchaeales;f__SOKP01;g__6H3-1;s__	taxonomic classification defined by topology and ANI	topological placement and ANI have congruent species assignments	GCA_019058135.1, s__6H3-1 sp019058135, 95.0, 94.38, 0.615; GCA_030606485.1, s__6H3-1 sp030606485, 95.11, 93.31, 0.596; GCA_029856045.1, s__6H3-1 sp029856045, 95.0, 91.67, 0.632	90.83	11	N/A	N/A
GCA_019058055_1_ASM1905805v1	d__Archaea;p__Asgardarchaeota;c__Lokiarchaeia;o__Sigynarchaeales;f__SOKP01;g__Loki-b32;s__Loki-b32 sp019057865	GCA_019057865.1	95.0	d__Archaea;p__Asgardarchaeota;c__Lokiarchaeia;o__Sigynarchaeales;f__SOKP01;g__Loki-b32;s__Loki-b32 sp019057865	96.7	0.786	GCA_019057865.1	95.0	d__Archaea;p__Asgardarchaeota;c__Lokiarchaeia;o__Sigynarchaeales;f__SOKP01;g__Loki-b32;s__Loki-b32 sp019057865	96.7	0.786	d__Archaea;p__Asgardarchaeota;c__Lokiarchaeia;o__Sigynarchaeales;f__SOKP01;g__Loki-b32;s__	taxonomic classification defined by topology and ANI	topological placement and ANI have congruent species assignments	GCA_016839585.1, s__Loki-b32 sp016839585, 95.0, 94.02, 0.581	80.34	11	N/A	N/A
GCA_019058075_1_ASM1905807v1	d__Archaea;p__Asgardarchaeota;c__Lokiarchaeia;o__Sigynarchaeales;f__SOKP01;g__Loki-b32;s__Loki-b32 sp019057865	GCA_019057865.1	95.0	d__Archaea;p__Asgardarchaeota;c__Lokiarchaeia;o__Sigynarchaeales;f__SOKP01;g__Loki-b32;s__Loki-b32 sp019057865	97.9	0.816	GCA_019057865.1	95.0	d__Archaea;p__Asgardarchaeota;c__Lokiarchaeia;o__Sigynarchaeales;f__SOKP01;g__Loki-b32;s__Loki-b32 sp019057865	97.9	0.816	d__Archaea;p__Asgardarchaeota;c__Lokiarchaeia;o__Sigynarchaeales;f__SOKP01;g__Loki-b32;s__	taxonomic classification defined by topology and ANI	topological placement and ANI have congruent species assignments	GCA_016839585.1, s__Loki-b32 sp016839585, 95.0, 93.99, 0.542	72.0	11	N/A	N/A
GCA_019058095_1_ASM1905809v1	d__Archaea;p__Asgardarchaeota;c__Lokiarchaeia;o__Sigynarchaeales;f__SOKP01;g__Loki-b32;s__Loki-b32 sp019057865	GCA_019057865.1	95.0	d__Archaea;p__Asgardarchaeota;c__Lokiarchaeia;o__Sigynarchaeales;f__SOKP01;g__Loki-b32;s__Loki-b32 sp019057865	96.8	0.74	GCA_019057865.1	95.0	d__Archaea;p__Asgardarchaeota;c__Lokiarchaeia;o__Sigynarchaeales;f__SOKP01;g__Loki-b32;s__Loki-b32 sp019057865	96.8	0.74	d__Archaea;p__Asgardarchaeota;c__Lokiarchaeia;o__Sigynarchaeales;f__SOKP01;g__Loki-b32;s__	taxonomic classification defined by topology and ANI	topological placement and ANI have congruent species assignments	GCA_016839585.1, s__Loki-b32 sp016839585, 95.0, 92.96, 0.609	88.07	11	N/A	N/A
GCA_019058135_1_ASM1905813v1	d__Archaea;p__Asgardarchaeota;c__Lokiarchaeia;o__Sigynarchaeales;f__SOKP01;g__6H3-1;s__6H3-1 sp019058135	GCA_019058135.1	95.0	d__Archaea;p__Asgardarchaeota;c__Lokiarchaeia;o__Sigynarchaeales;f__SOKP01;g__6H3-1;s__6H3-1 sp019058135	100.0	1.0	GCA_019058135.1	95.0	d__Archaea;p__Asgardarchaeota;c__Lokiarchaeia;o__Sigynarchaeales;f__SOKP01;g__6H3-1;s__6H3-1 sp019058135	100.0	1.0	d__Archaea;p__Asgardarchaeota;c__Lokiarchaeia;o__Sigynarchaeales;f__SOKP01;g__6H3-1;s__	taxonomic classification defined by topology and ANI	topological placement and ANI have congruent species assignments	GCA_030606485.1, s__6H3-1 sp030606485, 95.11, 95.11, 0.638; GCA_019058015.1, s__6H3-1 sp019058015, 95.0, 94.34, 0.635; GCA_029856045.1, s__6H3-1 sp029856045, 95.0, 91.38, 0.546	80.45	11	N/A	N/A
GCA_019058155_1_ASM1905815v1	d__Archaea;p__Asgardarchaeota;c__Lokiarchaeia;o__Sigynarchaeales;f__SOKP01;g__Loki-b32;s__	N/A	N/A	N/A	N/A	N/A	GCA_005223125.1	95.0	d__Archaea;p__Asgardarchaeota;c__Lokiarchaeia;o__Sigynarchaeales;f__SOKP01;g__Loki-b32;s__Loki-b32 sp005223125	94.21	0.54	d__Archaea;p__Asgardarchaeota;c__Lokiarchaeia;o__Sigynarchaeales;f__SOKP01;g__Loki-b32;s__	taxonomic classification defined by topology and ANI	N/A	GCA_036478875.1, s__Loki-b32 sp036478875, 95.0, 85.7, 0.163; GCA_013375485.1, s__Loki-b32 sp013375485, 95.0, 85.01, 0.151	55.54	11	0.98372	Genome not assigned to closest species as it falls outside its pre-defined ANI radius
GCA_019058165_1_ASM1905816v1	d__Archaea;p__Asgardarchaeota;c__Heimdallarchaeia;o__JABLTI01;f__JABLTI01;g__JABLTI01;s__JABLTI01 sp019058165	GCA_019058165.1	95.0	d__Archaea;p__Asgardarchaeota;c__Heimdallarchaeia;o__JABLTI01;f__JABLTI01;g__JABLTI01;s__JABLTI01 sp019058165	100.0	1.0	GCA_019058165.1	95.0	d__Archaea;p__Asgardarchaeota;c__Heimdallarchaeia;o__JABLTI01;f__JABLTI01;g__JABLTI01;s__JABLTI01 sp019058165	100.0	1.0	d__Archaea;p__Asgardarchaeota;c__Heimdallarchaeia;o__JABLTI01;f__JABLTI01;g__JABLTI01;s__	taxonomic classification defined by topology and ANI	topological placement and ANI have congruent species assignments	GCA_013166835.1, s__JABLTI01 sp013166835, 95.0, 90.4, 0.558; GCA_030671945.1, s__JABLTI01 sp030671945, 95.0, 90.33, 0.577; GCA_030629105.1, s__JABLTI01 sp030629105, 95.0, 90.32, 0.597	76.56	11	N/A	N/A
GCA_019058195_1_ASM1905819v1	d__Archaea;p__Asgardarchaeota;c__Heimdallarchaeia;o__JABLTI01;f__JABLTI01;g__JABLTI01;s__JABLTI01 sp019058275	GCA_019058275.1	95.0	d__Archaea;p__Asgardarchaeota;c__Heimdallarchaeia;o__JABLTI01;f__JABLTI01;g__JABLTI01;s__JABLTI01 sp019058275	99.64	0.938	GCA_019058275.1	95.0	d__Archaea;p__Asgardarchaeota;c__Heimdallarchaeia;o__JABLTI01;f__JABLTI01;g__JABLTI01;s__JABLTI01 sp019058275	99.64	0.938	d__Archaea;p__Asgardarchaeota;c__Heimdallarchaeia;o__JABLTI01;f__JABLTI01;g__JABLTI01;s__	taxonomic classification defined by topology and ANI	topological placement and ANI have congruent species assignments	GCA_030602675.1, s__JABLTI01 sp030602675, 95.0, 93.6, 0.686	88.58	11	N/A	N/A
GCA_019058215_1_ASM1905821v1	d__Archaea;p__Asgardarchaeota;c__Lokiarchaeia;o__Sigynarchaeales;f__SOKP01;g__6H3-1;s__6H3-1 sp019058015	GCA_019058015.1	95.0	d__Archaea;p__Asgardarchaeota;c__Lokiarchaeia;o__Sigynarchaeales;f__SOKP01;g__6H3-1;s__6H3-1 sp019058015	99.1	0.877	GCA_019058015.1	95.0	d__Archaea;p__Asgardarchaeota;c__Lokiarchaeia;o__Sigynarchaeales;f__SOKP01;g__6H3-1;s__6H3-1 sp019058015	99.1	0.877	d__Archaea;p__Asgardarchaeota;c__Lokiarchaeia;o__Sigynarchaeales;f__SOKP01;g__6H3-1;s__	taxonomic classification defined by topology and ANI	topological placement and ANI have congruent species assignments	GCA_019058135.1, s__6H3-1 sp019058135, 95.0, 94.6, 0.648; GCA_030606485.1, s__6H3-1 sp030606485, 95.11, 93.11, 0.625; GCA_029856045.1, s__6H3-1 sp029856045, 95.0, 91.43, 0.651	83.8	11	N/A	N/A
GCA_019058235_1_ASM1905823v1	d__Archaea;p__Asgardarchaeota;c__Thorarchaeia;o__Thorarchaeales;f__Thorarchaeaceae;g__WTCK01;s__	N/A	N/A	N/A	N/A	N/A	GCA_023134215.1	95.0	d__Archaea;p__Asgardarchaeota;c__Thorarchaeia;o__Thorarchaeales;f__Thorarchaeaceae;g__WTCK01;s__WTCK01 sp023134215	96.24	0.459	d__Archaea;p__Asgardarchaeota;c__Thorarchaeia;o__Thorarchaeales;f__Thorarchaeaceae;g__WTCK01;s__	taxonomic classification defined by topology and ANI	N/A	GCA_030669595.1, s__WTCK01 sp030669595, 95.0, 90.67, 0.281; GCA_019057475.1, s__WTCK01 sp019057475, 95.0, 90.51, 0.34; GCA_018238375.1, s__WTCK01 sp018238375, 95.0, 90.48, 0.262; GCA_030612365.1, s__WTCK01 sp030612365, 95.0, 89.75, 0.257; GCA_013138615.1, s__WTCK01 sp013138615, 95.0, 89.28, 0.168; GCA_030642465.1, s__WTCK01 sp030642465, 95.0, 88.98, 0.151	53.51	11	0.99562	N/A
GCA_019058245_1_ASM1905824v1	d__Archaea;p__Asgardarchaeota;c__Lokiarchaeia;o__Sigynarchaeales;f__SOKP01;g__Loki-b32;s__Loki-b32 sp019058245	GCA_019058245.1	95.0	d__Archaea;p__Asgardarchaeota;c__Lokiarchaeia;o__Sigynarchaeales;f__SOKP01;g__Loki-b32;s__Loki-b32 sp019058245	99.99	1.0	GCA_019058245.1	95.0	d__Archaea;p__Asgardarchaeota;c__Lokiarchaeia;o__Sigynarchaeales;f__SOKP01;g__Loki-b32;s__Loki-b32 sp019058245	99.99	1.0	d__Archaea;p__Asgardarchaeota;c__Lokiarchaeia;o__Sigynarchaeales;f__SOKP01;g__Loki-b32;s__	taxonomic classification defined by topology and ANI	topological placement and ANI have congruent species assignments	N/A	70.99	11	N/A	N/A
GCA_019058275_1_ASM1905827v1	d__Archaea;p__Asgardarchaeota;c__Heimdallarchaeia;o__JABLTI01;f__JABLTI01;g__JABLTI01;s__JABLTI01 sp019058275	GCA_019058275.1	95.0	d__Archaea;p__Asgardarchaeota;c__Heimdallarchaeia;o__JABLTI01;f__JABLTI01;g__JABLTI01;s__JABLTI01 sp019058275	100.0	1.0	GCA_019058275.1	95.0	d__Archaea;p__Asgardarchaeota;c__Heimdallarchaeia;o__JABLTI01;f__JABLTI01;g__JABLTI01;s__JABLTI01 sp019058275	100.0	1.0	d__Archaea;p__Asgardarchaeota;c__Heimdallarchaeia;o__JABLTI01;f__JABLTI01;g__JABLTI01;s__	taxonomic classification defined by topology and ANI	topological placement and ANI have congruent species assignments	GCA_030602675.1, s__JABLTI01 sp030602675, 95.0, 93.17, 0.669	88.44	11	N/A	N/A
GCA_019058295_1_ASM1905829v1	d__Archaea;p__Asgardarchaeota;c__Lokiarchaeia;o__Sigynarchaeales;f__SOKP01;g__SDNM01;s__SDNM01 sp019058295	GCA_019058295.1	95.0	d__Archaea;p__Asgardarchaeota;c__Lokiarchaeia;o__Sigynarchaeales;f__SOKP01;g__SDNM01;s__SDNM01 sp019058295	100.0	0.999	GCA_019058295.1	95.0	d__Archaea;p__Asgardarchaeota;c__Lokiarchaeia;o__Sigynarchaeales;f__SOKP01;g__SDNM01;s__SDNM01 sp019058295	100.0	0.999	d__Archaea;p__Asgardarchaeota;c__Lokiarchaeia;o__Sigynarchaeales;f__SOKP01;g__SDNM01;s__	taxonomic classification defined by topology and ANI	topological placement and ANI have congruent species assignments	GCA_004524385.1, s__SDNM01 sp004524385, 95.0, 92.65, 0.546; GCA_004524535.1, s__SDNM01 sp004524535, 95.0, 91.76, 0.546	69.8	11	N/A	N/A
GCA_019058315_1_ASM1905831v1	d__Archaea;p__Asgardarchaeota;c__Lokiarchaeia;o__Helarchaeales;f__JABXJV01;g__JABXJV01;s__JABXJV01 sp019058315	GCA_019058315.1	95.0	d__Archaea;p__Asgardarchaeota;c__Lokiarchaeia;o__Helarchaeales;f__JABXJV01;g__JABXJV01;s__JABXJV01 sp019058315	100.0	1.0	GCA_019058315.1	95.0	d__Archaea;p__Asgardarchaeota;c__Lokiarchaeia;o__Helarchaeales;f__JABXJV01;g__JABXJV01;s__JABXJV01 sp019058315	100.0	1.0	d__Archaea;p__Asgardarchaeota;c__Lokiarchaeia;o__Helarchaeales;f__;g__;s__	taxonomic classification defined by topology and ANI	topological placement and ANI have congruent species assignments	N/A	91.93	11	N/A	N/A
GCA_019058355_1_ASM1905835v1	d__Archaea;p__Asgardarchaeota;c__Lokiarchaeia;o__Sigynarchaeales;f__SOKP01;g__;s__	N/A	N/A	N/A	N/A	N/A	N/A	N/A	N/A	N/A	N/A	d__Archaea;p__Asgardarchaeota;c__Lokiarchaeia;o__Sigynarchaeales;f__SOKP01;g__;s__	taxonomic novelty determined using RED	N/A	N/A	73.55	11	0.89439	N/A
GCA_019058365_1_ASM1905836v1	d__Archaea;p__Asgardarchaeota;c__Lokiarchaeia;o__Sigynarchaeales;f__SOKP01;g__Loki-b32;s__Loki-b32 sp019058365	GCA_019058365.1	95.0	d__Archaea;p__Asgardarchaeota;c__Lokiarchaeia;o__Sigynarchaeales;f__SOKP01;g__Loki-b32;s__Loki-b32 sp019058365	100.0	1.0	GCA_019058365.1	95.0	d__Archaea;p__Asgardarchaeota;c__Lokiarchaeia;o__Sigynarchaeales;f__SOKP01;g__Loki-b32;s__Loki-b32 sp019058365	100.0	1.0	d__Archaea;p__Asgardarchaeota;c__Lokiarchaeia;o__Sigynarchaeales;f__SOKP01;g__Loki-b32;s__	taxonomic classification defined by topology and ANI	topological placement and ANI have congruent species assignments	GCA_029856155.1, s__Loki-b32 sp029856155, 95.0, 89.27, 0.531	90.1	11	N/A	N/A
GCA_019058395_1_ASM1905839v1	d__Archaea;p__Asgardarchaeota;c__Lokiarchaeia;o__Sigynarchaeales;f__SOKP01;g__;s__	N/A	N/A	N/A	N/A	N/A	N/A	N/A	N/A	N/A	N/A	d__Archaea;p__Asgardarchaeota;c__Lokiarchaeia;o__Sigynarchaeales;f__SOKP01;g__;s__	taxonomic classification fully defined by topology	N/A	N/A	80.25	11	0.85388	N/A
GCA_019058415_1_ASM1905841v1	d__Archaea;p__Asgardarchaeota;c__Lokiarchaeia;o__Sigynarchaeales;f__SOKP01;g__SDNM01;s__	N/A	N/A	N/A	N/A	N/A	GCA_019058295.1	95.0	d__Archaea;p__Asgardarchaeota;c__Lokiarchaeia;o__Sigynarchaeales;f__SOKP01;g__SDNM01;s__SDNM01 sp019058295	97.19	0.408	d__Archaea;p__Asgardarchaeota;c__Lokiarchaeia;o__Sigynarchaeales;f__SOKP01;g__SDNM01;s__	taxonomic classification defined by topology and ANI	N/A	GCA_004524535.1, s__SDNM01 sp004524535, 95.0, 92.9, 0.256; GCA_004524385.1, s__SDNM01 sp004524385, 95.0, 91.9, 0.31	49.63	11	0.99351	N/A
GCA_019058425_1_ASM1905842v1	d__Archaea;p__Asgardarchaeota;c__Lokiarchaeia;o__Sigynarchaeales;f__SOKP01;g__Loki-b32;s__Loki-b32 sp019058425	GCA_019058425.1	95.0	d__Archaea;p__Asgardarchaeota;c__Lokiarchaeia;o__Sigynarchaeales;f__SOKP01;g__Loki-b32;s__Loki-b32 sp019058425	100.0	1.0	GCA_019058425.1	95.0	d__Archaea;p__Asgardarchaeota;c__Lokiarchaeia;o__Sigynarchaeales;f__SOKP01;g__Loki-b32;s__Loki-b32 sp019058425	100.0	1.0	d__Archaea;p__Asgardarchaeota;c__Lokiarchaeia;o__Sigynarchaeales;f__SOKP01;g__Loki-b32;s__	taxonomic classification defined by topology and ANI	topological placement and ANI have congruent species assignments	N/A	89.02	11	N/A	N/A
GCA_019058445_1_ASM1905844v1	d__Archaea;p__Asgardarchaeota;c__Lokiarchaeia;o__Sigynarchaeales;f__SOKP01;g__LW40-45;s__LW40-45 sp019058445	GCA_019058445.1	95.0	d__Archaea;p__Asgardarchaeota;c__Lokiarchaeia;o__Sigynarchaeales;f__SOKP01;g__LW40-45;s__LW40-45 sp019058445	100.0	1.0	GCA_019058445.1	95.0	d__Archaea;p__Asgardarchaeota;c__Lokiarchaeia;o__Sigynarchaeales;f__SOKP01;g__LW40-45;s__LW40-45 sp019058445	100.0	1.0	d__Archaea;p__Asgardarchaeota;c__Lokiarchaeia;o__Sigynarchaeales;f__SOKP01;g__LW40-45;s__	taxonomic classification defined by topology and ANI	topological placement and ANI have congruent species assignments	N/A	84.53	11	N/A	N/A
GCA_019058475_1_ASM1905847v1	d__Archaea;p__Asgardarchaeota;c__Sifarchaeia;o__Borrarchaeales;f__Borrarchaeaceae;g__Borrarchaeum;s__Borrarchaeum weybense	GCA_019057385.1	95.0	d__Archaea;p__Asgardarchaeota;c__Sifarchaeia;o__Borrarchaeales;f__Borrarchaeaceae;g__Borrarchaeum;s__Borrarchaeum weybense	99.79	0.956	GCA_019057385.1	95.0	d__Archaea;p__Asgardarchaeota;c__Sifarchaeia;o__Borrarchaeales;f__Borrarchaeaceae;g__Borrarchaeum;s__Borrarchaeum weybense	99.79	0.956	d__Archaea;p__Asgardarchaeota;c__Sifarchaeia;o__Borrarchaeales;f__Borrarchaeaceae;g__Borrarchaeum;s__	taxonomic classification defined by topology and ANI	topological placement and ANI have congruent species assignments	GCA_016840515.1, s__Borrarchaeum yapensis, 95.0, 91.32, 0.444	56.39	11	N/A	N/A
GCA_019058495_1_ASM1905849v1	d__Archaea;p__Asgardarchaeota;c__Atabeyarchaeia;o__Atabeyarchaeales;f__Atabeyarchaeaceae;g__JAHPYV01;s__JAHPYV01 sp019058495	GCA_019058495.1	95.0	d__Archaea;p__Asgardarchaeota;c__Atabeyarchaeia;o__Atabeyarchaeales;f__Atabeyarchaeaceae;g__JAHPYV01;s__JAHPYV01 sp019058495	100.0	0.999	GCA_019058495.1	95.0	d__Archaea;p__Asgardarchaeota;c__Atabeyarchaeia;o__Atabeyarchaeales;f__Atabeyarchaeaceae;g__JAHPYV01;s__JAHPYV01 sp019058495	100.0	0.999	d__Archaea;p__Asgardarchaeota;c__Atabeyarchaeia;o__Atabeyarchaeales;f__Atabeyarchaeaceae;g__JAHPYV01;s__	taxonomic classification defined by topology and ANI	topological placement and ANI have congruent species assignments	N/A	93.82	11	N/A	N/A
GCA_019058515_1_ASM1905851v1	d__Archaea;p__Asgardarchaeota;c__Lokiarchaeia;o__Sigynarchaeales;f__SOKP01;g__;s__	N/A	N/A	N/A	N/A	N/A	N/A	N/A	N/A	N/A	N/A	d__Archaea;p__Asgardarchaeota;c__Lokiarchaeia;o__Sigynarchaeales;f__SOKP01;g__;s__	taxonomic classification fully defined by topology	N/A	N/A	74.99	11	0.85387	N/A
GCA_019058535_1_ASM1905853v1	d__Archaea;p__Asgardarchaeota;c__Sifarchaeia;o__Borrarchaeales;f__Borrarchaeaceae;g__Borrarchaeum;s__Borrarchaeum weybense	GCA_019057385.1	95.0	d__Archaea;p__Asgardarchaeota;c__Sifarchaeia;o__Borrarchaeales;f__Borrarchaeaceae;g__Borrarchaeum;s__Borrarchaeum weybense	99.43	0.946	GCA_019057385.1	95.0	d__Archaea;p__Asgardarchaeota;c__Sifarchaeia;o__Borrarchaeales;f__Borrarchaeaceae;g__Borrarchaeum;s__Borrarchaeum weybense	99.43	0.946	d__Archaea;p__Asgardarchaeota;c__Sifarchaeia;o__Borrarchaeales;f__Borrarchaeaceae;g__Borrarchaeum;s__	taxonomic classification defined by topology and ANI	topological placement and ANI have congruent species assignments	GCA_016840515.1, s__Borrarchaeum yapensis, 95.0, 90.76, 0.518	76.48	11	N/A	N/A
GCA_019058555_1_ASM1905855v1	d__Archaea;p__Asgardarchaeota;c__Thorarchaeia;o__Thorarchaeales;f__Thorarchaeaceae;g__MP5-2226;s__	N/A	N/A	N/A	N/A	N/A	N/A	N/A	N/A	N/A	N/A	d__Archaea;p__Asgardarchaeota;c__Thorarchaeia;o__Thorarchaeales;f__Thorarchaeaceae;g__MP5-2226;s__	taxonomic classification fully defined by topology	N/A	N/A	50.07	11	0.93008	N/A
GCA_019058575_1_ASM1905857v1	d__Archaea;p__Asgardarchaeota;c__Atabeyarchaeia;o__Atabeyarchaeales;f__Atabeyarchaeaceae;g__JAHPYV01;s__JAHPYV01 sp019058495	GCA_019058495.1	95.0	d__Archaea;p__Asgardarchaeota;c__Atabeyarchaeia;o__Atabeyarchaeales;f__Atabeyarchaeaceae;g__JAHPYV01;s__JAHPYV01 sp019058495	99.43	0.719	GCA_019058495.1	95.0	d__Archaea;p__Asgardarchaeota;c__Atabeyarchaeia;o__Atabeyarchaeales;f__Atabeyarchaeaceae;g__JAHPYV01;s__JAHPYV01 sp019058495	99.43	0.719	d__Archaea;p__Asgardarchaeota;c__Atabeyarchaeia;o__Atabeyarchaeales;f__Atabeyarchaeaceae;g__JAHPYV01;s__	taxonomic classification defined by topology and ANI	topological placement and ANI have congruent species assignments	N/A	77.3	11	N/A	N/A
GCA_019894655_1_ASM1989465v1	d__Archaea;p__Asgardarchaeota;c__Lokiarchaeia;o__Sigynarchaeales;f__SOKP01;g__SOKP01;s__	N/A	N/A	N/A	N/A	N/A	N/A	N/A	N/A	N/A	N/A	d__Archaea;p__Asgardarchaeota;c__Lokiarchaeia;o__Sigynarchaeales;f__SOKP01;g__SOKP01;s__	taxonomic classification defined by topology and ANI	N/A	GCA_035530895.1, s__SOKP01 sp035530895, 95.0, 89.4, 0.271; GCA_030615235.1, s__SOKP01 sp030615235, 95.0, 88.26, 0.235; GCA_019894885.1, s__SOKP01 sp019894885, 95.0, 88.18, 0.295; GCA_029856125.1, s__SOKP01 sp029856125, 95.0, 87.43, 0.255; GCA_019894855.1, s__SOKP01 sp019894855, 95.0, 87.24, 0.233; GCA_030599585.1, s__SOKP01 sp030599585, 95.0, 86.97, 0.248; GCA_004375715.1, s__SOKP01 sp004375715, 95.0, 86.76, 0.179	43.64	11	0.97189	N/A
GCA_019894665_1_ASM1989466v1	d__Archaea;p__Asgardarchaeota;c__Thorarchaeia;o__Thorarchaeales;f__Thorarchaeaceae;g__SMTZ1-45;s__SMTZ1-45 sp019894665	GCA_019894665.1	95.0	d__Archaea;p__Asgardarchaeota;c__Thorarchaeia;o__Thorarchaeales;f__Thorarchaeaceae;g__SMTZ1-45;s__SMTZ1-45 sp019894665	100.0	0.988	GCA_019894665.1	95.0	d__Archaea;p__Asgardarchaeota;c__Thorarchaeia;o__Thorarchaeales;f__Thorarchaeaceae;g__SMTZ1-45;s__SMTZ1-45 sp019894665	100.0	0.988	d__Archaea;p__Asgardarchaeota;c__Thorarchaeia;o__Thorarchaeales;f__Thorarchaeaceae;g__SMTZ1-45;s__	taxonomic classification defined by topology and ANI	topological placement and ANI have congruent species assignments	N/A	85.35	11	N/A	N/A
GCA_019894685_1_ASM1989468v1	d__Archaea;p__Asgardarchaeota;c__Lokiarchaeia;o__Sigynarchaeales;f__SOKP01;g__SOKP01;s__	N/A	N/A	N/A	N/A	N/A	N/A	N/A	N/A	N/A	N/A	d__Archaea;p__Asgardarchaeota;c__Lokiarchaeia;o__Sigynarchaeales;f__SOKP01;g__SOKP01;s__	taxonomic classification defined by topology and ANI	N/A	GCA_035530895.1, s__SOKP01 sp035530895, 95.0, 85.71, 0.221; GCA_030599585.1, s__SOKP01 sp030599585, 95.0, 84.75, 0.216; GCA_029856125.1, s__SOKP01 sp029856125, 95.0, 84.72, 0.218; GCA_019894885.1, s__SOKP01 sp019894885, 95.0, 84.7, 0.204; GCA_019894855.1, s__SOKP01 sp019894855, 95.0, 84.68, 0.176; GCA_030615235.1, s__SOKP01 sp030615235, 95.0, 84.3, 0.152; GCA_004375715.1, s__SOKP01 sp004375715, 95.0, 84.27, 0.151	67.17	11	0.96689	N/A
GCA_019894715_1_ASM1989471v1	d__Archaea;p__Asgardarchaeota;c__Lokiarchaeia;o__Sigynarchaeales;f__SOKP01;g__JAFGOA01;s__JAFGOA01 sp019894715	GCA_019894715.1	95.0	d__Archaea;p__Asgardarchaeota;c__Lokiarchaeia;o__Sigynarchaeales;f__SOKP01;g__JAFGOA01;s__JAFGOA01 sp019894715	100.0	0.996	GCA_019894715.1	95.0	d__Archaea;p__Asgardarchaeota;c__Lokiarchaeia;o__Sigynarchaeales;f__SOKP01;g__JAFGOA01;s__JAFGOA01 sp019894715	100.0	0.996	d__Archaea;p__Asgardarchaeota;c__Lokiarchaeia;o__Sigynarchaeales;f__SOKP01;g__JAFGOA01;s__	taxonomic classification defined by topology and ANI	topological placement and ANI have congruent species assignments	N/A	84.54	11	N/A	N/A
GCA_019894735_1_ASM1989473v1	d__Archaea;p__Asgardarchaeota;c__Lokiarchaeia;o__Sigynarchaeales;f__SOKP01;g__SOKP01;s__	N/A	N/A	N/A	N/A	N/A	N/A	N/A	N/A	N/A	N/A	d__Archaea;p__Asgardarchaeota;c__Lokiarchaeia;o__Sigynarchaeales;f__SOKP01;g__SOKP01;s__	taxonomic classification defined by topology and ANI	N/A	GCA_016839745.1, s__SOKP01 sp016839745, 95.0, 85.39, 0.243; GCA_013375475.1, s__SOKP01 sp013375475, 95.0, 85.07, 0.246; GCA_029856235.1, s__SOKP01 sp029856235, 95.0, 84.81, 0.206	71.57	11	0.98328	N/A
GCA_019894755_1_ASM1989475v1	d__Archaea;p__Asgardarchaeota;c__Lokiarchaeia;o__Sigynarchaeales;f__SOKP01;g__SOKP01;s__	N/A	N/A	N/A	N/A	N/A	GCA_016839745.1	95.0	d__Archaea;p__Asgardarchaeota;c__Lokiarchaeia;o__Sigynarchaeales;f__SOKP01;g__SOKP01;s__SOKP01 sp016839745	88.45	0.259	d__Archaea;p__Asgardarchaeota;c__Lokiarchaeia;o__Sigynarchaeales;f__SOKP01;g__SOKP01;s__	taxonomic classification defined by topology and ANI	N/A	GCA_029856235.1, s__SOKP01 sp029856235, 95.0, 87.08, 0.159; GCA_013375475.1, s__SOKP01 sp013375475, 95.0, 86.33, 0.194	67.18	11	0.98294	N/A
GCA_019894765_1_ASM1989476v1	d__Archaea;p__Asgardarchaeota;c__Heimdallarchaeia;o__JABLTI01;f__JABLTI01;g__JABLTI01;s__	N/A	N/A	N/A	N/A	N/A	N/A	N/A	N/A	N/A	N/A	d__Archaea;p__Asgardarchaeota;c__Heimdallarchaeia;o__JABLTI01;f__JABLTI01;g__JABLTI01;s__	taxonomic classification defined by topology and ANI	N/A	GCA_030671945.1, s__JABLTI01 sp030671945, 95.0, 85.02, 0.246; GCA_013166835.1, s__JABLTI01 sp013166835, 95.0, 84.16, 0.281; GCA_019058165.1, s__JABLTI01 sp019058165, 95.0, 84.07, 0.258; GCA_030629105.1, s__JABLTI01 sp030629105, 95.0, 83.96, 0.249	85.93	11	0.958	N/A
GCA_019894795_1_ASM1989479v1	d__Archaea;p__Asgardarchaeota;c__Heimdallarchaeia;o__Heimdallarchaeales;f__Heimdallarchaeaceae;g__UBA460;s__UBA460 sp019894795	GCA_019894795.1	95.0	d__Archaea;p__Asgardarchaeota;c__Heimdallarchaeia;o__Heimdallarchaeales;f__Heimdallarchaeaceae;g__UBA460;s__UBA460 sp019894795	100.0	1.0	GCA_019894795.1	95.0	d__Archaea;p__Asgardarchaeota;c__Heimdallarchaeia;o__Heimdallarchaeales;f__Heimdallarchaeaceae;g__UBA460;s__UBA460 sp019894795	100.0	1.0	d__Archaea;p__Asgardarchaeota;c__Heimdallarchaeia;o__Heimdallarchaeales;f__Heimdallarchaeaceae;g__UBA460;s__	taxonomic classification defined by topology and ANI	topological placement and ANI have congruent species assignments	N/A	92.27	11	N/A	N/A
GCA_019894815_1_ASM1989481v1	d__Archaea;p__Asgardarchaeota;c__Lokiarchaeia;o__Sigynarchaeales;f__SOKP01;g__SOKP01;s__SOKP01 sp019894815	GCA_019894815.1	95.0	d__Archaea;p__Asgardarchaeota;c__Lokiarchaeia;o__Sigynarchaeales;f__SOKP01;g__SOKP01;s__SOKP01 sp019894815	100.0	1.0	GCA_019894815.1	95.0	d__Archaea;p__Asgardarchaeota;c__Lokiarchaeia;o__Sigynarchaeales;f__SOKP01;g__SOKP01;s__SOKP01 sp019894815	100.0	1.0	d__Archaea;p__Asgardarchaeota;c__Lokiarchaeia;o__Sigynarchaeales;f__SOKP01;g__SOKP01;s__	taxonomic classification defined by topology and ANI	topological placement and ANI have congruent species assignments	GCA_030667705.1, s__SOKP01 sp030667705, 95.0, 94.84, 0.612; GCA_019894955.1, s__SOKP01 sp019894955, 95.0, 86.99, 0.281	72.92	11	N/A	N/A
GCA_019894835_1_ASM1989483v1	d__Archaea;p__Asgardarchaeota;c__Lokiarchaeia;o__Sigynarchaeales;f__SOKP01;g__JAFGOA01;s__	N/A	N/A	N/A	N/A	N/A	N/A	N/A	N/A	N/A	N/A	d__Archaea;p__Asgardarchaeota;c__Lokiarchaeia;o__Sigynarchaeales;f__SOKP01;g__;s__	taxonomic novelty determined using RED	N/A	N/A	48.08	11	0.93271	N/A
GCA_019894855_1_ASM1989485v1	d__Archaea;p__Asgardarchaeota;c__Lokiarchaeia;o__Sigynarchaeales;f__SOKP01;g__SOKP01;s__SOKP01 sp019894855	GCA_019894855.1	95.0	d__Archaea;p__Asgardarchaeota;c__Lokiarchaeia;o__Sigynarchaeales;f__SOKP01;g__SOKP01;s__SOKP01 sp019894855	100.0	1.0	GCA_019894855.1	95.0	d__Archaea;p__Asgardarchaeota;c__Lokiarchaeia;o__Sigynarchaeales;f__SOKP01;g__SOKP01;s__SOKP01 sp019894855	100.0	1.0	d__Archaea;p__Asgardarchaeota;c__Lokiarchaeia;o__Sigynarchaeales;f__SOKP01;g__SOKP01;s__	taxonomic classification defined by topology and ANI	topological placement and ANI have congruent species assignments	GCA_029856125.1, s__SOKP01 sp029856125, 95.0, 91.89, 0.7; GCA_030599585.1, s__SOKP01 sp030599585, 95.0, 89.5, 0.605; GCA_030615235.1, s__SOKP01 sp030615235, 95.0, 88.27, 0.328; GCA_004375715.1, s__SOKP01 sp004375715, 95.0, 88.03, 0.456; GCA_035530895.1, s__SOKP01 sp035530895, 95.0, 87.26, 0.357; GCA_019894885.1, s__SOKP01 sp019894885, 95.0, 86.64, 0.366	76.71	11	N/A	N/A
GCA_019894875_1_ASM1989487v1	d__Archaea;p__Asgardarchaeota;c__Lokiarchaeia;o__Sigynarchaeales;f__SOKP01;g__Loki-b32;s__	N/A	N/A	N/A	N/A	N/A	GCA_016839705.1	95.0	d__Archaea;p__Asgardarchaeota;c__Lokiarchaeia;o__Sigynarchaeales;f__SOKP01;g__Loki-b32;s__Loki-b32 sp016839705	83.61	0.182	d__Archaea;p__Asgardarchaeota;c__Lokiarchaeia;o__Sigynarchaeales;f__SOKP01;g__Loki-b32;s__	taxonomic classification defined by topology and ANI	N/A	N/A	86.16	11	0.97366	N/A
GCA_019894885_1_ASM1989488v1	d__Archaea;p__Asgardarchaeota;c__Lokiarchaeia;o__Sigynarchaeales;f__SOKP01;g__SOKP01;s__SOKP01 sp019894885	GCA_019894885.1	95.0	d__Archaea;p__Asgardarchaeota;c__Lokiarchaeia;o__Sigynarchaeales;f__SOKP01;g__SOKP01;s__SOKP01 sp019894885	100.0	1.0	GCA_019894885.1	95.0	d__Archaea;p__Asgardarchaeota;c__Lokiarchaeia;o__Sigynarchaeales;f__SOKP01;g__SOKP01;s__SOKP01 sp019894885	100.0	1.0	d__Archaea;p__Asgardarchaeota;c__Lokiarchaeia;o__Sigynarchaeales;f__SOKP01;g__SOKP01;s__	taxonomic classification defined by topology and ANI	topological placement and ANI have congruent species assignments	GCA_035530895.1, s__SOKP01 sp035530895, 95.0, 92.56, 0.568; GCA_030615235.1, s__SOKP01 sp030615235, 95.0, 87.59, 0.316; GCA_029856125.1, s__SOKP01 sp029856125, 95.0, 86.67, 0.362; GCA_019894855.1, s__SOKP01 sp019894855, 95.0, 86.64, 0.366; GCA_030599585.1, s__SOKP01 sp030599585, 95.0, 86.47, 0.355; GCA_004375715.1, s__SOKP01 sp004375715, 95.0, 86.09, 0.266	66.11	11	N/A	N/A
GCA_019894955_1_ASM1989495v1	d__Archaea;p__Asgardarchaeota;c__Lokiarchaeia;o__Sigynarchaeales;f__SOKP01;g__SOKP01;s__SOKP01 sp019894955	GCA_019894955.1	95.0	d__Archaea;p__Asgardarchaeota;c__Lokiarchaeia;o__Sigynarchaeales;f__SOKP01;g__SOKP01;s__SOKP01 sp019894955	100.0	0.998	GCA_019894955.1	95.0	d__Archaea;p__Asgardarchaeota;c__Lokiarchaeia;o__Sigynarchaeales;f__SOKP01;g__SOKP01;s__SOKP01 sp019894955	100.0	0.998	d__Archaea;p__Asgardarchaeota;c__Lokiarchaeia;o__Sigynarchaeales;f__SOKP01;g__SOKP01;s__	taxonomic classification defined by topology and ANI	topological placement and ANI have congruent species assignments	GCA_019894815.1, s__SOKP01 sp019894815, 95.0, 86.99, 0.281; GCA_030667705.1, s__SOKP01 sp030667705, 95.0, 86.14, 0.301	83.91	11	N/A	N/A
GCA_019894975_1_ASM1989497v1	d__Archaea;p__Asgardarchaeota;c__Lokiarchaeia;o__Sigynarchaeales;f__SOKP01;g__Loki-b32;s__Loki-b32 sp019894975	GCA_019894975.1	95.0	d__Archaea;p__Asgardarchaeota;c__Lokiarchaeia;o__Sigynarchaeales;f__SOKP01;g__Loki-b32;s__Loki-b32 sp019894975	100.0	0.998	GCA_019894975.1	95.0	d__Archaea;p__Asgardarchaeota;c__Lokiarchaeia;o__Sigynarchaeales;f__SOKP01;g__Loki-b32;s__Loki-b32 sp019894975	100.0	0.998	d__Archaea;p__Asgardarchaeota;c__Lokiarchaeia;o__Sigynarchaeales;f__SOKP01;g__Loki-b32;s__	taxonomic classification defined by topology and ANI	topological placement and ANI have congruent species assignments	N/A	91.54	11	N/A	N/A
GCA_020343655_1_ASM2034365v1	d__Archaea;p__Asgardarchaeota;c__Lokiarchaeia;o__Sigynarchaeales;f__SOKP01;g__Loki-b32;s__Loki-b32 sp020343655	GCA_020343655.1	95.0	d__Archaea;p__Asgardarchaeota;c__Lokiarchaeia;o__Sigynarchaeales;f__SOKP01;g__Loki-b32;s__Loki-b32 sp020343655	100.0	1.0	GCA_020343655.1	95.0	d__Archaea;p__Asgardarchaeota;c__Lokiarchaeia;o__Sigynarchaeales;f__SOKP01;g__Loki-b32;s__Loki-b32 sp020343655	100.0	1.0	d__Archaea;p__Asgardarchaeota;c__Lokiarchaeia;o__Sigynarchaeales;f__SOKP01;g__Loki-b32;s__	taxonomic classification defined by topology and ANI	topological placement and ANI have congruent species assignments	N/A	77.81	11	N/A	N/A
GCA_020344955_1_ASM2034495v1	d__Archaea;p__Asgardarchaeota;c__Lokiarchaeia;o__Sigynarchaeales;f__SOKP01;g__Loki-b32;s__Loki-b32 sp020344955	GCA_020344955.1	95.0	d__Archaea;p__Asgardarchaeota;c__Lokiarchaeia;o__Sigynarchaeales;f__SOKP01;g__Loki-b32;s__Loki-b32 sp020344955	100.0	1.0	GCA_020344955.1	95.0	d__Archaea;p__Asgardarchaeota;c__Lokiarchaeia;o__Sigynarchaeales;f__SOKP01;g__Loki-b32;s__Loki-b32 sp020344955	100.0	1.0	d__Archaea;p__Asgardarchaeota;c__Lokiarchaeia;o__Sigynarchaeales;f__SOKP01;g__Loki-b32;s__	taxonomic classification defined by topology and ANI	topological placement and ANI have congruent species assignments	N/A	78.42	11	N/A	N/A
GCA_020348965_1_ASM2034896v1	d__Archaea;p__Asgardarchaeota;c__Heimdallarchaeia;o__Hodarchaeales;f__Hodarchaeaceae;g__Hodarchaeum;s__Hodarchaeum sp020348965	GCA_020348965.1	95.0	d__Archaea;p__Asgardarchaeota;c__Heimdallarchaeia;o__Hodarchaeales;f__Hodarchaeaceae;g__Hodarchaeum;s__Hodarchaeum sp020348965	100.0	1.0	GCA_020348965.1	95.0	d__Archaea;p__Asgardarchaeota;c__Heimdallarchaeia;o__Hodarchaeales;f__Hodarchaeaceae;g__Hodarchaeum;s__Hodarchaeum sp020348965	100.0	1.0	d__Archaea;p__Asgardarchaeota;c__Heimdallarchaeia;o__Hodarchaeales;f__Hodarchaeaceae;g__Hodarchaeum;s__	taxonomic classification defined by topology and ANI	topological placement and ANI have congruent species assignments	N/A	68.02	11	N/A	N/A
GCA_020348985_1_ASM2034898v1	d__Archaea;p__Asgardarchaeota;c__Thorarchaeia;o__Thorarchaeales;f__Thorarchaeaceae;g__JAJRWI01;s__JAJRWI01 sp020348985	GCA_020348985.1	95.0	d__Archaea;p__Asgardarchaeota;c__Thorarchaeia;o__Thorarchaeales;f__Thorarchaeaceae;g__JAJRWI01;s__JAJRWI01 sp020348985	100.0	1.0	GCA_020348985.1	95.0	d__Archaea;p__Asgardarchaeota;c__Thorarchaeia;o__Thorarchaeales;f__Thorarchaeaceae;g__JAJRWI01;s__JAJRWI01 sp020348985	100.0	1.0	d__Archaea;p__Asgardarchaeota;c__Thorarchaeia;o__Thorarchaeales;f__Thorarchaeaceae;g__JAJRWI01;s__	taxonomic classification defined by topology and ANI	topological placement and ANI have congruent species assignments	N/A	77.39	11	N/A	N/A
GCA_020351745_1_ASM2035174v1	d__Archaea;p__Asgardarchaeota;c__Heimdallarchaeia;o__Hodarchaeales;f__Hodarchaeaceae;g__Hodarchaeum;s__Hodarchaeum sp020351745	GCA_020351745.1	95.0	d__Archaea;p__Asgardarchaeota;c__Heimdallarchaeia;o__Hodarchaeales;f__Hodarchaeaceae;g__Hodarchaeum;s__Hodarchaeum sp020351745	100.0	1.0	GCA_020351745.1	95.0	d__Archaea;p__Asgardarchaeota;c__Heimdallarchaeia;o__Hodarchaeales;f__Hodarchaeaceae;g__Hodarchaeum;s__Hodarchaeum sp020351745	100.0	1.0	d__Archaea;p__Asgardarchaeota;c__Heimdallarchaeia;o__Hodarchaeales;f__Hodarchaeaceae;g__Hodarchaeum;s__	taxonomic classification defined by topology and ANI	topological placement and ANI have congruent species assignments	GCA_029856365.1, s__Hodarchaeum sp029856365, 95.0, 83.51, 0.345	80.7	11	N/A	N/A
GCA_020353515_1_ASM2035351v1	d__Archaea;p__Asgardarchaeota;c__Heimdallarchaeia;o__Hodarchaeales;f__Hodarchaeaceae;g__Hodarchaeum;s__Hodarchaeum sp020353515	GCA_020353515.1	95.0	d__Archaea;p__Asgardarchaeota;c__Heimdallarchaeia;o__Hodarchaeales;f__Hodarchaeaceae;g__Hodarchaeum;s__Hodarchaeum sp020353515	100.0	1.0	GCA_020353515.1	95.0	d__Archaea;p__Asgardarchaeota;c__Heimdallarchaeia;o__Hodarchaeales;f__Hodarchaeaceae;g__Hodarchaeum;s__Hodarchaeum sp020353515	100.0	1.0	d__Archaea;p__Asgardarchaeota;c__Heimdallarchaeia;o__Hodarchaeales;f__Hodarchaeaceae;g__Hodarchaeum;s__	taxonomic classification defined by topology and ANI	topological placement and ANI have congruent species assignments	N/A	86.28	11	N/A	N/A
GCA_020355105_1_ASM2035510v1	d__Archaea;p__Asgardarchaeota;c__Thorarchaeia;o__Thorarchaeales;f__Thorarchaeaceae;g__SMTZ1-83;s__SMTZ1-83 sp020355105	GCA_020355105.1	95.0	d__Archaea;p__Asgardarchaeota;c__Thorarchaeia;o__Thorarchaeales;f__Thorarchaeaceae;g__SMTZ1-83;s__SMTZ1-83 sp020355105	100.0	1.0	GCA_020355105.1	95.0	d__Archaea;p__Asgardarchaeota;c__Thorarchaeia;o__Thorarchaeales;f__Thorarchaeaceae;g__SMTZ1-83;s__SMTZ1-83 sp020355105	100.0	1.0	d__Archaea;p__Asgardarchaeota;c__Thorarchaeia;o__Thorarchaeales;f__Thorarchaeaceae;g__SMTZ1-83;s__	taxonomic classification defined by topology and ANI	topological placement and ANI have congruent species assignments	GCA_016840795.1, s__SMTZ1-83 sp016840795, 95.0, 85.61, 0.203	68.04	11	N/A	N/A
GCA_021158895_1_ASM2115889v1	d__Archaea;p__Asgardarchaeota;c__Baldrarchaeia;o__Baldrarchaeales;f__DXJG01;g__DXJG01;s__DXJG01 sp021158895	GCA_021158895.1	95.0	d__Archaea;p__Asgardarchaeota;c__Baldrarchaeia;o__Baldrarchaeales;f__DXJG01;g__DXJG01;s__DXJG01 sp021158895	100.0	1.0	GCA_021158895.1	95.0	d__Archaea;p__Asgardarchaeota;c__Baldrarchaeia;o__Baldrarchaeales;f__DXJG01;g__DXJG01;s__DXJG01 sp021158895	100.0	1.0	d__Archaea;p__Asgardarchaeota;c__Baldrarchaeia;o__Baldrarchaeales;f__DXJG01;g__DXJG01;s__	taxonomic classification defined by topology and ANI	topological placement and ANI have congruent species assignments	GCA_016840485.1, s__DXJG01 sp016840485, 95.0, 93.77, 0.747	84.78	11	N/A	N/A
GCA_021160805_1_ASM2116080v1	d__Archaea;p__Asgardarchaeota;c__Asgardarchaeia;o__Asgardarchaeales;f__;g__;s__	N/A	N/A	N/A	N/A	N/A	N/A	N/A	N/A	N/A	N/A	d__Archaea;p__Asgardarchaeota;c__;o__;f__;g__;s__	taxonomic novelty determined using RED	N/A	N/A	59.29	11	0.58833	N/A
GCA_021161985_1_ASM2116198v1	d__Archaea;p__Asgardarchaeota;c__Asgardarchaeia;o__Asgardarchaeales;f__Asgardarchaeaceae;g__;s__	N/A	N/A	N/A	N/A	N/A	N/A	N/A	N/A	N/A	N/A	d__Archaea;p__Asgardarchaeota;c__;o__;f__;g__;s__	taxonomic novelty determined using RED	N/A	N/A	71.15	11	0.65246	N/A
GCA_021162905_1_ASM2116290v1	d__Archaea;p__Asgardarchaeota;c__Asgardarchaeia;o__Asgardarchaeales;f__Asgardarchaeaceae;g__Asgardarchaeum;s__Asgardarchaeum abyssi	GCA_040225955.1	95.0	d__Archaea;p__Asgardarchaeota;c__Asgardarchaeia;o__Asgardarchaeales;f__Asgardarchaeaceae;g__Asgardarchaeum;s__Asgardarchaeum abyssi	97.24	0.695	GCA_040225955.1	95.0	d__Archaea;p__Asgardarchaeota;c__Asgardarchaeia;o__Asgardarchaeales;f__Asgardarchaeaceae;g__Asgardarchaeum;s__Asgardarchaeum abyssi	97.24	0.695	d__Archaea;p__Asgardarchaeota;c__;o__;f__;g__;s__	taxonomic classification defined by topology and ANI	topological placement and ANI have congruent species assignments	N/A	85.76	11	N/A	N/A
GCA_021163045_1_ASM2116304v1	d__Archaea;p__Asgardarchaeota;c__Njordarchaeia;o__Njordarchaeales;f__Njordarchaeaceae;g__Njordarchaeum;s__Njordarchaeum guaymaensis	GCA_030587605.2	95.0	d__Archaea;p__Asgardarchaeota;c__Njordarchaeia;o__Njordarchaeales;f__Njordarchaeaceae;g__Njordarchaeum;s__Njordarchaeum guaymaensis	98.55	0.815	GCA_030587605.2	95.0	d__Archaea;p__Asgardarchaeota;c__Njordarchaeia;o__Njordarchaeales;f__Njordarchaeaceae;g__Njordarchaeum;s__Njordarchaeum guaymaensis	98.55	0.815	d__Archaea;p__Asgardarchaeota;c__Njordarchaeia;o__Njordarchaeales;f__Njordarchaeaceae;g__;s__	taxonomic classification defined by topology and ANI	topological placement and ANI have congruent species assignments	N/A	74.08	11	N/A	N/A
GCA_021498085_1_ASM2149808v1	d__Archaea;p__Asgardarchaeota;c__Heimdallarchaeia;o__JABLTI01;f__JABLTI01;g__JABLTI01;s__JABLTI01 sp019056785	GCA_019056785.1	95.0	d__Archaea;p__Asgardarchaeota;c__Heimdallarchaeia;o__JABLTI01;f__JABLTI01;g__JABLTI01;s__JABLTI01 sp019056785	95.46	0.887	GCA_019056785.1	95.0	d__Archaea;p__Asgardarchaeota;c__Heimdallarchaeia;o__JABLTI01;f__JABLTI01;g__JABLTI01;s__JABLTI01 sp019056785	95.46	0.887	d__Archaea;p__Asgardarchaeota;c__Heimdallarchaeia;o__JABLTI01;f__JABLTI01;g__JABLTI01;s__	taxonomic classification defined by topology and ANI	topological placement and ANI have congruent species assignments	N/A	88.51	11	N/A	N/A
GCA_021498095_1_ASM2149809v1	d__Archaea;p__Asgardarchaeota;c__Lokiarchaeia;o__Sigynarchaeales;f__MK-D1;g__Harpocratesius;s__Harpocratesius repetitus	GCA_021498095.1	95.0	d__Archaea;p__Asgardarchaeota;c__Lokiarchaeia;o__Sigynarchaeales;f__MK-D1;g__Harpocratesius;s__Harpocratesius repetitus	100.0	1.0	GCA_021498095.1	95.0	d__Archaea;p__Asgardarchaeota;c__Lokiarchaeia;o__Sigynarchaeales;f__MK-D1;g__Harpocratesius;s__Harpocratesius repetitus	100.0	1.0	d__Archaea;p__Asgardarchaeota;c__Lokiarchaeia;o__Sigynarchaeales;f__MK-D1;g__Harpocratesius;s__	taxonomic classification defined by topology and ANI	topological placement and ANI have congruent species assignments	N/A	87.45	11	N/A	N/A
GCA_021498125_1_ASM2149812v1	d__Archaea;p__Asgardarchaeota;c__Thorarchaeia;o__Thorarchaeales;f__Thorarchaeaceae;g__B65-G9;s__B65-G9 sp021498125	GCA_021498125.1	95.0	d__Archaea;p__Asgardarchaeota;c__Thorarchaeia;o__Thorarchaeales;f__Thorarchaeaceae;g__B65-G9;s__B65-G9 sp021498125	100.0	1.0	GCA_021498125.1	95.0	d__Archaea;p__Asgardarchaeota;c__Thorarchaeia;o__Thorarchaeales;f__Thorarchaeaceae;g__B65-G9;s__B65-G9 sp021498125	100.0	1.0	d__Archaea;p__Asgardarchaeota;c__Thorarchaeia;o__Thorarchaeales;f__Thorarchaeaceae;g__B65-G9;s__	taxonomic classification defined by topology and ANI	topological placement and ANI have congruent species assignments	N/A	90.96	11	N/A	N/A
GCA_021513695_1_ASM2151369v1	d__Archaea;p__Asgardarchaeota;c__Heimdallarchaeia;o__Heimdallarchaeales;f__Heimdallarchaeaceae;g__Heimdallarchaeum;s__Heimdallarchaeum aukensis	GCA_021513695.1	95.0	d__Archaea;p__Asgardarchaeota;c__Heimdallarchaeia;o__Heimdallarchaeales;f__Heimdallarchaeaceae;g__Heimdallarchaeum;s__Heimdallarchaeum aukensis	100.0	1.0	GCA_021513695.1	95.0	d__Archaea;p__Asgardarchaeota;c__Heimdallarchaeia;o__Heimdallarchaeales;f__Heimdallarchaeaceae;g__Heimdallarchaeum;s__Heimdallarchaeum aukensis	100.0	1.0	d__Archaea;p__Asgardarchaeota;c__Heimdallarchaeia;o__Heimdallarchaeales;f__Heimdallarchaeaceae;g__Heimdallarchaeum;s__	taxonomic classification defined by topology and ANI	topological placement and ANI have congruent species assignments	GCA_021513715.1, s__Heimdallarchaeum endolithica, 95.0, 88.48, 0.515	93.33	11	N/A	N/A
GCA_021513715_1_ASM2151371v1	d__Archaea;p__Asgardarchaeota;c__Heimdallarchaeia;o__Heimdallarchaeales;f__Heimdallarchaeaceae;g__Heimdallarchaeum;s__Heimdallarchaeum endolithica	GCA_021513715.1	95.0	d__Archaea;p__Asgardarchaeota;c__Heimdallarchaeia;o__Heimdallarchaeales;f__Heimdallarchaeaceae;g__Heimdallarchaeum;s__Heimdallarchaeum endolithica	100.0	1.0	GCA_021513715.1	95.0	d__Archaea;p__Asgardarchaeota;c__Heimdallarchaeia;o__Heimdallarchaeales;f__Heimdallarchaeaceae;g__Heimdallarchaeum;s__Heimdallarchaeum endolithica	100.0	1.0	d__Archaea;p__Asgardarchaeota;c__Heimdallarchaeia;o__Heimdallarchaeales;f__Heimdallarchaeaceae;g__Heimdallarchaeum;s__	taxonomic classification defined by topology and ANI	topological placement and ANI have congruent species assignments	GCA_021513695.1, s__Heimdallarchaeum aukensis, 95.0, 88.48, 0.515	93.26	11	N/A	N/A
GCA_022574115_1_ASM2257411v1	d__Archaea;p__Asgardarchaeota;c__Heimdallarchaeia;o__Heimdallarchaeales;f__Kariarchaeaceae;g__LC-2;s__LC-2 sp022574115	GCA_022574115.1	95.0	d__Archaea;p__Asgardarchaeota;c__Heimdallarchaeia;o__Heimdallarchaeales;f__Kariarchaeaceae;g__LC-2;s__LC-2 sp022574115	100.0	0.999	GCA_022574115.1	95.0	d__Archaea;p__Asgardarchaeota;c__Heimdallarchaeia;o__Heimdallarchaeales;f__Kariarchaeaceae;g__LC-2;s__LC-2 sp022574115	100.0	0.999	d__Archaea;p__Asgardarchaeota;c__Heimdallarchaeia;o__Heimdallarchaeales;f__Kariarchaeaceae;g__;s__	taxonomic classification defined by topology and ANI	topological placement and ANI have congruent species assignments	N/A	55.59	11	N/A	N/A
GCA_022866525_1_ASM2286652v1	d__Archaea;p__Asgardarchaeota;c__Lokiarchaeia;o__Sigynarchaeales;f__SOKP01;g__SOKP01;s__	N/A	N/A	N/A	N/A	N/A	GCA_019894955.1	95.0	d__Archaea;p__Asgardarchaeota;c__Lokiarchaeia;o__Sigynarchaeales;f__SOKP01;g__SOKP01;s__SOKP01 sp019894955	89.85	0.264	d__Archaea;p__Asgardarchaeota;c__Lokiarchaeia;o__Sigynarchaeales;f__SOKP01;g__SOKP01;s__	taxonomic classification defined by topology and ANI	N/A	GCA_019894815.1, s__SOKP01 sp019894815, 95.0, 91.95, 0.389; GCA_030667705.1, s__SOKP01 sp030667705, 95.0, 91.18, 0.328	78.21	11	0.98081	N/A
GCA_023127985_1_ASM2312798v1	d__Archaea;p__Asgardarchaeota;c__Lokiarchaeia;o__Sigynarchaeales;f__SOKP01;g__6H3-1;s__6H3-1 sp030606485	GCA_030606485.1	95.11	d__Archaea;p__Asgardarchaeota;c__Lokiarchaeia;o__Sigynarchaeales;f__SOKP01;g__6H3-1;s__6H3-1 sp030606485	98.75	0.854	GCA_030606485.1	95.11	d__Archaea;p__Asgardarchaeota;c__Lokiarchaeia;o__Sigynarchaeales;f__SOKP01;g__6H3-1;s__6H3-1 sp030606485	98.75	0.854	d__Archaea;p__Asgardarchaeota;c__Lokiarchaeia;o__Sigynarchaeales;f__SOKP01;g__6H3-1;s__	taxonomic classification defined by topology and ANI	topological placement and ANI have congruent species assignments	GCA_019058135.1, s__6H3-1 sp019058135, 95.0, 97.12, 0.584; GCA_019058015.1, s__6H3-1 sp019058015, 95.0, 94.77, 0.521; GCA_029856045.1, s__6H3-1 sp029856045, 95.0, 93.51, 0.461	50.56	11	N/A	N/A
GCA_023128215_1_ASM2312821v1	d__Archaea;p__Asgardarchaeota;c__Heimdallarchaeia;o__Heimdallarchaeales;f__Heimdallarchaeaceae;g__UBA460;s__	N/A	N/A	N/A	N/A	N/A	GCA_018238545.1	95.0	d__Archaea;p__Asgardarchaeota;c__Heimdallarchaeia;o__Heimdallarchaeales;f__Heimdallarchaeaceae;g__UBA460;s__UBA460 sp018238545	94.96	0.671	d__Archaea;p__Asgardarchaeota;c__Heimdallarchaeia;o__Heimdallarchaeales;f__Heimdallarchaeaceae;g__UBA460;s__	taxonomic classification defined by topology and ANI	N/A	GCA_023705945.1, s__UBA460 sp023705945, 95.0, 90.93, 0.291; GCA_030668875.1, s__UBA460 sp030668875, 95.0, 89.96, 0.288; GCA_030611665.1, s__UBA460 sp030611665, 95.0, 89.88, 0.286; GCA_023705905.1, s__UBA460 sp023705905, 95.0, 88.93, 0.168	65.54	11	0.99309	Genome not assigned to closest species as it falls outside its pre-defined ANI radius
GCA_023128465_1_ASM2312846v1	d__Archaea;p__Asgardarchaeota;c__Lokiarchaeia;o__Sigynarchaeales;f__SOKP01;g__Loki-b32;s__	N/A	N/A	N/A	N/A	N/A	N/A	N/A	N/A	N/A	N/A	d__Archaea;p__Asgardarchaeota;c__Lokiarchaeia;o__Sigynarchaeales;f__SOKP01;g__Loki-b32;s__	taxonomic classification fully defined by topology	N/A	N/A	46.23	11	0.9669	N/A
GCA_023128565_1_ASM2312856v1	d__Archaea;p__Asgardarchaeota;c__Lokiarchaeia;o__Sigynarchaeales;f__SOKP01;g__6H3-1;s__6H3-1 sp030606485	GCA_030606485.1	95.11	d__Archaea;p__Asgardarchaeota;c__Lokiarchaeia;o__Sigynarchaeales;f__SOKP01;g__6H3-1;s__6H3-1 sp030606485	99.16	0.965	GCA_030606485.1	95.11	d__Archaea;p__Asgardarchaeota;c__Lokiarchaeia;o__Sigynarchaeales;f__SOKP01;g__6H3-1;s__6H3-1 sp030606485	99.16	0.965	d__Archaea;p__Asgardarchaeota;c__Lokiarchaeia;o__Sigynarchaeales;f__SOKP01;g__6H3-1;s__	taxonomic classification defined by topology and ANI	topological placement and ANI have congruent species assignments	GCA_019058135.1, s__6H3-1 sp019058135, 95.0, 96.34, 0.678; GCA_019058015.1, s__6H3-1 sp019058015, 95.0, 94.12, 0.652; GCA_029856045.1, s__6H3-1 sp029856045, 95.0, 92.05, 0.606	57.59	11	N/A	N/A
GCA_023128605_1_ASM2312860v1	d__Archaea;p__Asgardarchaeota;c__Thorarchaeia;o__Thorarchaeales;f__Thorarchaeaceae;g__WTCK01;s__WTCK01 sp023134215	GCA_023134215.1	95.0	d__Archaea;p__Asgardarchaeota;c__Thorarchaeia;o__Thorarchaeales;f__Thorarchaeaceae;g__WTCK01;s__WTCK01 sp023134215	97.15	0.613	GCA_023134215.1	95.0	d__Archaea;p__Asgardarchaeota;c__Thorarchaeia;o__Thorarchaeales;f__Thorarchaeaceae;g__WTCK01;s__WTCK01 sp023134215	97.15	0.613	d__Archaea;p__Asgardarchaeota;c__Thorarchaeia;o__Thorarchaeales;f__Thorarchaeaceae;g__WTCK01;s__	taxonomic classification defined by topology and ANI	topological placement and ANI have congruent species assignments	GCA_030669595.1, s__WTCK01 sp030669595, 95.0, 91.47, 0.453; GCA_018238375.1, s__WTCK01 sp018238375, 95.0, 91.1, 0.443; GCA_019057475.1, s__WTCK01 sp019057475, 95.0, 91.05, 0.559; GCA_030612365.1, s__WTCK01 sp030612365, 95.0, 90.13, 0.41; GCA_013138615.1, s__WTCK01 sp013138615, 95.0, 89.18, 0.224; GCA_030642465.1, s__WTCK01 sp030642465, 95.0, 88.8, 0.216	45.62	11	N/A	N/A
GCA_023128635_1_ASM2312863v1	d__Archaea;p__Asgardarchaeota;c__Heimdallarchaeia;o__JABLTI01;f__JABLTI01;g__JABLTI01;s__JABLTI01 sp030629105	GCA_030629105.1	95.0	d__Archaea;p__Asgardarchaeota;c__Heimdallarchaeia;o__JABLTI01;f__JABLTI01;g__JABLTI01;s__JABLTI01 sp030629105	99.71	0.877	GCA_030629105.1	95.0	d__Archaea;p__Asgardarchaeota;c__Heimdallarchaeia;o__JABLTI01;f__JABLTI01;g__JABLTI01;s__JABLTI01 sp030629105	99.71	0.877	d__Archaea;p__Asgardarchaeota;c__Heimdallarchaeia;o__JABLTI01;f__JABLTI01;g__JABLTI01;s__	taxonomic classification defined by topology and ANI	topological placement and ANI have congruent species assignments	GCA_030671945.1, s__JABLTI01 sp030671945, 95.0, 90.91, 0.461; GCA_019058165.1, s__JABLTI01 sp019058165, 95.0, 90.65, 0.594; GCA_013166835.1, s__JABLTI01 sp013166835, 95.0, 90.51, 0.58	60.05	11	N/A	N/A
GCA_023129395_1_ASM2312939v1	d__Archaea;p__Asgardarchaeota;c__Lokiarchaeia;o__Sigynarchaeales;f__SOKP01;g__Loki-b32;s__Loki-b32 sp005223125	GCA_005223125.1	95.0	d__Archaea;p__Asgardarchaeota;c__Lokiarchaeia;o__Sigynarchaeales;f__SOKP01;g__Loki-b32;s__Loki-b32 sp005223125	96.95	0.746	GCA_005223125.1	95.0	d__Archaea;p__Asgardarchaeota;c__Lokiarchaeia;o__Sigynarchaeales;f__SOKP01;g__Loki-b32;s__Loki-b32 sp005223125	96.95	0.746	d__Archaea;p__Asgardarchaeota;c__Lokiarchaeia;o__Sigynarchaeales;f__SOKP01;g__Loki-b32;s__	taxonomic classification defined by topology and ANI	topological placement and ANI have congruent species assignments	N/A	53.55	11	N/A	N/A
GCA_023129495_1_ASM2312949v1	d__Archaea;p__Asgardarchaeota;c__Lokiarchaeia;o__Sigynarchaeales;f__SOKP01;g__Loki-b32;s__	N/A	N/A	N/A	N/A	N/A	GCA_030605895.1	95.0	d__Archaea;p__Asgardarchaeota;c__Lokiarchaeia;o__Sigynarchaeales;f__SOKP01;g__Loki-b32;s__Loki-b32 sp030605895	98.13	0.479	d__Archaea;p__Asgardarchaeota;c__Lokiarchaeia;o__Sigynarchaeales;f__SOKP01;g__Loki-b32;s__	taxonomic classification defined by topology and ANI	N/A	GCA_036478875.1, s__Loki-b32 sp036478875, 95.0, 95.09, 0.448; GCA_013375485.1, s__Loki-b32 sp013375485, 95.0, 90.57, 0.359; GCA_005223125.1, s__Loki-b32 sp005223125, 95.0, 88.7, 0.188	48.8	11	0.99687	N/A
GCA_023131185_1_ASM2313118v1	d__Archaea;p__Asgardarchaeota;c__Thorarchaeia;o__Thorarchaeales;f__Thorarchaeaceae;g__WTCK01;s__	N/A	N/A	N/A	N/A	N/A	N/A	N/A	N/A	N/A	N/A	d__Archaea;p__Asgardarchaeota;c__Thorarchaeia;o__Thorarchaeales;f__Thorarchaeaceae;g__WTCK01;s__	taxonomic classification defined by topology and ANI	N/A	GCA_019057475.1, s__WTCK01 sp019057475, 95.0, 92.05, 0.566; GCA_030669595.1, s__WTCK01 sp030669595, 95.0, 91.82, 0.425; GCA_018238375.1, s__WTCK01 sp018238375, 95.0, 91.78, 0.428; GCA_030612365.1, s__WTCK01 sp030612365, 95.0, 90.97, 0.377; GCA_013138615.1, s__WTCK01 sp013138615, 95.0, 90.66, 0.22; GCA_023134215.1, s__WTCK01 sp023134215, 95.0, 90.5, 0.345; GCA_030642465.1, s__WTCK01 sp030642465, 95.0, 89.11, 0.209	34.1	11	0.9844	Genome not assigned to closest species as it falls outside its pre-defined ANI radius
GCA_023132455_1_ASM2313245v1	d__Archaea;p__Asgardarchaeota;c__Thorarchaeia;o__Thorarchaeales;f__Thorarchaeaceae;g__MP8T-1;s__	N/A	N/A	N/A	N/A	N/A	N/A	N/A	N/A	N/A	N/A	d__Archaea;p__Asgardarchaeota;c__Thorarchaeia;o__Thorarchaeales;f__Thorarchaeaceae;g__MP8T-1;s__	taxonomic classification defined by topology and ANI	N/A	GCA_018238205.1, s__MP8T-1 sp018238205, 95.0, 94.08, 0.492; GCA_018238825.1, s__MP8T-1 sp018238825, 95.0, 92.81, 0.347; GCA_030612005.1, s__MP8T-1 sp030612005, 95.0, 91.73, 0.309	47.9	11	0.99018	N/A
GCA_023132955_1_ASM2313295v1	d__Archaea;p__Asgardarchaeota;c__Heimdallarchaeia;o__Heimdallarchaeales;f__Heimdallarchaeaceae;g__UBA460;s__UBA460 sp023132955	GCA_030668825.1	95.0	d__Archaea;p__Asgardarchaeota;c__Heimdallarchaeia;o__Heimdallarchaeales;f__Heimdallarchaeaceae;g__UBA460;s__UBA460 sp023132955	99.58	0.924	GCA_030668825.1	95.0	d__Archaea;p__Asgardarchaeota;c__Heimdallarchaeia;o__Heimdallarchaeales;f__Heimdallarchaeaceae;g__UBA460;s__UBA460 sp023132955	99.58	0.924	d__Archaea;p__Asgardarchaeota;c__Heimdallarchaeia;o__Heimdallarchaeales;f__Heimdallarchaeaceae;g__UBA460;s__	taxonomic classification defined by topology and ANI	topological placement and ANI have congruent species assignments	GCA_023139025.1, s__UBA460 sp023139025, 95.0, 93.38, 0.578; GCA_030608385.1, s__UBA460 sp030608385, 95.0, 92.52, 0.681; GCA_021399345.1, s__UBA460 sp021399345, 95.0, 92.4, 0.585; GCA_019057375.1, s__UBA460 sp002505645, 95.0, 91.88, 0.564; GCA_030607575.1, s__UBA460 sp030607575, 95.0, 91.44, 0.634	93.65	11	N/A	N/A
GCA_023133715_1_ASM2313371v1	d__Archaea;p__Asgardarchaeota;c__Lokiarchaeia;o__Sigynarchaeales;f__SOKP01;g__Loki-b32;s__Loki-b32 sp019057865	GCA_019057865.1	95.0	d__Archaea;p__Asgardarchaeota;c__Lokiarchaeia;o__Sigynarchaeales;f__SOKP01;g__Loki-b32;s__Loki-b32 sp019057865	97.46	0.753	GCA_019057865.1	95.0	d__Archaea;p__Asgardarchaeota;c__Lokiarchaeia;o__Sigynarchaeales;f__SOKP01;g__Loki-b32;s__Loki-b32 sp019057865	97.46	0.753	d__Archaea;p__Asgardarchaeota;c__Lokiarchaeia;o__Sigynarchaeales;f__SOKP01;g__Loki-b32;s__	taxonomic classification defined by topology and ANI	topological placement and ANI have congruent species assignments	GCA_016839585.1, s__Loki-b32 sp016839585, 95.0, 94.73, 0.589	47.27	11	N/A	N/A
GCA_023134215_1_ASM2313421v1	d__Archaea;p__Asgardarchaeota;c__Thorarchaeia;o__Thorarchaeales;f__Thorarchaeaceae;g__WTCK01;s__WTCK01 sp023134215	GCA_023134215.1	95.0	d__Archaea;p__Asgardarchaeota;c__Thorarchaeia;o__Thorarchaeales;f__Thorarchaeaceae;g__WTCK01;s__WTCK01 sp023134215	100.0	1.0	GCA_023134215.1	95.0	d__Archaea;p__Asgardarchaeota;c__Thorarchaeia;o__Thorarchaeales;f__Thorarchaeaceae;g__WTCK01;s__WTCK01 sp023134215	100.0	1.0	d__Archaea;p__Asgardarchaeota;c__Thorarchaeia;o__Thorarchaeales;f__Thorarchaeaceae;g__WTCK01;s__	taxonomic classification defined by topology and ANI	topological placement and ANI have congruent species assignments	GCA_030669595.1, s__WTCK01 sp030669595, 95.0, 91.32, 0.663; GCA_019057475.1, s__WTCK01 sp019057475, 95.0, 91.11, 0.727; GCA_018238375.1, s__WTCK01 sp018238375, 95.0, 90.59, 0.644; GCA_030612365.1, s__WTCK01 sp030612365, 95.0, 90.52, 0.629; GCA_013138615.1, s__WTCK01 sp013138615, 95.0, 88.93, 0.382; GCA_030642465.1, s__WTCK01 sp030642465, 95.0, 88.1, 0.371	50.74	11	N/A	N/A
GCA_023134625_1_ASM2313462v1	d__Archaea;p__Asgardarchaeota;c__Heimdallarchaeia;o__Hodarchaeales;f__Hodarchaeaceae;g__Hodarchaeum;s__	N/A	N/A	N/A	N/A	N/A	N/A	N/A	N/A	N/A	N/A	d__Archaea;p__Asgardarchaeota;c__Heimdallarchaeia;o__Hodarchaeales;f__Hodarchaeaceae;g__Hodarchaeum;s__	taxonomic classification fully defined by topology	N/A	N/A	68.82	11	0.94048	N/A
GCA_023134855_1_ASM2313485v1	d__Archaea;p__Asgardarchaeota;c__Heimdallarchaeia;o__Heimdallarchaeales;f__Heimdallarchaeaceae;g__18H4-34;s__	N/A	N/A	N/A	N/A	N/A	GCA_023705985.1	95.0	d__Archaea;p__Asgardarchaeota;c__Heimdallarchaeia;o__Heimdallarchaeales;f__Heimdallarchaeaceae;g__18H4-34;s__18H4-34 sp023705985	94.57	0.681	d__Archaea;p__Asgardarchaeota;c__Heimdallarchaeia;o__Heimdallarchaeales;f__Heimdallarchaeaceae;g__18H4-34;s__	taxonomic classification defined by topology and ANI	N/A	GCA_019057815.1, s__18H4-34 sp019057815, 95.0, 93.55, 0.645	36.31	11	0.9901	Genome not assigned to closest species as it falls outside its pre-defined ANI radius
GCA_023135215_1_ASM2313521v1	d__Archaea;p__Asgardarchaeota;c__Heimdallarchaeia;o__Heimdallarchaeales;f__Heimdallarchaeaceae;g__UBA460;s__UBA460 sp030631995	GCA_030631995.1	95.0	d__Archaea;p__Asgardarchaeota;c__Heimdallarchaeia;o__Heimdallarchaeales;f__Heimdallarchaeaceae;g__UBA460;s__UBA460 sp030631995	99.78	0.91	GCA_030631995.1	95.0	d__Archaea;p__Asgardarchaeota;c__Heimdallarchaeia;o__Heimdallarchaeales;f__Heimdallarchaeaceae;g__UBA460;s__UBA460 sp030631995	99.78	0.91	d__Archaea;p__Asgardarchaeota;c__Heimdallarchaeia;o__Heimdallarchaeales;f__Heimdallarchaeaceae;g__UBA460;s__	taxonomic classification defined by topology and ANI	topological placement and ANI have congruent species assignments	GCA_023270155.1, s__UBA460 sp023270155, 95.0, 90.69, 0.468; GCA_013166775.1, s__UBA460 sp013166775, 95.0, 89.73, 0.397	85.16	11	N/A	N/A
GCA_023135665_1_ASM2313566v1	d__Archaea;p__Asgardarchaeota;c__Heimdallarchaeia;o__Heimdallarchaeales;f__Heimdallarchaeaceae;g__UBA460;s__	N/A	N/A	N/A	N/A	N/A	GCA_030611665.1	95.0	d__Archaea;p__Asgardarchaeota;c__Heimdallarchaeia;o__Heimdallarchaeales;f__Heimdallarchaeaceae;g__UBA460;s__UBA460 sp030611665	92.7	0.455	d__Archaea;p__Asgardarchaeota;c__Heimdallarchaeia;o__Heimdallarchaeales;f__Heimdallarchaeaceae;g__UBA460;s__	taxonomic classification defined by topology and ANI	N/A	GCA_023705945.1, s__UBA460 sp023705945, 95.0, 91.68, 0.371; GCA_018238545.1, s__UBA460 sp018238545, 95.0, 90.51, 0.34; GCA_030668875.1, s__UBA460 sp030668875, 95.0, 90.27, 0.304; GCA_023705905.1, s__UBA460 sp023705905, 95.0, 89.82, 0.203	73.06	11	0.98568	N/A
GCA_023136245_1_ASM2313624v1	d__Archaea;p__Asgardarchaeota;c__Heimdallarchaeia;o__Heimdallarchaeales;f__Heimdallarchaeaceae;g__UBA460;s__UBA460 sp023136245	GCA_023136245.1	95.0	d__Archaea;p__Asgardarchaeota;c__Heimdallarchaeia;o__Heimdallarchaeales;f__Heimdallarchaeaceae;g__UBA460;s__UBA460 sp023136245	100.0	0.998	GCA_023136245.1	95.0	d__Archaea;p__Asgardarchaeota;c__Heimdallarchaeia;o__Heimdallarchaeales;f__Heimdallarchaeaceae;g__UBA460;s__UBA460 sp023136245	100.0	0.998	d__Archaea;p__Asgardarchaeota;c__Heimdallarchaeia;o__Heimdallarchaeales;f__Heimdallarchaeaceae;g__UBA460;s__	taxonomic classification defined by topology and ANI	topological placement and ANI have congruent species assignments	N/A	82.58	11	N/A	N/A
GCA_023136515_1_ASM2313651v1	d__Archaea;p__Asgardarchaeota;c__Heimdallarchaeia;o__Heimdallarchaeales;f__Heimdallarchaeaceae;g__UBA460;s__	N/A	N/A	N/A	N/A	N/A	GCA_030611665.1	95.0	d__Archaea;p__Asgardarchaeota;c__Heimdallarchaeia;o__Heimdallarchaeales;f__Heimdallarchaeaceae;g__UBA460;s__UBA460 sp030611665	93.0	0.443	d__Archaea;p__Asgardarchaeota;c__Heimdallarchaeia;o__Heimdallarchaeales;f__Heimdallarchaeaceae;g__UBA460;s__	taxonomic classification defined by topology and ANI	N/A	GCA_023705945.1, s__UBA460 sp023705945, 95.0, 91.95, 0.348; GCA_018238545.1, s__UBA460 sp018238545, 95.0, 90.46, 0.309; GCA_030668875.1, s__UBA460 sp030668875, 95.0, 90.4, 0.265; GCA_023705905.1, s__UBA460 sp023705905, 95.0, 89.71, 0.168	45.7	11	0.9853	N/A
GCA_023137035_1_ASM2313703v1	d__Archaea;p__Asgardarchaeota;c__Heimdallarchaeia;o__JABLTI01;f__JABLTI01;g__JABLTI01;s__JABLTI01 sp030671945	GCA_030671945.1	95.0	d__Archaea;p__Asgardarchaeota;c__Heimdallarchaeia;o__JABLTI01;f__JABLTI01;g__JABLTI01;s__JABLTI01 sp030671945	99.31	0.686	GCA_030671945.1	95.0	d__Archaea;p__Asgardarchaeota;c__Heimdallarchaeia;o__JABLTI01;f__JABLTI01;g__JABLTI01;s__JABLTI01 sp030671945	99.31	0.686	d__Archaea;p__Asgardarchaeota;c__Heimdallarchaeia;o__JABLTI01;f__JABLTI01;g__JABLTI01;s__	taxonomic classification defined by topology and ANI	topological placement and ANI have congruent species assignments	GCA_030629105.1, s__JABLTI01 sp030629105, 95.0, 92.23, 0.473; GCA_013166835.1, s__JABLTI01 sp013166835, 95.0, 92.2, 0.505; GCA_019058165.1, s__JABLTI01 sp019058165, 95.0, 91.17, 0.422	56.35	11	N/A	N/A
GCA_023137225_1_ASM2313722v1	d__Archaea;p__Asgardarchaeota;c__Heimdallarchaeia;o__Heimdallarchaeales;f__DAOWED01;g__DAOWED01;s__DAOWED01 sp030638685	GCA_030638685.1	95.0	d__Archaea;p__Asgardarchaeota;c__Heimdallarchaeia;o__Heimdallarchaeales;f__DAOWED01;g__DAOWED01;s__DAOWED01 sp030638685	99.81	0.765	GCA_030638685.1	95.0	d__Archaea;p__Asgardarchaeota;c__Heimdallarchaeia;o__Heimdallarchaeales;f__DAOWED01;g__DAOWED01;s__DAOWED01 sp030638685	99.81	0.765	d__Archaea;p__Asgardarchaeota;c__Heimdallarchaeia;o__Heimdallarchaeales;f__;g__;s__	taxonomic classification defined by topology and ANI	topological placement and ANI have congruent species assignments	N/A	63.06	11	N/A	N/A
GCA_023139025_1_ASM2313902v1	d__Archaea;p__Asgardarchaeota;c__Heimdallarchaeia;o__Heimdallarchaeales;f__Heimdallarchaeaceae;g__UBA460;s__UBA460 sp023139025	GCA_023139025.1	95.0	d__Archaea;p__Asgardarchaeota;c__Heimdallarchaeia;o__Heimdallarchaeales;f__Heimdallarchaeaceae;g__UBA460;s__UBA460 sp023139025	100.0	0.999	GCA_023139025.1	95.0	d__Archaea;p__Asgardarchaeota;c__Heimdallarchaeia;o__Heimdallarchaeales;f__Heimdallarchaeaceae;g__UBA460;s__UBA460 sp023139025	100.0	0.999	d__Archaea;p__Asgardarchaeota;c__Heimdallarchaeia;o__Heimdallarchaeales;f__Heimdallarchaeaceae;g__UBA460;s__	taxonomic classification defined by topology and ANI	topological placement and ANI have congruent species assignments	GCA_030608385.1, s__UBA460 sp030608385, 95.0, 94.71, 0.662; GCA_021399345.1, s__UBA460 sp021399345, 95.0, 93.7, 0.665; GCA_030668825.1, s__UBA460 sp023132955, 95.0, 92.9, 0.574; GCA_019057375.1, s__UBA460 sp002505645, 95.0, 92.05, 0.612; GCA_030607575.1, s__UBA460 sp030607575, 95.0, 91.82, 0.614	86.23	11	N/A	N/A
GCA_023139085_1_ASM2313908v1	d__Archaea;p__Asgardarchaeota;c__Heimdallarchaeia;o__Heimdallarchaeales;f__Heimdallarchaeaceae;g__UBA460;s__	N/A	N/A	N/A	N/A	N/A	GCA_030611665.1	95.0	d__Archaea;p__Asgardarchaeota;c__Heimdallarchaeia;o__Heimdallarchaeales;f__Heimdallarchaeaceae;g__UBA460;s__UBA460 sp030611665	93.77	0.43	d__Archaea;p__Asgardarchaeota;c__Heimdallarchaeia;o__Heimdallarchaeales;f__Heimdallarchaeaceae;g__UBA460;s__	taxonomic classification defined by topology and ANI	N/A	GCA_023705945.1, s__UBA460 sp023705945, 95.0, 92.64, 0.304; GCA_018238545.1, s__UBA460 sp018238545, 95.0, 91.11, 0.26; GCA_030668875.1, s__UBA460 sp030668875, 95.0, 91.11, 0.202	36.59	11	0.98694	N/A
GCA_023139145_1_ASM2313914v1	d__Archaea;p__Asgardarchaeota;c__Heimdallarchaeia;o__JABLTI01;f__JABLTI01;g__JABLTI01;s__JABLTI01 sp030671945	GCA_030671945.1	95.0	d__Archaea;p__Asgardarchaeota;c__Heimdallarchaeia;o__JABLTI01;f__JABLTI01;g__JABLTI01;s__JABLTI01 sp030671945	99.06	0.518	GCA_030671945.1	95.0	d__Archaea;p__Asgardarchaeota;c__Heimdallarchaeia;o__JABLTI01;f__JABLTI01;g__JABLTI01;s__JABLTI01 sp030671945	99.06	0.518	d__Archaea;p__Asgardarchaeota;c__Heimdallarchaeia;o__JABLTI01;f__JABLTI01;g__JABLTI01;s__	taxonomic classification defined by topology and ANI	topological placement and ANI have congruent species assignments	GCA_013166835.1, s__JABLTI01 sp013166835, 95.0, 92.45, 0.361; GCA_030629105.1, s__JABLTI01 sp030629105, 95.0, 92.43, 0.339; GCA_019058165.1, s__JABLTI01 sp019058165, 95.0, 91.84, 0.302	38.8	11	N/A	N/A
GCA_023139155_1_ASM2313915v1	d__Archaea;p__Asgardarchaeota;c__Thorarchaeia;o__Thorarchaeales;f__Thorarchaeaceae;g__MP5-2226;s__MP5-2226 sp030638785	GCA_030638785.1	95.0	d__Archaea;p__Asgardarchaeota;c__Thorarchaeia;o__Thorarchaeales;f__Thorarchaeaceae;g__MP5-2226;s__MP5-2226 sp030638785	99.36	0.628	GCA_030638785.1	95.0	d__Archaea;p__Asgardarchaeota;c__Thorarchaeia;o__Thorarchaeales;f__Thorarchaeaceae;g__MP5-2226;s__MP5-2226 sp030638785	99.36	0.628	d__Archaea;p__Asgardarchaeota;c__Thorarchaeia;o__Thorarchaeales;f__Thorarchaeaceae;g__MP5-2226;s__	taxonomic classification defined by topology and ANI	topological placement and ANI have congruent species assignments	N/A	55.46	11	N/A	N/A
GCA_023139415_1_ASM2313941v1	d__Archaea;p__Asgardarchaeota;c__Heimdallarchaeia;o__JABLTI01;f__JABLTI01;g__JABLTI01;s__JABLTI01 sp030671945	GCA_030671945.1	95.0	d__Archaea;p__Asgardarchaeota;c__Heimdallarchaeia;o__JABLTI01;f__JABLTI01;g__JABLTI01;s__JABLTI01 sp030671945	99.25	0.664	GCA_030671945.1	95.0	d__Archaea;p__Asgardarchaeota;c__Heimdallarchaeia;o__JABLTI01;f__JABLTI01;g__JABLTI01;s__JABLTI01 sp030671945	99.25	0.664	d__Archaea;p__Asgardarchaeota;c__Heimdallarchaeia;o__JABLTI01;f__JABLTI01;g__JABLTI01;s__	taxonomic classification defined by topology and ANI	topological placement and ANI have congruent species assignments	GCA_030629105.1, s__JABLTI01 sp030629105, 95.0, 93.03, 0.393; GCA_013166835.1, s__JABLTI01 sp013166835, 95.0, 92.93, 0.41; GCA_019058165.1, s__JABLTI01 sp019058165, 95.0, 92.11, 0.343	56.65	11	N/A	N/A
GCA_023139815_1_ASM2313981v1	d__Archaea;p__Asgardarchaeota;c__Thorarchaeia;o__Thorarchaeales;f__Thorarchaeaceae;g__MP5-2226;s__MP5-2226 sp030638785	GCA_030638785.1	95.0	d__Archaea;p__Asgardarchaeota;c__Thorarchaeia;o__Thorarchaeales;f__Thorarchaeaceae;g__MP5-2226;s__MP5-2226 sp030638785	99.7	0.781	GCA_030638785.1	95.0	d__Archaea;p__Asgardarchaeota;c__Thorarchaeia;o__Thorarchaeales;f__Thorarchaeaceae;g__MP5-2226;s__MP5-2226 sp030638785	99.7	0.781	d__Archaea;p__Asgardarchaeota;c__Thorarchaeia;o__Thorarchaeales;f__Thorarchaeaceae;g__MP5-2226;s__	taxonomic classification defined by topology and ANI	topological placement and ANI have congruent species assignments	N/A	47.15	11	N/A	N/A
GCA_023139955_1_ASM2313995v1	d__Archaea;p__Asgardarchaeota;c__Thorarchaeia;o__Thorarchaeales;f__Thorarchaeaceae;g__MP8T-1;s__MP8T-1 sp030612005	GCA_030612005.1	95.0	d__Archaea;p__Asgardarchaeota;c__Thorarchaeia;o__Thorarchaeales;f__Thorarchaeaceae;g__MP8T-1;s__MP8T-1 sp030612005	96.3	0.548	GCA_030612005.1	95.0	d__Archaea;p__Asgardarchaeota;c__Thorarchaeia;o__Thorarchaeales;f__Thorarchaeaceae;g__MP8T-1;s__MP8T-1 sp030612005	96.3	0.548	d__Archaea;p__Asgardarchaeota;c__Thorarchaeia;o__Thorarchaeales;f__Thorarchaeaceae;g__MP8T-1;s__	taxonomic classification defined by topology and ANI	topological placement and ANI have congruent species assignments	GCA_018238205.1, s__MP8T-1 sp018238205, 95.0, 91.86, 0.321; GCA_018238825.1, s__MP8T-1 sp018238825, 95.0, 91.63, 0.254	43.6	11	N/A	N/A
GCA_023140315_1_ASM2314031v1	d__Archaea;p__Asgardarchaeota;c__Heimdallarchaeia;o__JABLTI01;f__JABLTI01;g__JABLTI01;s__JABLTI01 sp030671945	GCA_030671945.1	95.0	d__Archaea;p__Asgardarchaeota;c__Heimdallarchaeia;o__JABLTI01;f__JABLTI01;g__JABLTI01;s__JABLTI01 sp030671945	99.29	0.727	GCA_030671945.1	95.0	d__Archaea;p__Asgardarchaeota;c__Heimdallarchaeia;o__JABLTI01;f__JABLTI01;g__JABLTI01;s__JABLTI01 sp030671945	99.29	0.727	d__Archaea;p__Asgardarchaeota;c__Heimdallarchaeia;o__JABLTI01;f__JABLTI01;g__JABLTI01;s__	taxonomic classification defined by topology and ANI	topological placement and ANI have congruent species assignments	GCA_030629105.1, s__JABLTI01 sp030629105, 95.0, 91.93, 0.516; GCA_013166835.1, s__JABLTI01 sp013166835, 95.0, 91.84, 0.547; GCA_019058165.1, s__JABLTI01 sp019058165, 95.0, 91.17, 0.464	70.76	11	N/A	N/A
GCA_023140335_1_ASM2314033v1	d__Archaea;p__Asgardarchaeota;c__Heimdallarchaeia;o__Heimdallarchaeales;f__Heimdallarchaeaceae;g__UBA460;s__	N/A	N/A	N/A	N/A	N/A	GCA_030611665.1	95.0	d__Archaea;p__Asgardarchaeota;c__Heimdallarchaeia;o__Heimdallarchaeales;f__Heimdallarchaeaceae;g__UBA460;s__UBA460 sp030611665	93.24	0.484	d__Archaea;p__Asgardarchaeota;c__Heimdallarchaeia;o__Heimdallarchaeales;f__Heimdallarchaeaceae;g__UBA460;s__	taxonomic classification defined by topology and ANI	N/A	GCA_023705945.1, s__UBA460 sp023705945, 95.0, 91.64, 0.362; GCA_018238545.1, s__UBA460 sp018238545, 95.0, 90.27, 0.309; GCA_023705905.1, s__UBA460 sp023705905, 95.0, 90.02, 0.18; GCA_030668875.1, s__UBA460 sp030668875, 95.0, 89.92, 0.269	50.97	11	0.98522	N/A
GCA_023140375_1_ASM2314037v1	d__Archaea;p__Asgardarchaeota;c__Thorarchaeia;o__Thorarchaeales;f__Thorarchaeaceae;g__WTCK01;s__	N/A	N/A	N/A	N/A	N/A	GCA_013138615.1	95.0	d__Archaea;p__Asgardarchaeota;c__Thorarchaeia;o__Thorarchaeales;f__Thorarchaeaceae;g__WTCK01;s__WTCK01 sp013138615	92.92	0.389	d__Archaea;p__Asgardarchaeota;c__Thorarchaeia;o__Thorarchaeales;f__Thorarchaeaceae;g__WTCK01;s__	taxonomic classification defined by topology and ANI	N/A	GCA_030642465.1, s__WTCK01 sp030642465, 95.0, 91.63, 0.317; GCA_019057475.1, s__WTCK01 sp019057475, 95.0, 91.32, 0.436; GCA_030669595.1, s__WTCK01 sp030669595, 95.0, 91.06, 0.284; GCA_018238375.1, s__WTCK01 sp018238375, 95.0, 90.74, 0.304; GCA_030612365.1, s__WTCK01 sp030612365, 95.0, 90.66, 0.288; GCA_023134215.1, s__WTCK01 sp023134215, 95.0, 88.34, 0.269	63.98	11	0.99116	N/A
GCA_023141005_1_ASM2314100v1	d__Archaea;p__Asgardarchaeota;c__Thorarchaeia;o__Thorarchaeales;f__Thorarchaeaceae;g__MP8T-1;s__MP8T-1 sp030612005	GCA_030612005.1	95.0	d__Archaea;p__Asgardarchaeota;c__Thorarchaeia;o__Thorarchaeales;f__Thorarchaeaceae;g__MP8T-1;s__MP8T-1 sp030612005	96.35	0.635	GCA_030612005.1	95.0	d__Archaea;p__Asgardarchaeota;c__Thorarchaeia;o__Thorarchaeales;f__Thorarchaeaceae;g__MP8T-1;s__MP8T-1 sp030612005	96.35	0.635	d__Archaea;p__Asgardarchaeota;c__Thorarchaeia;o__Thorarchaeales;f__Thorarchaeaceae;g__MP8T-1;s__	taxonomic classification defined by topology and ANI	topological placement and ANI have congruent species assignments	GCA_018238205.1, s__MP8T-1 sp018238205, 95.0, 92.93, 0.36; GCA_018238825.1, s__MP8T-1 sp018238825, 95.0, 92.7, 0.287	36.18	11	N/A	N/A
GCA_023142255_1_ASM2314225v1	d__Archaea;p__Asgardarchaeota;c__Heimdallarchaeia;o__Heimdallarchaeales;f__Heimdallarchaeaceae;g__UBA460;s__	N/A	N/A	N/A	N/A	N/A	GCA_030611665.1	95.0	d__Archaea;p__Asgardarchaeota;c__Heimdallarchaeia;o__Heimdallarchaeales;f__Heimdallarchaeaceae;g__UBA460;s__UBA460 sp030611665	93.77	0.357	d__Archaea;p__Asgardarchaeota;c__Heimdallarchaeia;o__Heimdallarchaeales;f__Heimdallarchaeaceae;g__UBA460;s__	taxonomic classification defined by topology and ANI	N/A	GCA_023705945.1, s__UBA460 sp023705945, 95.0, 92.51, 0.251; GCA_030668875.1, s__UBA460 sp030668875, 95.0, 91.32, 0.163; GCA_018238545.1, s__UBA460 sp018238545, 95.0, 91.23, 0.21	53.46	11	0.98676	N/A
GCA_023143835_1_ASM2314383v1	d__Archaea;p__Asgardarchaeota;c__Sifarchaeia;o__Borrarchaeales;f__Borrarchaeaceae;g__Borrarchaeum;s__Borrarchaeum sp016840315	GCA_016840315.1	95.0	d__Archaea;p__Asgardarchaeota;c__Sifarchaeia;o__Borrarchaeales;f__Borrarchaeaceae;g__Borrarchaeum;s__Borrarchaeum sp016840315	98.62	0.556	GCA_016840315.1	95.0	d__Archaea;p__Asgardarchaeota;c__Sifarchaeia;o__Borrarchaeales;f__Borrarchaeaceae;g__Borrarchaeum;s__Borrarchaeum sp016840315	98.62	0.556	d__Archaea;p__Asgardarchaeota;c__Sifarchaeia;o__Borrarchaeales;f__Borrarchaeaceae;g__Borrarchaeum;s__	taxonomic classification defined by topology and ANI	topological placement and ANI have congruent species assignments	N/A	65.21	11	N/A	N/A
GCA_023270155_1_ASM2327015v1	d__Archaea;p__Asgardarchaeota;c__Heimdallarchaeia;o__Heimdallarchaeales;f__Heimdallarchaeaceae;g__UBA460;s__UBA460 sp023270155	GCA_023270155.1	95.0	d__Archaea;p__Asgardarchaeota;c__Heimdallarchaeia;o__Heimdallarchaeales;f__Heimdallarchaeaceae;g__UBA460;s__UBA460 sp023270155	100.0	0.998	GCA_023270155.1	95.0	d__Archaea;p__Asgardarchaeota;c__Heimdallarchaeia;o__Heimdallarchaeales;f__Heimdallarchaeaceae;g__UBA460;s__UBA460 sp023270155	100.0	0.998	d__Archaea;p__Asgardarchaeota;c__Heimdallarchaeia;o__Heimdallarchaeales;f__Heimdallarchaeaceae;g__UBA460;s__	taxonomic classification defined by topology and ANI	topological placement and ANI have congruent species assignments	GCA_030631995.1, s__UBA460 sp030631995, 95.0, 91.24, 0.692; GCA_013166775.1, s__UBA460 sp013166775, 95.0, 87.9, 0.473	88.56	11	N/A	N/A
GCA_024275415_1_ASM2427541v1	d__Archaea;p__Asgardarchaeota;c__Thorarchaeia;o__Thorarchaeales;f__Thorarchaeaceae;g__MP5-2226;s__MP5-2226 sp024275415	GCA_024275415.1	95.0	d__Archaea;p__Asgardarchaeota;c__Thorarchaeia;o__Thorarchaeales;f__Thorarchaeaceae;g__MP5-2226;s__MP5-2226 sp024275415	100.0	0.999	GCA_024275415.1	95.0	d__Archaea;p__Asgardarchaeota;c__Thorarchaeia;o__Thorarchaeales;f__Thorarchaeaceae;g__MP5-2226;s__MP5-2226 sp024275415	100.0	0.999	d__Archaea;p__Asgardarchaeota;c__Thorarchaeia;o__Thorarchaeales;f__Thorarchaeaceae;g__MP5-2226;s__	taxonomic classification defined by topology and ANI	topological placement and ANI have congruent species assignments	N/A	79.57	11	N/A	N/A
GCA_024276395_1_ASM2427639v1	d__Archaea;p__Asgardarchaeota;c__Heimdallarchaeia;o__Hodarchaeales;f__S146-22;g__JAJRXH01;s__JAJRXH01 sp024276395	GCA_024276395.1	95.0	d__Archaea;p__Asgardarchaeota;c__Heimdallarchaeia;o__Hodarchaeales;f__S146-22;g__JAJRXH01;s__JAJRXH01 sp024276395	100.0	0.998	GCA_024276395.1	95.0	d__Archaea;p__Asgardarchaeota;c__Heimdallarchaeia;o__Hodarchaeales;f__S146-22;g__JAJRXH01;s__JAJRXH01 sp024276395	100.0	0.998	d__Archaea;p__Asgardarchaeota;c__Heimdallarchaeia;o__Hodarchaeales;f__S146-22;g__;s__	taxonomic classification defined by topology and ANI	topological placement and ANI have congruent species assignments	N/A	70.84	11	N/A	N/A
GCA_024276795_1_ASM2427679v1	d__Archaea;p__Asgardarchaeota;c__Heimdallarchaeia;o__Heimdallarchaeales;f__JAJRWK01;g__JAJRWK01;s__JAJRWK01 sp024276795	GCA_024276795.1	95.0	d__Archaea;p__Asgardarchaeota;c__Heimdallarchaeia;o__Heimdallarchaeales;f__JAJRWK01;g__JAJRWK01;s__JAJRWK01 sp024276795	100.0	0.997	GCA_024276795.1	95.0	d__Archaea;p__Asgardarchaeota;c__Heimdallarchaeia;o__Heimdallarchaeales;f__JAJRWK01;g__JAJRWK01;s__JAJRWK01 sp024276795	100.0	0.997	d__Archaea;p__Asgardarchaeota;c__Heimdallarchaeia;o__Heimdallarchaeales;f__JAJRWK01;g__JAJRWK01;s__	taxonomic classification defined by topology and ANI	topological placement and ANI have congruent species assignments	N/A	71.19	11	N/A	N/A
GCA_024276825_1_ASM2427682v1	d__Archaea;p__Asgardarchaeota;c__Thorarchaeia;o__Thorarchaeales;f__Thorarchaeaceae;g__JAJRWI01;s__JAJRWI01 sp024276825	GCA_024276825.1	95.0	d__Archaea;p__Asgardarchaeota;c__Thorarchaeia;o__Thorarchaeales;f__Thorarchaeaceae;g__JAJRWI01;s__JAJRWI01 sp024276825	100.0	1.0	GCA_024276825.1	95.0	d__Archaea;p__Asgardarchaeota;c__Thorarchaeia;o__Thorarchaeales;f__Thorarchaeaceae;g__JAJRWI01;s__JAJRWI01 sp024276825	100.0	1.0	d__Archaea;p__Asgardarchaeota;c__Thorarchaeia;o__Thorarchaeales;f__Thorarchaeaceae;g__JAJRWI01;s__	taxonomic classification defined by topology and ANI	topological placement and ANI have congruent species assignments	N/A	90.39	11	N/A	N/A
GCA_024278115_1_ASM2427811v1	d__Archaea;p__Asgardarchaeota;c__Heimdallarchaeia;o__Heimdallarchaeales;f__Kariarchaeaceae;g__JAJRQD01;s__JAJRQD01 sp024280435	GCA_024280435.1	95.0	d__Archaea;p__Asgardarchaeota;c__Heimdallarchaeia;o__Heimdallarchaeales;f__Kariarchaeaceae;g__JAJRQD01;s__JAJRQD01 sp024280435	99.54	0.86	GCA_024280435.1	95.0	d__Archaea;p__Asgardarchaeota;c__Heimdallarchaeia;o__Heimdallarchaeales;f__Kariarchaeaceae;g__JAJRQD01;s__JAJRQD01 sp024280435	99.54	0.86	d__Archaea;p__Asgardarchaeota;c__Heimdallarchaeia;o__Heimdallarchaeales;f__Kariarchaeaceae;g__JAJRQD01;s__	taxonomic classification defined by topology and ANI	topological placement and ANI have congruent species assignments	N/A	65.62	11	N/A	N/A
GCA_024280435_1_ASM2428043v1	d__Archaea;p__Asgardarchaeota;c__Heimdallarchaeia;o__Heimdallarchaeales;f__Kariarchaeaceae;g__JAJRQD01;s__JAJRQD01 sp024280435	GCA_024280435.1	95.0	d__Archaea;p__Asgardarchaeota;c__Heimdallarchaeia;o__Heimdallarchaeales;f__Kariarchaeaceae;g__JAJRQD01;s__JAJRQD01 sp024280435	100.0	1.0	GCA_024280435.1	95.0	d__Archaea;p__Asgardarchaeota;c__Heimdallarchaeia;o__Heimdallarchaeales;f__Kariarchaeaceae;g__JAJRQD01;s__JAJRQD01 sp024280435	100.0	1.0	d__Archaea;p__Asgardarchaeota;c__Heimdallarchaeia;o__Heimdallarchaeales;f__Kariarchaeaceae;g__JAJRQD01;s__	taxonomic classification defined by topology and ANI	topological placement and ANI have congruent species assignments	N/A	82.56	11	N/A	N/A
GCA_024720815_1_ASM2472081v1	d__Archaea;p__Asgardarchaeota;c__Njordarchaeia;o__Njordarchaeales;f__Panguiarchaeaceae;g__Panguiarchaeum;s__Panguiarchaeum symbiosum	GCA_024720975.1	95.0	d__Archaea;p__Asgardarchaeota;c__Njordarchaeia;o__Njordarchaeales;f__Panguiarchaeaceae;g__Panguiarchaeum;s__Panguiarchaeum symbiosum	99.75	0.959	GCA_024720975.1	95.0	d__Archaea;p__Asgardarchaeota;c__Njordarchaeia;o__Njordarchaeales;f__Panguiarchaeaceae;g__Panguiarchaeum;s__Panguiarchaeum symbiosum	99.75	0.959	d__Archaea;p__Asgardarchaeota;c__Njordarchaeia;o__Njordarchaeales;f__Panguiarchaeaceae;g__Panguiarchaeum;s__	taxonomic classification defined by topology and ANI	topological placement and ANI have congruent species assignments	N/A	64.2	11	N/A	N/A
GCA_024720835_1_ASM2472083v1	d__Archaea;p__Asgardarchaeota;c__Njordarchaeia;o__Njordarchaeales;f__Panguiarchaeaceae;g__Panguiarchaeum;s__Panguiarchaeum symbiosum	GCA_024720975.1	95.0	d__Archaea;p__Asgardarchaeota;c__Njordarchaeia;o__Njordarchaeales;f__Panguiarchaeaceae;g__Panguiarchaeum;s__Panguiarchaeum symbiosum	99.03	0.841	GCA_024720975.1	95.0	d__Archaea;p__Asgardarchaeota;c__Njordarchaeia;o__Njordarchaeales;f__Panguiarchaeaceae;g__Panguiarchaeum;s__Panguiarchaeum symbiosum	99.03	0.841	d__Archaea;p__Asgardarchaeota;c__Njordarchaeia;o__Njordarchaeales;f__Panguiarchaeaceae;g__Panguiarchaeum;s__	taxonomic classification defined by topology and ANI	topological placement and ANI have congruent species assignments	N/A	49.33	11	N/A	N/A
GCA_024720855_1_ASM2472085v1	d__Archaea;p__Asgardarchaeota;c__Njordarchaeia;o__Njordarchaeales;f__Panguiarchaeaceae;g__Panguiarchaeum;s__Panguiarchaeum symbiosum	GCA_024720975.1	95.0	d__Archaea;p__Asgardarchaeota;c__Njordarchaeia;o__Njordarchaeales;f__Panguiarchaeaceae;g__Panguiarchaeum;s__Panguiarchaeum symbiosum	98.92	0.891	GCA_024720975.1	95.0	d__Archaea;p__Asgardarchaeota;c__Njordarchaeia;o__Njordarchaeales;f__Panguiarchaeaceae;g__Panguiarchaeum;s__Panguiarchaeum symbiosum	98.92	0.891	d__Archaea;p__Asgardarchaeota;c__Njordarchaeia;o__Njordarchaeales;f__Panguiarchaeaceae;g__Panguiarchaeum;s__	taxonomic classification defined by topology and ANI	topological placement and ANI have congruent species assignments	N/A	58.4	11	N/A	N/A
GCA_024720875_1_ASM2472087v1	d__Archaea;p__Asgardarchaeota;c__Njordarchaeia;o__Njordarchaeales;f__Panguiarchaeaceae;g__Panguiarchaeum;s__Panguiarchaeum symbiosum	GCA_024720975.1	95.0	d__Archaea;p__Asgardarchaeota;c__Njordarchaeia;o__Njordarchaeales;f__Panguiarchaeaceae;g__Panguiarchaeum;s__Panguiarchaeum symbiosum	99.76	0.971	GCA_024720975.1	95.0	d__Archaea;p__Asgardarchaeota;c__Njordarchaeia;o__Njordarchaeales;f__Panguiarchaeaceae;g__Panguiarchaeum;s__Panguiarchaeum symbiosum	99.76	0.971	d__Archaea;p__Asgardarchaeota;c__Njordarchaeia;o__Njordarchaeales;f__Panguiarchaeaceae;g__Panguiarchaeum;s__	taxonomic classification defined by topology and ANI	topological placement and ANI have congruent species assignments	N/A	64.23	11	N/A	N/A
GCA_024720895_1_ASM2472089v1	d__Archaea;p__Asgardarchaeota;c__Njordarchaeia;o__Njordarchaeales;f__Panguiarchaeaceae;g__Panguiarchaeum;s__Panguiarchaeum symbiosum	GCA_024720975.1	95.0	d__Archaea;p__Asgardarchaeota;c__Njordarchaeia;o__Njordarchaeales;f__Panguiarchaeaceae;g__Panguiarchaeum;s__Panguiarchaeum symbiosum	98.91	0.889	GCA_024720975.1	95.0	d__Archaea;p__Asgardarchaeota;c__Njordarchaeia;o__Njordarchaeales;f__Panguiarchaeaceae;g__Panguiarchaeum;s__Panguiarchaeum symbiosum	98.91	0.889	d__Archaea;p__Asgardarchaeota;c__Njordarchaeia;o__Njordarchaeales;f__Panguiarchaeaceae;g__Panguiarchaeum;s__	taxonomic classification defined by topology and ANI	topological placement and ANI have congruent species assignments	N/A	64.23	11	N/A	N/A
GCA_024720915_1_ASM2472091v1	d__Archaea;p__Asgardarchaeota;c__Njordarchaeia;o__Njordarchaeales;f__Panguiarchaeaceae;g__Panguiarchaeum;s__Panguiarchaeum symbiosum	GCA_024720975.1	95.0	d__Archaea;p__Asgardarchaeota;c__Njordarchaeia;o__Njordarchaeales;f__Panguiarchaeaceae;g__Panguiarchaeum;s__Panguiarchaeum symbiosum	99.74	0.944	GCA_024720975.1	95.0	d__Archaea;p__Asgardarchaeota;c__Njordarchaeia;o__Njordarchaeales;f__Panguiarchaeaceae;g__Panguiarchaeum;s__Panguiarchaeum symbiosum	99.74	0.944	d__Archaea;p__Asgardarchaeota;c__Njordarchaeia;o__Njordarchaeales;f__Panguiarchaeaceae;g__Panguiarchaeum;s__	taxonomic classification defined by topology and ANI	topological placement and ANI have congruent species assignments	N/A	60.95	11	N/A	N/A
GCA_024720935_1_ASM2472093v1	d__Archaea;p__Asgardarchaeota;c__Njordarchaeia;o__Njordarchaeales;f__Panguiarchaeaceae;g__Panguiarchaeum;s__Panguiarchaeum symbiosum	GCA_024720975.1	95.0	d__Archaea;p__Asgardarchaeota;c__Njordarchaeia;o__Njordarchaeales;f__Panguiarchaeaceae;g__Panguiarchaeum;s__Panguiarchaeum symbiosum	99.74	0.955	GCA_024720975.1	95.0	d__Archaea;p__Asgardarchaeota;c__Njordarchaeia;o__Njordarchaeales;f__Panguiarchaeaceae;g__Panguiarchaeum;s__Panguiarchaeum symbiosum	99.74	0.955	d__Archaea;p__Asgardarchaeota;c__Njordarchaeia;o__Njordarchaeales;f__Panguiarchaeaceae;g__Panguiarchaeum;s__	taxonomic classification defined by topology and ANI	topological placement and ANI have congruent species assignments	N/A	64.23	11	N/A	N/A
GCA_024720955_1_ASM2472095v1	d__Archaea;p__Asgardarchaeota;c__Njordarchaeia;o__Njordarchaeales;f__Panguiarchaeaceae;g__Panguiarchaeum;s__Panguiarchaeum symbiosum	GCA_024720975.1	95.0	d__Archaea;p__Asgardarchaeota;c__Njordarchaeia;o__Njordarchaeales;f__Panguiarchaeaceae;g__Panguiarchaeum;s__Panguiarchaeum symbiosum	98.72	0.912	GCA_024720975.1	95.0	d__Archaea;p__Asgardarchaeota;c__Njordarchaeia;o__Njordarchaeales;f__Panguiarchaeaceae;g__Panguiarchaeum;s__Panguiarchaeum symbiosum	98.72	0.912	d__Archaea;p__Asgardarchaeota;c__Njordarchaeia;o__Njordarchaeales;f__Panguiarchaeaceae;g__Panguiarchaeum;s__	taxonomic classification defined by topology and ANI	topological placement and ANI have congruent species assignments	N/A	63.26	11	N/A	N/A
GCA_024720975_1_ASM2472097v1	d__Archaea;p__Asgardarchaeota;c__Njordarchaeia;o__Njordarchaeales;f__Panguiarchaeaceae;g__Panguiarchaeum;s__Panguiarchaeum symbiosum	GCA_024720975.1	95.0	d__Archaea;p__Asgardarchaeota;c__Njordarchaeia;o__Njordarchaeales;f__Panguiarchaeaceae;g__Panguiarchaeum;s__Panguiarchaeum symbiosum	99.99	0.999	GCA_024720975.1	95.0	d__Archaea;p__Asgardarchaeota;c__Njordarchaeia;o__Njordarchaeales;f__Panguiarchaeaceae;g__Panguiarchaeum;s__Panguiarchaeum symbiosum	99.99	0.999	d__Archaea;p__Asgardarchaeota;c__Njordarchaeia;o__Njordarchaeales;f__Panguiarchaeaceae;g__Panguiarchaeum;s__	taxonomic classification defined by topology and ANI	topological placement and ANI have congruent species assignments	N/A	65.93	11	N/A	N/A
GCA_024720985_1_ASM2472098v1	d__Archaea;p__Asgardarchaeota;c__Njordarchaeia;o__Njordarchaeales;f__Panguiarchaeaceae;g__Panguiarchaeum;s__Panguiarchaeum symbiosum	GCA_024720975.1	95.0	d__Archaea;p__Asgardarchaeota;c__Njordarchaeia;o__Njordarchaeales;f__Panguiarchaeaceae;g__Panguiarchaeum;s__Panguiarchaeum symbiosum	99.76	0.954	GCA_024720975.1	95.0	d__Archaea;p__Asgardarchaeota;c__Njordarchaeia;o__Njordarchaeales;f__Panguiarchaeaceae;g__Panguiarchaeum;s__Panguiarchaeum symbiosum	99.76	0.954	d__Archaea;p__Asgardarchaeota;c__Njordarchaeia;o__Njordarchaeales;f__Panguiarchaeaceae;g__Panguiarchaeum;s__	taxonomic classification defined by topology and ANI	topological placement and ANI have congruent species assignments	N/A	64.23	11	N/A	N/A
JZ_bin_50	d__Archaea;p__Asgardarchaeota;c__Jordiarchaeia;o__Jordiarchaeales;f__Freyrarchaeaceae;g__DTBI01;s__DTBI01 sp019057715	GCA_038858525.1	95.0	d__Archaea;p__Asgardarchaeota;c__Jordiarchaeia;o__Jordiarchaeales;f__Freyrarchaeaceae;g__DTBI01;s__DTBI01 sp019057715	99.88	0.914	GCA_038858525.1	95.0	d__Archaea;p__Asgardarchaeota;c__Jordiarchaeia;o__Jordiarchaeales;f__Freyrarchaeaceae;g__DTBI01;s__DTBI01 sp019057715	99.88	0.914	d__Archaea;p__Asgardarchaeota;c__Jordiarchaeia;o__Jordiarchaeales;f__Freyrarchaeaceae;g__DTBI01;s__	taxonomic classification defined by topology and ANI	topological placement and ANI have congruent species assignments	N/A	92.73	11	N/A	N/A
M288	d__Archaea;p__Asgardarchaeota;c__Njordarchaeia;o__Njordarchaeales;f__Njordarchaeaceae;g__JAHQWF01;s__JAHQWF01 sp026993975	GCA_026993975.1	95.0	d__Archaea;p__Asgardarchaeota;c__Njordarchaeia;o__Njordarchaeales;f__Njordarchaeaceae;g__JAHQWF01;s__JAHQWF01 sp026993975	99.99	0.911	GCA_026993975.1	95.0	d__Archaea;p__Asgardarchaeota;c__Njordarchaeia;o__Njordarchaeales;f__Njordarchaeaceae;g__JAHQWF01;s__JAHQWF01 sp026993975	99.99	0.911	d__Archaea;p__Asgardarchaeota;c__Njordarchaeia;o__Njordarchaeales;f__Njordarchaeaceae;g__JAHQWF01;s__	taxonomic classification defined by topology and ANI	topological placement and ANI have congruent species assignments	N/A	62.8	11	N/A	N/A
M3_10_Bin_237	d__Archaea;p__Asgardarchaeota;c__Thorarchaeia;o__Thorarchaeales;f__Thorarchaeaceae;g__;s__	N/A	N/A	N/A	N/A	N/A	N/A	N/A	N/A	N/A	N/A	d__Archaea;p__Asgardarchaeota;c__Thorarchaeia;o__Thorarchaeales;f__Thorarchaeaceae;g__;s__	taxonomic novelty determined using RED	N/A	N/A	48.85	11	0.87177	N/A
M3_30_Bin_130	d__Archaea;p__Asgardarchaeota;c__Heimdallarchaeia;o__Hodarchaeales;f__Hodarchaeaceae;g__Hodarchaeum;s__Hodarchaeum sp016839785	GCA_016839785.1	95.0	d__Archaea;p__Asgardarchaeota;c__Heimdallarchaeia;o__Hodarchaeales;f__Hodarchaeaceae;g__Hodarchaeum;s__Hodarchaeum sp016839785	97.29	0.732	GCA_016839785.1	95.0	d__Archaea;p__Asgardarchaeota;c__Heimdallarchaeia;o__Hodarchaeales;f__Hodarchaeaceae;g__Hodarchaeum;s__Hodarchaeum sp016839785	97.29	0.732	d__Archaea;p__Asgardarchaeota;c__Heimdallarchaeia;o__Hodarchaeales;f__Hodarchaeaceae;g__Hodarchaeum;s__	taxonomic classification defined by topology and ANI	topological placement and ANI have congruent species assignments	N/A	81.65	11	N/A	N/A
M3_30_Bin_136	d__Archaea;p__Asgardarchaeota;c__Thorarchaeia;o__Thorarchaeales;f__Thorarchaeaceae;g__SMTZ1-45;s__	N/A	N/A	N/A	N/A	N/A	N/A	N/A	N/A	N/A	N/A	d__Archaea;p__Asgardarchaeota;c__Thorarchaeia;o__Thorarchaeales;f__Thorarchaeaceae;g__SMTZ1-45;s__	taxonomic classification fully defined by topology	N/A	N/A	85.88	11	0.97218	N/A
M3_30_Bin_143	d__Archaea;p__Asgardarchaeota;c__Heimdallarchaeia;o__Heimdallarchaeales;f__Kariarchaeaceae;g__LC-2;s__	N/A	N/A	N/A	N/A	N/A	N/A	N/A	N/A	N/A	N/A	d__Archaea;p__Asgardarchaeota;c__Heimdallarchaeia;o__Heimdallarchaeales;f__Kariarchaeaceae;g__;s__	taxonomic novelty determined using RED	N/A	N/A	39.15	11	0.88809	N/A
M3_30_Bin_165	d__Archaea;p__Asgardarchaeota;c__Heimdallarchaeia;o__Hodarchaeales;f__Hodarchaeaceae;g__Hodarchaeum;s__	N/A	N/A	N/A	N/A	N/A	N/A	N/A	N/A	N/A	N/A	d__Archaea;p__Asgardarchaeota;c__Heimdallarchaeia;o__Hodarchaeales;f__Hodarchaeaceae;g__Hodarchaeum;s__	taxonomic classification fully defined by topology	N/A	N/A	65.95	11	0.94246	N/A
M3_30_Bin_210	d__Archaea;p__Asgardarchaeota;c__Heimdallarchaeia;o__Hodarchaeales;f__Hodarchaeaceae;g__Hodarchaeum;s__	N/A	N/A	N/A	N/A	N/A	N/A	N/A	N/A	N/A	N/A	d__Archaea;p__Asgardarchaeota;c__Heimdallarchaeia;o__Hodarchaeales;f__Hodarchaeaceae;g__Hodarchaeum;s__	taxonomic classification fully defined by topology	N/A	N/A	83.68	11	0.88569	N/A
M3_30_Bin_238	d__Archaea;p__Asgardarchaeota;c__Thorarchaeia;o__Thorarchaeales;f__Thorarchaeaceae;g__SMTZ1-83;s__	N/A	N/A	N/A	N/A	N/A	N/A	N/A	N/A	N/A	N/A	d__Archaea;p__Asgardarchaeota;c__Thorarchaeia;o__Thorarchaeales;f__Thorarchaeaceae;g__SMTZ1-83;s__	taxonomic classification fully defined by topology	N/A	N/A	91.74	11	0.98117	N/A
M3_30_Bin_242	d__Archaea;p__Asgardarchaeota;c__Thorarchaeia;o__Thorarchaeales;f__Thorarchaeaceae;g__;s__	N/A	N/A	N/A	N/A	N/A	N/A	N/A	N/A	N/A	N/A	d__Archaea;p__Asgardarchaeota;c__Thorarchaeia;o__Thorarchaeales;f__Thorarchaeaceae;g__;s__	taxonomic novelty determined using RED	N/A	N/A	72.22	11	0.87075	N/A
M3_30_Bin_276	d__Archaea;p__Asgardarchaeota;c__Heimdallarchaeia;o__Hodarchaeales;f__Hodarchaeaceae;g__Hodarchaeum;s__	N/A	N/A	N/A	N/A	N/A	N/A	N/A	N/A	N/A	N/A	d__Archaea;p__Asgardarchaeota;c__Heimdallarchaeia;o__Hodarchaeales;f__Hodarchaeaceae;g__Hodarchaeum;s__	taxonomic classification fully defined by topology	N/A	N/A	75.38	11	0.94124	N/A
M3_30_Bin_286	d__Archaea;p__Asgardarchaeota;c__Thorarchaeia;o__Thorarchaeales;f__Thorarchaeaceae;g__SMTZ1-45;s__	N/A	N/A	N/A	N/A	N/A	GCA_001940705.1	95.0	d__Archaea;p__Asgardarchaeota;c__Thorarchaeia;o__Thorarchaeales;f__Thorarchaeaceae;g__SMTZ1-45;s__SMTZ1-45 sp001940705	90.72	0.35	d__Archaea;p__Asgardarchaeota;c__Thorarchaeia;o__Thorarchaeales;f__Thorarchaeaceae;g__SMTZ1-45;s__	taxonomic classification defined by topology and ANI	N/A	N/A	48.55	11	0.98711	N/A
M3_30_Bin_336	d__Archaea;p__Asgardarchaeota;c__Heimdallarchaeia;o__Heimdallarchaeales;f__Heimdallarchaeaceae;g__UBA460;s__	N/A	N/A	N/A	N/A	N/A	GCA_023270155.1	95.0	d__Archaea;p__Asgardarchaeota;c__Heimdallarchaeia;o__Heimdallarchaeales;f__Heimdallarchaeaceae;g__UBA460;s__UBA460 sp023270155	91.82	0.484	d__Archaea;p__Asgardarchaeota;c__Heimdallarchaeia;o__Heimdallarchaeales;f__Heimdallarchaeaceae;g__UBA460;s__	taxonomic classification defined by topology and ANI	N/A	GCA_030631995.1, s__UBA460 sp030631995, 95.0, 90.28, 0.468; GCA_013166775.1, s__UBA460 sp013166775, 95.0, 89.4, 0.354	84.5	11	0.99056	N/A
M3_30_Bin_353	d__Archaea;p__Asgardarchaeota;c__Heimdallarchaeia;o__Hodarchaeales;f__Hodarchaeaceae;g__Hodarchaeum;s__	N/A	N/A	N/A	N/A	N/A	N/A	N/A	N/A	N/A	N/A	d__Archaea;p__Asgardarchaeota;c__Heimdallarchaeia;o__Hodarchaeales;f__Hodarchaeaceae;g__Hodarchaeum;s__	taxonomic classification fully defined by topology	N/A	N/A	60.37	11	0.92869	N/A
M3_30_Bin_364	d__Archaea;p__Asgardarchaeota;c__Heimdallarchaeia;o__Hodarchaeales;f__;g__;s__	N/A	N/A	N/A	N/A	N/A	N/A	N/A	N/A	N/A	N/A	d__Archaea;p__Asgardarchaeota;c__Heimdallarchaeia;o__;f__;g__;s__	taxonomic novelty determined using RED	N/A	N/A	76.38	11	0.55815	N/A
M3_30_Bin_42	d__Archaea;p__Asgardarchaeota;c__Heimdallarchaeia;o__Hodarchaeales;f__;g__;s__	N/A	N/A	N/A	N/A	N/A	N/A	N/A	N/A	N/A	N/A	d__Archaea;p__Asgardarchaeota;c__Heimdallarchaeia;o__Hodarchaeales;f__;g__;s__	taxonomic novelty determined using RED	N/A	N/A	80.97	11	0.62835	N/A
M3_30_Bin_48	d__Archaea;p__Asgardarchaeota;c__Lokiarchaeia;o__Sigynarchaeales;f__SOKP01;g__Loki-b32;s__	N/A	N/A	N/A	N/A	N/A	N/A	N/A	N/A	N/A	N/A	d__Archaea;p__Asgardarchaeota;c__Lokiarchaeia;o__Sigynarchaeales;f__SOKP01;g__Loki-b32;s__	taxonomic classification fully defined by topology	N/A	N/A	49.14	11	0.93951	N/A
M3_30_Bin_73	d__Archaea;p__Asgardarchaeota;c__Thorarchaeia;o__Thorarchaeales;f__Thorarchaeaceae;g__;s__	N/A	N/A	N/A	N/A	N/A	N/A	N/A	N/A	N/A	N/A	d__Archaea;p__Asgardarchaeota;c__Thorarchaeia;o__Thorarchaeales;f__Thorarchaeaceae;g__;s__	taxonomic novelty determined using RED	N/A	N/A	75.33	11	0.87048	N/A
M3_38_Bin_107	d__Archaea;p__Asgardarchaeota;c__Thorarchaeia;o__Thorarchaeales;f__Thorarchaeaceae;g__SMTZ1-83;s__	N/A	N/A	N/A	N/A	N/A	N/A	N/A	N/A	N/A	N/A	d__Archaea;p__Asgardarchaeota;c__Thorarchaeia;o__Thorarchaeales;f__Thorarchaeaceae;g__SMTZ1-83;s__	taxonomic classification fully defined by topology	N/A	N/A	87.45	11	0.98153	N/A
M3_38_Bin_135_clean	d__Archaea;p__Asgardarchaeota;c__Heimdallarchaeia;o__Hodarchaeales;f__Hodarchaeaceae;g__Hodarchaeum;s__	N/A	N/A	N/A	N/A	N/A	N/A	N/A	N/A	N/A	N/A	d__Archaea;p__Asgardarchaeota;c__Heimdallarchaeia;o__Hodarchaeales;f__Hodarchaeaceae;g__Hodarchaeum;s__	taxonomic classification fully defined by topology	N/A	N/A	65.47	11	0.94069	N/A
M3_38_Bin_151	d__Archaea;p__Asgardarchaeota;c__Thorarchaeia;o__Thorarchaeales;f__Thorarchaeaceae;g__;s__	N/A	N/A	N/A	N/A	N/A	N/A	N/A	N/A	N/A	N/A	d__Archaea;p__Asgardarchaeota;c__Thorarchaeia;o__Thorarchaeales;f__Thorarchaeaceae;g__;s__	taxonomic novelty determined using RED	N/A	N/A	53.09	11	0.86934	N/A
M3_38_Bin_171_clean	d__Archaea;p__Asgardarchaeota;c__Thorarchaeia;o__Thorarchaeales;f__Thorarchaeaceae;g__JAJRWI01;s__	N/A	N/A	N/A	N/A	N/A	N/A	N/A	N/A	N/A	N/A	d__Archaea;p__Asgardarchaeota;c__Thorarchaeia;o__Thorarchaeales;f__Thorarchaeaceae;g__JAJRWI01;s__	taxonomic classification fully defined by topology	N/A	N/A	82.62	11	0.96649	N/A
M3_38_Bin_173_clean	d__Archaea;p__Asgardarchaeota;c__Heimdallarchaeia;o__Hodarchaeales;f__;g__;s__	N/A	N/A	N/A	N/A	N/A	N/A	N/A	N/A	N/A	N/A	d__Archaea;p__Asgardarchaeota;c__Heimdallarchaeia;o__;f__;g__;s__	taxonomic novelty determined using RED	N/A	N/A	68.72	11	0.55176	N/A
M3_38_Bin_18	d__Archaea;p__Asgardarchaeota;c__Heimdallarchaeia;o__Hodarchaeales;f__;g__;s__	N/A	N/A	N/A	N/A	N/A	N/A	N/A	N/A	N/A	N/A	d__Archaea;p__Asgardarchaeota;c__Heimdallarchaeia;o__;f__;g__;s__	taxonomic novelty determined using RED	N/A	N/A	55.71	11	0.56094	N/A
M3_38_Bin_207	d__Archaea;p__Asgardarchaeota;c__Thorarchaeia;o__Thorarchaeales;f__Thorarchaeaceae;g__SMTZ1-45;s__	N/A	N/A	N/A	N/A	N/A	N/A	N/A	N/A	N/A	N/A	d__Archaea;p__Asgardarchaeota;c__Thorarchaeia;o__Thorarchaeales;f__Thorarchaeaceae;g__SMTZ1-45;s__	taxonomic classification fully defined by topology	N/A	N/A	63.31	11	0.96901	N/A
M3_38_Bin_22	d__Archaea;p__Asgardarchaeota;c__Heimdallarchaeia;o__Hodarchaeales;f__;g__;s__	N/A	N/A	N/A	N/A	N/A	N/A	N/A	N/A	N/A	N/A	d__Archaea;p__Asgardarchaeota;c__Heimdallarchaeia;o__;f__;g__;s__	taxonomic novelty determined using RED	N/A	N/A	49.27	11	0.54797	Genome has more than 13.2% of markers with multiple hits
M3_38_Bin_235	d__Archaea;p__Asgardarchaeota;c__Heimdallarchaeia;o__Heimdallarchaeales;f__Heimdallarchaeaceae;g__UBA460;s__	N/A	N/A	N/A	N/A	N/A	GCA_023270155.1	95.0	d__Archaea;p__Asgardarchaeota;c__Heimdallarchaeia;o__Heimdallarchaeales;f__Heimdallarchaeaceae;g__UBA460;s__UBA460 sp023270155	92.55	0.445	d__Archaea;p__Asgardarchaeota;c__Heimdallarchaeia;o__Heimdallarchaeales;f__Heimdallarchaeaceae;g__UBA460;s__	taxonomic classification defined by topology and ANI	N/A	GCA_030631995.1, s__UBA460 sp030631995, 95.0, 90.68, 0.372; GCA_013166775.1, s__UBA460 sp013166775, 95.0, 89.42, 0.319	72.1	11	0.99055	N/A
M3_38_Bin_28_clean	d__Archaea;p__Asgardarchaeota;c__Lokiarchaeia;o__Sigynarchaeales;f__SOKP01;g__Loki-b32;s__	N/A	N/A	N/A	N/A	N/A	GCA_016839705.1	95.0	d__Archaea;p__Asgardarchaeota;c__Lokiarchaeia;o__Sigynarchaeales;f__SOKP01;g__Loki-b32;s__Loki-b32 sp016839705	82.91	0.181	d__Archaea;p__Asgardarchaeota;c__Lokiarchaeia;o__Sigynarchaeales;f__SOKP01;g__Loki-b32;s__	taxonomic classification defined by topology and ANI	N/A	N/A	76.23	11	0.9715	N/A
M3_38_Bin_300	d__Archaea;p__Asgardarchaeota;c__Heimdallarchaeia;o__Hodarchaeales;f__Hodarchaeaceae;g__Hodarchaeum;s__	N/A	N/A	N/A	N/A	N/A	N/A	N/A	N/A	N/A	N/A	d__Archaea;p__Asgardarchaeota;c__Heimdallarchaeia;o__Hodarchaeales;f__Hodarchaeaceae;g__Hodarchaeum;s__	taxonomic classification fully defined by topology	N/A	N/A	62.07	11	0.9441	N/A
M3_38_Bin_305	d__Archaea;p__Asgardarchaeota;c__Heimdallarchaeia;o__Heimdallarchaeales;f__Kariarchaeaceae;g__LC-2;s__	N/A	N/A	N/A	N/A	N/A	N/A	N/A	N/A	N/A	N/A	d__Archaea;p__Asgardarchaeota;c__Heimdallarchaeia;o__Heimdallarchaeales;f__Kariarchaeaceae;g__;s__	taxonomic novelty determined using RED	N/A	N/A	73.24	11	0.89095	N/A
M3_38_Bin_335	d__Archaea;p__Asgardarchaeota;c__Thorarchaeia;o__Thorarchaeales;f__Thorarchaeaceae;g__SMTZ1-45;s__	N/A	N/A	N/A	N/A	N/A	N/A	N/A	N/A	N/A	N/A	d__Archaea;p__Asgardarchaeota;c__Thorarchaeia;o__Thorarchaeales;f__Thorarchaeaceae;g__SMTZ1-45;s__	taxonomic classification fully defined by topology	N/A	N/A	86.11	11	0.97213	N/A
M3_38_Bin_337	d__Archaea;p__Asgardarchaeota;c__Lokiarchaeia;o__Sigynarchaeales;f__SOKP01;g__Loki-b32;s__	N/A	N/A	N/A	N/A	N/A	GCA_016839705.1	95.0	d__Archaea;p__Asgardarchaeota;c__Lokiarchaeia;o__Sigynarchaeales;f__SOKP01;g__Loki-b32;s__Loki-b32 sp016839705	84.99	0.299	d__Archaea;p__Asgardarchaeota;c__Lokiarchaeia;o__Sigynarchaeales;f__SOKP01;g__Loki-b32;s__	taxonomic classification defined by topology and ANI	N/A	N/A	74.05	11	0.98057	N/A
M3_38_Bin_361	d__Archaea;p__Asgardarchaeota;c__Heimdallarchaeia;o__Hodarchaeales;f__Hodarchaeaceae;g__Hodarchaeum;s__	N/A	N/A	N/A	N/A	N/A	N/A	N/A	N/A	N/A	N/A	d__Archaea;p__Asgardarchaeota;c__Heimdallarchaeia;o__Hodarchaeales;f__Hodarchaeaceae;g__Hodarchaeum;s__	taxonomic classification fully defined by topology	N/A	N/A	87.61	11	0.88716	N/A
M3_38_Bin_366_clean	d__Archaea;p__Asgardarchaeota;c__Heimdallarchaeia;o__Hodarchaeales;f__Hodarchaeaceae;g__Hodarchaeum;s__	N/A	N/A	N/A	N/A	N/A	N/A	N/A	N/A	N/A	N/A	d__Archaea;p__Asgardarchaeota;c__Heimdallarchaeia;o__Hodarchaeales;f__Hodarchaeaceae;g__Hodarchaeum;s__	taxonomic classification fully defined by topology	N/A	N/A	86.54	11	0.88694	N/A
M3_38_Bin_376	d__Archaea;p__Asgardarchaeota;c__Thorarchaeia;o__Thorarchaeales;f__Thorarchaeaceae;g__;s__	N/A	N/A	N/A	N/A	N/A	N/A	N/A	N/A	N/A	N/A	d__Archaea;p__Asgardarchaeota;c__Thorarchaeia;o__Thorarchaeales;f__Thorarchaeaceae;g__;s__	taxonomic novelty determined using RED	N/A	N/A	58.25	11	0.87986	N/A
M3_38_Bin_380_clean	d__Archaea;p__Asgardarchaeota;c__Lokiarchaeia;o__Sigynarchaeales;f__SOKP01;g__SOKP01;s__	N/A	N/A	N/A	N/A	N/A	N/A	N/A	N/A	N/A	N/A	d__Archaea;p__Asgardarchaeota;c__Lokiarchaeia;o__Sigynarchaeales;f__SOKP01;g__SOKP01;s__	taxonomic classification fully defined by topology	N/A	N/A	54.56	11	0.98461	N/A
M3_38_Bin_382	d__Archaea;p__Asgardarchaeota;c__Thorarchaeia;o__Thorarchaeales;f__Thorarchaeaceae;g__SMTZ1-83;s__	N/A	N/A	N/A	N/A	N/A	GCA_016839605.1	95.0	d__Archaea;p__Asgardarchaeota;c__Thorarchaeia;o__Thorarchaeales;f__Thorarchaeaceae;g__SMTZ1-83;s__SMTZ1-83 sp016839605	88.87	0.216	d__Archaea;p__Asgardarchaeota;c__Thorarchaeia;o__Thorarchaeales;f__Thorarchaeaceae;g__SMTZ1-83;s__	taxonomic classification defined by topology and ANI	N/A	N/A	51.86	11	0.98594	N/A
M3_38_Bin_386_clean	d__Archaea;p__Asgardarchaeota;c__Heimdallarchaeia;o__Heimdallarchaeales;f__Kariarchaeaceae;g__LC-2;s__	N/A	N/A	N/A	N/A	N/A	N/A	N/A	N/A	N/A	N/A	d__Archaea;p__Asgardarchaeota;c__Heimdallarchaeia;o__Heimdallarchaeales;f__Kariarchaeaceae;g__;s__	taxonomic novelty determined using RED	N/A	N/A	40.65	11	0.91615	N/A
M3_38_Bin_406	d__Archaea;p__Asgardarchaeota;c__Lokiarchaeia;o__Sigynarchaeales;f__SOKP01;g__Loki-b32;s__	N/A	N/A	N/A	N/A	N/A	N/A	N/A	N/A	N/A	N/A	d__Archaea;p__Asgardarchaeota;c__Lokiarchaeia;o__Sigynarchaeales;f__SOKP01;g__Loki-b32;s__	taxonomic classification fully defined by topology	N/A	N/A	88.54	11	0.93876	N/A
M3_38_Bin_423	d__Archaea;p__Asgardarchaeota;c__Thorarchaeia;o__Thorarchaeales;f__Thorarchaeaceae;g__SMTZ1-45;s__	N/A	N/A	N/A	N/A	N/A	N/A	N/A	N/A	N/A	N/A	d__Archaea;p__Asgardarchaeota;c__Thorarchaeia;o__Thorarchaeales;f__Thorarchaeaceae;g__SMTZ1-45;s__	taxonomic classification fully defined by topology	N/A	N/A	80.23	11	0.97279	N/A
M3_38_Bin_438	d__Archaea;p__Asgardarchaeota;c__Heimdallarchaeia;o__Hodarchaeales;f__Hodarchaeaceae;g__Hodarchaeum;s__Hodarchaeum sp016839785	GCA_016839785.1	95.0	d__Archaea;p__Asgardarchaeota;c__Heimdallarchaeia;o__Hodarchaeales;f__Hodarchaeaceae;g__Hodarchaeum;s__Hodarchaeum sp016839785	97.16	0.764	GCA_016839785.1	95.0	d__Archaea;p__Asgardarchaeota;c__Heimdallarchaeia;o__Hodarchaeales;f__Hodarchaeaceae;g__Hodarchaeum;s__Hodarchaeum sp016839785	97.16	0.764	d__Archaea;p__Asgardarchaeota;c__Heimdallarchaeia;o__Hodarchaeales;f__Hodarchaeaceae;g__Hodarchaeum;s__	taxonomic classification defined by topology and ANI	topological placement and ANI have congruent species assignments	N/A	85.18	11	N/A	N/A
M3_38_Bin_452	d__Archaea;p__Asgardarchaeota;c__Heimdallarchaeia;o__Hodarchaeales;f__Hodarchaeaceae;g__Hodarchaeum;s__	N/A	N/A	N/A	N/A	N/A	N/A	N/A	N/A	N/A	N/A	d__Archaea;p__Asgardarchaeota;c__Heimdallarchaeia;o__Hodarchaeales;f__Hodarchaeaceae;g__Hodarchaeum;s__	taxonomic classification fully defined by topology	N/A	N/A	55.54	11	0.9734	N/A
M3_38_Bin_455_clean	d__Archaea;p__Asgardarchaeota;c__Heimdallarchaeia;o__Hodarchaeales;f__;g__;s__	N/A	N/A	N/A	N/A	N/A	N/A	N/A	N/A	N/A	N/A	d__Archaea;p__Asgardarchaeota;c__Heimdallarchaeia;o__Hodarchaeales;f__;g__;s__	taxonomic novelty determined using RED	N/A	N/A	79.79	11	0.62793	N/A
M3_38_Bin_77	d__Archaea;p__Asgardarchaeota;c__Heimdallarchaeia;o__Hodarchaeales;f__;g__;s__	N/A	N/A	N/A	N/A	N/A	N/A	N/A	N/A	N/A	N/A	d__Archaea;p__Asgardarchaeota;c__Heimdallarchaeia;o__;f__;g__;s__	taxonomic novelty determined using RED	N/A	N/A	74.57	11	0.56036	N/A
M3_38_Bin_97_clean	d__Archaea;p__Asgardarchaeota;c__Thorarchaeia;o__Thorarchaeales;f__Thorarchaeaceae;g__SMTZ1-83;s__	N/A	N/A	N/A	N/A	N/A	GCA_016839605.1	95.0	d__Archaea;p__Asgardarchaeota;c__Thorarchaeia;o__Thorarchaeales;f__Thorarchaeaceae;g__SMTZ1-83;s__SMTZ1-83 sp016839605	86.59	0.193	d__Archaea;p__Asgardarchaeota;c__Thorarchaeia;o__Thorarchaeales;f__Thorarchaeaceae;g__SMTZ1-83;s__	taxonomic classification defined by topology and ANI	N/A	N/A	47.74	11	0.98835	Genome has more than 11.3% of markers with multiple hits
M3_44_Bin_122	d__Archaea;p__Asgardarchaeota;c__Thorarchaeia;o__Thorarchaeales;f__Thorarchaeaceae;g__SMTZ1-45;s__	N/A	N/A	N/A	N/A	N/A	N/A	N/A	N/A	N/A	N/A	d__Archaea;p__Asgardarchaeota;c__Thorarchaeia;o__Thorarchaeales;f__Thorarchaeaceae;g__SMTZ1-45;s__	taxonomic classification fully defined by topology	N/A	N/A	88.63	11	0.97186	N/A
M3_44_Bin_131	d__Archaea;p__Asgardarchaeota;c__Heimdallarchaeia;o__Hodarchaeales;f__Hodarchaeaceae;g__Hodarchaeum;s__	N/A	N/A	N/A	N/A	N/A	N/A	N/A	N/A	N/A	N/A	d__Archaea;p__Asgardarchaeota;c__Heimdallarchaeia;o__Hodarchaeales;f__Hodarchaeaceae;g__Hodarchaeum;s__	taxonomic classification fully defined by topology	N/A	N/A	67.79	11	0.94136	N/A
M3_44_Bin_221	d__Archaea;p__Asgardarchaeota;c__Thorarchaeia;o__Thorarchaeales;f__Thorarchaeaceae;g__SMTZ1-83;s__	N/A	N/A	N/A	N/A	N/A	N/A	N/A	N/A	N/A	N/A	d__Archaea;p__Asgardarchaeota;c__Thorarchaeia;o__Thorarchaeales;f__Thorarchaeaceae;g__SMTZ1-83;s__	taxonomic classification fully defined by topology	N/A	N/A	88.8	11	0.98119	N/A
M3_44_Bin_237	d__Archaea;p__Asgardarchaeota;c__Thorarchaeia;o__Thorarchaeales;f__Thorarchaeaceae;g__SMTZ1-83;s__	N/A	N/A	N/A	N/A	N/A	GCA_016839605.1	95.0	d__Archaea;p__Asgardarchaeota;c__Thorarchaeia;o__Thorarchaeales;f__Thorarchaeaceae;g__SMTZ1-83;s__SMTZ1-83 sp016839605	85.58	0.239	d__Archaea;p__Asgardarchaeota;c__Thorarchaeia;o__Thorarchaeales;f__Thorarchaeaceae;g__SMTZ1-83;s__	taxonomic classification defined by topology and ANI	N/A	N/A	62.06	11	0.98597	N/A
M3_44_Bin_287	d__Archaea;p__Asgardarchaeota;c__Thorarchaeia;o__Thorarchaeales;f__Thorarchaeaceae;g__JAJRWI01;s__	N/A	N/A	N/A	N/A	N/A	N/A	N/A	N/A	N/A	N/A	d__Archaea;p__Asgardarchaeota;c__Thorarchaeia;o__Thorarchaeales;f__Thorarchaeaceae;g__JAJRWI01;s__	taxonomic classification fully defined by topology	N/A	N/A	71.64	11	0.96854	N/A
M3_44_Bin_299	d__Archaea;p__Asgardarchaeota;c__Lokiarchaeia;o__Sigynarchaeales;f__SOKP01;g__Loki-b32;s__	N/A	N/A	N/A	N/A	N/A	N/A	N/A	N/A	N/A	N/A	d__Archaea;p__Asgardarchaeota;c__Lokiarchaeia;o__Sigynarchaeales;f__SOKP01;g__Loki-b32;s__	taxonomic classification fully defined by topology	N/A	N/A	86.88	11	0.95354	N/A
M3_44_Bin_309	d__Archaea;p__Asgardarchaeota;c__Thorarchaeia;o__Thorarchaeales;f__Thorarchaeaceae;g__;s__	N/A	N/A	N/A	N/A	N/A	N/A	N/A	N/A	N/A	N/A	d__Archaea;p__Asgardarchaeota;c__Thorarchaeia;o__Thorarchaeales;f__Thorarchaeaceae;g__;s__	taxonomic novelty determined using RED	N/A	N/A	73.07	11	0.87165	N/A
M3_44_Bin_333	d__Archaea;p__Asgardarchaeota;c__Thorarchaeia;o__Thorarchaeales;f__Thorarchaeaceae;g__;s__	N/A	N/A	N/A	N/A	N/A	N/A	N/A	N/A	N/A	N/A	d__Archaea;p__Asgardarchaeota;c__Thorarchaeia;o__Thorarchaeales;f__Thorarchaeaceae;g__;s__	taxonomic novelty determined using RED	N/A	N/A	63.46	11	0.87008	N/A
M3_44_Bin_347	d__Archaea;p__Asgardarchaeota;c__Heimdallarchaeia;o__Hodarchaeales;f__Hodarchaeaceae;g__Hodarchaeum;s__	N/A	N/A	N/A	N/A	N/A	N/A	N/A	N/A	N/A	N/A	d__Archaea;p__Asgardarchaeota;c__Heimdallarchaeia;o__Hodarchaeales;f__Hodarchaeaceae;g__Hodarchaeum;s__	taxonomic classification fully defined by topology	N/A	N/A	89.06	11	0.88713	N/A
M3_44_Bin_361	d__Archaea;p__Asgardarchaeota;c__Thorarchaeia;o__Thorarchaeales;f__Thorarchaeaceae;g__SMTZ1-45;s__	N/A	N/A	N/A	N/A	N/A	N/A	N/A	N/A	N/A	N/A	d__Archaea;p__Asgardarchaeota;c__Thorarchaeia;o__Thorarchaeales;f__Thorarchaeaceae;g__SMTZ1-45;s__	taxonomic classification fully defined by topology	N/A	N/A	84.77	11	0.97212	N/A
M3_44_Bin_376	d__Archaea;p__Asgardarchaeota;c__Heimdallarchaeia;o__Hodarchaeales;f__Hodarchaeaceae;g__Hodarchaeum;s__	N/A	N/A	N/A	N/A	N/A	N/A	N/A	N/A	N/A	N/A	d__Archaea;p__Asgardarchaeota;c__Heimdallarchaeia;o__Hodarchaeales;f__Hodarchaeaceae;g__Hodarchaeum;s__	taxonomic classification fully defined by topology	N/A	N/A	82.6	11	0.94085	N/A
M3_44_Bin_378	d__Archaea;p__Asgardarchaeota;c__Heimdallarchaeia;o__Heimdallarchaeales;f__Kariarchaeaceae;g__LC-2;s__	N/A	N/A	N/A	N/A	N/A	N/A	N/A	N/A	N/A	N/A	d__Archaea;p__Asgardarchaeota;c__Heimdallarchaeia;o__Heimdallarchaeales;f__Kariarchaeaceae;g__;s__	taxonomic novelty determined using RED	N/A	N/A	66.11	11	0.89889	N/A
M3_44_Bin_429	d__Archaea;p__Asgardarchaeota;c__Thorarchaeia;o__Thorarchaeales;f__Thorarchaeaceae;g__SMTZ1-45;s__	N/A	N/A	N/A	N/A	N/A	N/A	N/A	N/A	N/A	N/A	d__Archaea;p__Asgardarchaeota;c__Thorarchaeia;o__Thorarchaeales;f__Thorarchaeaceae;g__SMTZ1-45;s__	taxonomic classification defined by topology and ANI	N/A	GCA_019894665.1, s__SMTZ1-45 sp019894665, 95.0, 84.36, 0.201; GCA_001940705.1, s__SMTZ1-45 sp001940705, 95.0, 84.36, 0.198	82.85	11	0.95811	N/A
M8_32_Bin_163	d__Archaea;p__Asgardarchaeota;c__Thorarchaeia;o__Thorarchaeales;f__Thorarchaeaceae;g__SMTZ1-45;s__	N/A	N/A	N/A	N/A	N/A	N/A	N/A	N/A	N/A	N/A	d__Archaea;p__Asgardarchaeota;c__Thorarchaeia;o__Thorarchaeales;f__Thorarchaeaceae;g__SMTZ1-45;s__	taxonomic classification fully defined by topology	N/A	N/A	81.52	11	0.9722	N/A
M8_32_Bin_172	d__Archaea;p__Asgardarchaeota;c__Lokiarchaeia;o__Sigynarchaeales;f__SOKP01;g__Loki-b32;s__	N/A	N/A	N/A	N/A	N/A	N/A	N/A	N/A	N/A	N/A	d__Archaea;p__Asgardarchaeota;c__Lokiarchaeia;o__Sigynarchaeales;f__SOKP01;g__Loki-b32;s__	taxonomic classification fully defined by topology	N/A	N/A	65.63	11	0.97061	N/A
M8_32_Bin_264	d__Archaea;p__Asgardarchaeota;c__Thorarchaeia;o__Thorarchaeales;f__Thorarchaeaceae;g__SMTZ1-45;s__	N/A	N/A	N/A	N/A	N/A	N/A	N/A	N/A	N/A	N/A	d__Archaea;p__Asgardarchaeota;c__Thorarchaeia;o__Thorarchaeales;f__Thorarchaeaceae;g__SMTZ1-45;s__	taxonomic classification fully defined by topology	N/A	N/A	77.77	11	0.97234	N/A
M8_32_Bin_293	d__Archaea;p__Asgardarchaeota;c__Thorarchaeia;o__Thorarchaeales;f__Thorarchaeaceae;g__;s__	N/A	N/A	N/A	N/A	N/A	N/A	N/A	N/A	N/A	N/A	d__Archaea;p__Asgardarchaeota;c__Thorarchaeia;o__Thorarchaeales;f__Thorarchaeaceae;g__;s__	taxonomic novelty determined using RED	N/A	N/A	52.98	11	0.86942	N/A
M8_44_Bin_141	d__Archaea;p__Asgardarchaeota;c__Thorarchaeia;o__Thorarchaeales;f__Thorarchaeaceae;g__;s__	N/A	N/A	N/A	N/A	N/A	N/A	N/A	N/A	N/A	N/A	d__Archaea;p__Asgardarchaeota;c__Thorarchaeia;o__Thorarchaeales;f__Thorarchaeaceae;g__;s__	taxonomic novelty determined using RED	N/A	N/A	66.82	11	0.87119	N/A
M8_44_Bin_15	d__Archaea;p__Asgardarchaeota;c__Lokiarchaeia;o__Sigynarchaeales;f__SOKP01;g__Loki-b32;s__	N/A	N/A	N/A	N/A	N/A	N/A	N/A	N/A	N/A	N/A	d__Archaea;p__Asgardarchaeota;c__Lokiarchaeia;o__Sigynarchaeales;f__SOKP01;g__Loki-b32;s__	taxonomic classification fully defined by topology	N/A	N/A	64.66	11	0.9534	N/A
M8_44_Bin_154	d__Archaea;p__Asgardarchaeota;c__Thorarchaeia;o__Thorarchaeales;f__Thorarchaeaceae;g__;s__	N/A	N/A	N/A	N/A	N/A	N/A	N/A	N/A	N/A	N/A	d__Archaea;p__Asgardarchaeota;c__Thorarchaeia;o__Thorarchaeales;f__Thorarchaeaceae;g__;s__	taxonomic novelty determined using RED	N/A	N/A	79.58	11	0.87182	N/A
M8_44_Bin_190	d__Archaea;p__Asgardarchaeota;c__Heimdallarchaeia;o__Hodarchaeales;f__Hodarchaeaceae;g__Hodarchaeum;s__	N/A	N/A	N/A	N/A	N/A	N/A	N/A	N/A	N/A	N/A	d__Archaea;p__Asgardarchaeota;c__Heimdallarchaeia;o__Hodarchaeales;f__Hodarchaeaceae;g__Hodarchaeum;s__	taxonomic classification fully defined by topology	N/A	N/A	70.19	11	0.94157	N/A
M8_44_Bin_202	d__Archaea;p__Asgardarchaeota;c__Thorarchaeia;o__Thorarchaeales;f__Thorarchaeaceae;g__SMTZ1-45;s__	N/A	N/A	N/A	N/A	N/A	N/A	N/A	N/A	N/A	N/A	d__Archaea;p__Asgardarchaeota;c__Thorarchaeia;o__Thorarchaeales;f__Thorarchaeaceae;g__SMTZ1-45;s__	taxonomic classification fully defined by topology	N/A	N/A	79.46	11	0.97246	N/A
M8_44_Bin_219	d__Archaea;p__Asgardarchaeota;c__Thorarchaeia;o__Thorarchaeales;f__Thorarchaeaceae;g__SMTZ1-45;s__	N/A	N/A	N/A	N/A	N/A	N/A	N/A	N/A	N/A	N/A	d__Archaea;p__Asgardarchaeota;c__Thorarchaeia;o__Thorarchaeales;f__Thorarchaeaceae;g__SMTZ1-45;s__	taxonomic classification fully defined by topology	N/A	N/A	87.01	11	0.97189	N/A
M8_44_Bin_231	d__Archaea;p__Asgardarchaeota;c__Heimdallarchaeia;o__Hodarchaeales;f__Hodarchaeaceae;g__Hodarchaeum;s__Hodarchaeum sp016839785	GCA_016839785.1	95.0	d__Archaea;p__Asgardarchaeota;c__Heimdallarchaeia;o__Hodarchaeales;f__Hodarchaeaceae;g__Hodarchaeum;s__Hodarchaeum sp016839785	96.97	0.717	GCA_016839785.1	95.0	d__Archaea;p__Asgardarchaeota;c__Heimdallarchaeia;o__Hodarchaeales;f__Hodarchaeaceae;g__Hodarchaeum;s__Hodarchaeum sp016839785	96.97	0.717	d__Archaea;p__Asgardarchaeota;c__Heimdallarchaeia;o__Hodarchaeales;f__Hodarchaeaceae;g__Hodarchaeum;s__	taxonomic classification defined by topology and ANI	topological placement and ANI have congruent species assignments	N/A	88.66	11	N/A	N/A
M8_44_Bin_242	d__Archaea;p__Asgardarchaeota;c__Thorarchaeia;o__Thorarchaeales;f__Thorarchaeaceae;g__SMTZ1-45;s__	N/A	N/A	N/A	N/A	N/A	N/A	N/A	N/A	N/A	N/A	d__Archaea;p__Asgardarchaeota;c__Thorarchaeia;o__Thorarchaeales;f__Thorarchaeaceae;g__SMTZ1-45;s__	taxonomic classification fully defined by topology	N/A	N/A	73.02	11	0.958	N/A
M8_44_Bin_255	d__Archaea;p__Asgardarchaeota;c__Lokiarchaeia;o__Sigynarchaeales;f__SOKP01;g__Loki-b32;s__	N/A	N/A	N/A	N/A	N/A	N/A	N/A	N/A	N/A	N/A	d__Archaea;p__Asgardarchaeota;c__Lokiarchaeia;o__Sigynarchaeales;f__SOKP01;g__Loki-b32;s__	taxonomic classification fully defined by topology	N/A	N/A	69.91	11	0.9383	N/A
M8_44_Bin_295	d__Archaea;p__Asgardarchaeota;c__Asgardarchaeia;o__;f__;g__;s__	N/A	N/A	N/A	N/A	N/A	N/A	N/A	N/A	N/A	N/A	d__Archaea;p__Asgardarchaeota;c__;o__;f__;g__;s__	taxonomic novelty determined using RED	N/A	N/A	80.9	11	0.3872	N/A
M8_44_Bin_330	d__Archaea;p__Asgardarchaeota;c__Lokiarchaeia;o__Sigynarchaeales;f__SOKP01;g__Loki-b32;s__	N/A	N/A	N/A	N/A	N/A	N/A	N/A	N/A	N/A	N/A	d__Archaea;p__Asgardarchaeota;c__Lokiarchaeia;o__Sigynarchaeales;f__SOKP01;g__Loki-b32;s__	taxonomic classification fully defined by topology	N/A	N/A	88.56	11	0.9536	N/A
M8_44_Bin_342_clean	d__Archaea;p__Asgardarchaeota;c__Thorarchaeia;o__Thorarchaeales;f__Thorarchaeaceae;g__SMTZ1-83;s__	N/A	N/A	N/A	N/A	N/A	GCA_016839605.1	95.0	d__Archaea;p__Asgardarchaeota;c__Thorarchaeia;o__Thorarchaeales;f__Thorarchaeaceae;g__SMTZ1-83;s__SMTZ1-83 sp016839605	88.3	0.246	d__Archaea;p__Asgardarchaeota;c__Thorarchaeia;o__Thorarchaeales;f__Thorarchaeaceae;g__SMTZ1-83;s__	taxonomic classification defined by topology and ANI	N/A	N/A	59.44	11	0.98896	N/A
M8_44_Bin_35	d__Archaea;p__Asgardarchaeota;c__Thorarchaeia;o__Thorarchaeales;f__Thorarchaeaceae;g__SMTZ1-83;s__	N/A	N/A	N/A	N/A	N/A	GCA_016839605.1	95.0	d__Archaea;p__Asgardarchaeota;c__Thorarchaeia;o__Thorarchaeales;f__Thorarchaeaceae;g__SMTZ1-83;s__SMTZ1-83 sp016839605	93.77	0.467	d__Archaea;p__Asgardarchaeota;c__Thorarchaeia;o__Thorarchaeales;f__Thorarchaeaceae;g__SMTZ1-83;s__	taxonomic classification defined by topology and ANI	N/A	N/A	46.64	11	0.99174	N/A
M8_58_Bin_135	d__Archaea;p__Asgardarchaeota;c__Thorarchaeia;o__Thorarchaeales;f__Thorarchaeaceae;g__;s__	N/A	N/A	N/A	N/A	N/A	N/A	N/A	N/A	N/A	N/A	d__Archaea;p__Asgardarchaeota;c__Thorarchaeia;o__Thorarchaeales;f__Thorarchaeaceae;g__;s__	taxonomic novelty determined using RED	N/A	N/A	68.17	11	0.86947	N/A
M8_58_Bin_146	d__Archaea;p__Asgardarchaeota;c__Thorarchaeia;o__Thorarchaeales;f__Thorarchaeaceae;g__SMTZ1-45;s__	N/A	N/A	N/A	N/A	N/A	N/A	N/A	N/A	N/A	N/A	d__Archaea;p__Asgardarchaeota;c__Thorarchaeia;o__Thorarchaeales;f__Thorarchaeaceae;g__SMTZ1-45;s__	taxonomic classification fully defined by topology	N/A	N/A	86.84	11	0.97184	N/A
M8_58_Bin_151_clean	d__Archaea;p__Asgardarchaeota;c__Heimdallarchaeia;o__Hodarchaeales;f__Hodarchaeaceae;g__Hodarchaeum;s__	N/A	N/A	N/A	N/A	N/A	N/A	N/A	N/A	N/A	N/A	d__Archaea;p__Asgardarchaeota;c__Heimdallarchaeia;o__Hodarchaeales;f__Hodarchaeaceae;g__Hodarchaeum;s__	taxonomic classification fully defined by topology	N/A	N/A	54.92	11	0.9438	N/A
M8_58_Bin_169	d__Archaea;p__Asgardarchaeota;c__Heimdallarchaeia;o__Hodarchaeales;f__Hodarchaeaceae;g__Hodarchaeum;s__	N/A	N/A	N/A	N/A	N/A	N/A	N/A	N/A	N/A	N/A	d__Archaea;p__Asgardarchaeota;c__Heimdallarchaeia;o__Hodarchaeales;f__Hodarchaeaceae;g__Hodarchaeum;s__	taxonomic classification fully defined by topology	N/A	N/A	55.67	11	0.93845	N/A
M8_58_Bin_177	d__Archaea;p__Asgardarchaeota;c__Thorarchaeia;o__Thorarchaeales;f__Thorarchaeaceae;g__SMTZ1-45;s__	N/A	N/A	N/A	N/A	N/A	N/A	N/A	N/A	N/A	N/A	d__Archaea;p__Asgardarchaeota;c__Thorarchaeia;o__Thorarchaeales;f__Thorarchaeaceae;g__SMTZ1-45;s__	taxonomic classification fully defined by topology	N/A	N/A	66.26	11	0.97324	N/A
M8_58_Bin_182_clean	d__Archaea;p__Asgardarchaeota;c__Heimdallarchaeia;o__Hodarchaeales;f__;g__;s__	N/A	N/A	N/A	N/A	N/A	N/A	N/A	N/A	N/A	N/A	d__Archaea;p__Asgardarchaeota;c__Heimdallarchaeia;o__;f__;g__;s__	taxonomic novelty determined using RED	N/A	N/A	72.87	11	0.56156	N/A
M8_58_Bin_189_clean	d__Archaea;p__Asgardarchaeota;c__Thorarchaeia;o__Thorarchaeales;f__Thorarchaeaceae;g__JAJRWI01;s__	N/A	N/A	N/A	N/A	N/A	N/A	N/A	N/A	N/A	N/A	d__Archaea;p__Asgardarchaeota;c__Thorarchaeia;o__Thorarchaeales;f__Thorarchaeaceae;g__JAJRWI01;s__	taxonomic classification fully defined by topology	N/A	N/A	84.46	11	0.96852	N/A
M8_58_Bin_191_clean	d__Archaea;p__Asgardarchaeota;c__Heimdallarchaeia;o__Heimdallarchaeales;f__Kariarchaeaceae;g__LC-2;s__	N/A	N/A	N/A	N/A	N/A	N/A	N/A	N/A	N/A	N/A	d__Archaea;p__Asgardarchaeota;c__Heimdallarchaeia;o__Heimdallarchaeales;f__Kariarchaeaceae;g__;s__	taxonomic novelty determined using RED	N/A	N/A	74.82	11	0.89748	N/A
M8_58_Bin_202	d__Archaea;p__Asgardarchaeota;c__Thorarchaeia;o__Thorarchaeales;f__Thorarchaeaceae;g__SMTZ1-83;s__	N/A	N/A	N/A	N/A	N/A	N/A	N/A	N/A	N/A	N/A	d__Archaea;p__Asgardarchaeota;c__Thorarchaeia;o__Thorarchaeales;f__Thorarchaeaceae;g__SMTZ1-83;s__	taxonomic classification fully defined by topology	N/A	N/A	34.67	11	0.98055	N/A
M8_58_Bin_246	d__Archaea;p__Asgardarchaeota;c__Lokiarchaeia;o__Sigynarchaeales;f__SOKP01;g__Loki-b32;s__	N/A	N/A	N/A	N/A	N/A	N/A	N/A	N/A	N/A	N/A	d__Archaea;p__Asgardarchaeota;c__Lokiarchaeia;o__Sigynarchaeales;f__SOKP01;g__Loki-b32;s__	taxonomic classification fully defined by topology	N/A	N/A	52.28	11	0.97931	N/A
M8_58_Bin_297_clean	d__Archaea;p__Asgardarchaeota;c__Heimdallarchaeia;o__Heimdallarchaeales;f__Kariarchaeaceae;g__LC-2;s__	N/A	N/A	N/A	N/A	N/A	N/A	N/A	N/A	N/A	N/A	d__Archaea;p__Asgardarchaeota;c__Heimdallarchaeia;o__Heimdallarchaeales;f__Kariarchaeaceae;g__;s__	taxonomic novelty determined using RED	N/A	N/A	61.65	11	0.90185	N/A
M8_58_Bin_307	d__Archaea;p__Asgardarchaeota;c__Lokiarchaeia;o__Sigynarchaeales;f__SOKP01;g__Loki-b32;s__	N/A	N/A	N/A	N/A	N/A	N/A	N/A	N/A	N/A	N/A	d__Archaea;p__Asgardarchaeota;c__Lokiarchaeia;o__Sigynarchaeales;f__SOKP01;g__Loki-b32;s__	taxonomic classification fully defined by topology	N/A	N/A	90.7	11	0.93861	N/A
M8_58_Bin_354	d__Archaea;p__Asgardarchaeota;c__Lokiarchaeia;o__Sigynarchaeales;f__SOKP01;g__Loki-b32;s__	N/A	N/A	N/A	N/A	N/A	N/A	N/A	N/A	N/A	N/A	d__Archaea;p__Asgardarchaeota;c__Lokiarchaeia;o__Sigynarchaeales;f__SOKP01;g__Loki-b32;s__	taxonomic classification fully defined by topology	N/A	N/A	90.06	11	0.9538	N/A
M8_58_Bin_368	d__Archaea;p__Asgardarchaeota;c__Thorarchaeia;o__Thorarchaeales;f__Thorarchaeaceae;g__SMTZ1-45;s__	N/A	N/A	N/A	N/A	N/A	N/A	N/A	N/A	N/A	N/A	d__Archaea;p__Asgardarchaeota;c__Thorarchaeia;o__Thorarchaeales;f__Thorarchaeaceae;g__SMTZ1-45;s__	taxonomic classification defined by topology and ANI	N/A	GCA_001940705.1, s__SMTZ1-45 sp001940705, 95.0, 84.38, 0.206; GCA_019894665.1, s__SMTZ1-45 sp019894665, 95.0, 84.27, 0.209	84.05	11	0.95781	N/A
M8_58_Bin_389	d__Archaea;p__Asgardarchaeota;c__Sifarchaeia;o__Borrarchaeales;f__Borrarchaeaceae;g__Borrarchaeum;s__	N/A	N/A	N/A	N/A	N/A	N/A	N/A	N/A	N/A	N/A	d__Archaea;p__Asgardarchaeota;c__Sifarchaeia;o__Borrarchaeales;f__Borrarchaeaceae;g__Borrarchaeum;s__	taxonomic classification defined by topology and ANI	N/A	GCA_016840515.1, s__Borrarchaeum yapensis, 95.0, 90.55, 0.219; GCA_019057385.1, s__Borrarchaeum weybense, 95.0, 89.96, 0.215	65.9	11	0.94138	N/A
M8_58_Bin_407	d__Archaea;p__Asgardarchaeota;c__Heimdallarchaeia;o__Hodarchaeales;f__Hodarchaeaceae;g__Hodarchaeum;s__	N/A	N/A	N/A	N/A	N/A	N/A	N/A	N/A	N/A	N/A	d__Archaea;p__Asgardarchaeota;c__Heimdallarchaeia;o__Hodarchaeales;f__Hodarchaeaceae;g__Hodarchaeum;s__	taxonomic classification fully defined by topology	N/A	N/A	60.43	11	0.92814	N/A
M8_58_Bin_408	d__Archaea;p__Asgardarchaeota;c__Heimdallarchaeia;o__Hodarchaeales;f__Hodarchaeaceae;g__Hodarchaeum;s__Hodarchaeum sp016839785	GCA_016839785.1	95.0	d__Archaea;p__Asgardarchaeota;c__Heimdallarchaeia;o__Hodarchaeales;f__Hodarchaeaceae;g__Hodarchaeum;s__Hodarchaeum sp016839785	96.81	0.752	GCA_016839785.1	95.0	d__Archaea;p__Asgardarchaeota;c__Heimdallarchaeia;o__Hodarchaeales;f__Hodarchaeaceae;g__Hodarchaeum;s__Hodarchaeum sp016839785	96.81	0.752	d__Archaea;p__Asgardarchaeota;c__Heimdallarchaeia;o__Hodarchaeales;f__Hodarchaeaceae;g__Hodarchaeum;s__	taxonomic classification defined by topology and ANI	topological placement and ANI have congruent species assignments	N/A	88.07	11	N/A	N/A
M8_58_Bin_410	d__Archaea;p__Asgardarchaeota;c__Thorarchaeia;o__Thorarchaeales;f__Thorarchaeaceae;g__SMTZ1-83;s__	N/A	N/A	N/A	N/A	N/A	GCA_016839605.1	95.0	d__Archaea;p__Asgardarchaeota;c__Thorarchaeia;o__Thorarchaeales;f__Thorarchaeaceae;g__SMTZ1-83;s__SMTZ1-83 sp016839605	88.11	0.22	d__Archaea;p__Asgardarchaeota;c__Thorarchaeia;o__Thorarchaeales;f__Thorarchaeaceae;g__SMTZ1-83;s__	taxonomic classification defined by topology and ANI	N/A	N/A	56.72	11	0.98607	N/A
M8_58_Bin_497	d__Archaea;p__Asgardarchaeota;c__Heimdallarchaeia;o__Hodarchaeales;f__Hodarchaeaceae;g__Hodarchaeum;s__	N/A	N/A	N/A	N/A	N/A	N/A	N/A	N/A	N/A	N/A	d__Archaea;p__Asgardarchaeota;c__Heimdallarchaeia;o__Hodarchaeales;f__Hodarchaeaceae;g__Hodarchaeum;s__	taxonomic classification fully defined by topology	N/A	N/A	66.96	11	0.98111	N/A
M8_58_Bin_52	d__Archaea;p__Asgardarchaeota;c__Heimdallarchaeia;o__Hodarchaeales;f__;g__;s__	N/A	N/A	N/A	N/A	N/A	N/A	N/A	N/A	N/A	N/A	d__Archaea;p__Asgardarchaeota;c__Heimdallarchaeia;o__;f__;g__;s__	taxonomic novelty determined using RED	N/A	N/A	33.17	11	0.5545	N/A
M8_58_Bin_56_clean	d__Archaea;p__Asgardarchaeota;c__Thorarchaeia;o__Thorarchaeales;f__Thorarchaeaceae;g__SMTZ1-83;s__	N/A	N/A	N/A	N/A	N/A	GCA_016839605.1	95.0	d__Archaea;p__Asgardarchaeota;c__Thorarchaeia;o__Thorarchaeales;f__Thorarchaeaceae;g__SMTZ1-83;s__SMTZ1-83 sp016839605	87.19	0.176	d__Archaea;p__Asgardarchaeota;c__Thorarchaeia;o__Thorarchaeales;f__Thorarchaeaceae;g__SMTZ1-83;s__	taxonomic classification defined by topology and ANI	N/A	N/A	46.95	11	0.98764	N/A
M8_58_Bin_88	d__Archaea;p__Asgardarchaeota;c__Thorarchaeia;o__Thorarchaeales;f__Thorarchaeaceae;g__;s__	N/A	N/A	N/A	N/A	N/A	N/A	N/A	N/A	N/A	N/A	d__Archaea;p__Asgardarchaeota;c__Thorarchaeia;o__Thorarchaeales;f__Thorarchaeaceae;g__;s__	taxonomic novelty determined using RED	N/A	N/A	58.07	11	0.87138	N/A
M8_62_Bin_108_clean	d__Archaea;p__Asgardarchaeota;c__Lokiarchaeia;o__Sigynarchaeales;f__SOKP01;g__Loki-b32;s__	N/A	N/A	N/A	N/A	N/A	N/A	N/A	N/A	N/A	N/A	d__Archaea;p__Asgardarchaeota;c__Lokiarchaeia;o__Sigynarchaeales;f__SOKP01;g__Loki-b32;s__	taxonomic classification fully defined by topology	N/A	N/A	75.76	11	0.97025	N/A
M8_62_Bin_112	d__Archaea;p__Asgardarchaeota;c__Lokiarchaeia;o__Sigynarchaeales;f__SOKP01;g__Loki-b32;s__	N/A	N/A	N/A	N/A	N/A	GCA_016839705.1	95.0	d__Archaea;p__Asgardarchaeota;c__Lokiarchaeia;o__Sigynarchaeales;f__SOKP01;g__Loki-b32;s__Loki-b32 sp016839705	85.04	0.325	d__Archaea;p__Asgardarchaeota;c__Lokiarchaeia;o__Sigynarchaeales;f__SOKP01;g__Loki-b32;s__	taxonomic classification defined by topology and ANI	N/A	N/A	83.59	11	0.97851	N/A
M8_62_Bin_113	d__Archaea;p__Asgardarchaeota;c__Lokiarchaeia;o__Sigynarchaeales;f__SOKP01;g__Loki-b32;s__	N/A	N/A	N/A	N/A	N/A	N/A	N/A	N/A	N/A	N/A	d__Archaea;p__Asgardarchaeota;c__Lokiarchaeia;o__Sigynarchaeales;f__SOKP01;g__Loki-b32;s__	taxonomic classification fully defined by topology	N/A	N/A	84.37	11	0.93818	N/A
M8_62_Bin_119_clean	d__Archaea;p__Asgardarchaeota;c__Heimdallarchaeia;o__Hodarchaeales;f__Hodarchaeaceae;g__Hodarchaeum;s__	N/A	N/A	N/A	N/A	N/A	N/A	N/A	N/A	N/A	N/A	d__Archaea;p__Asgardarchaeota;c__Heimdallarchaeia;o__Hodarchaeales;f__Hodarchaeaceae;g__Hodarchaeum;s__	taxonomic classification fully defined by topology	N/A	N/A	60.87	11	0.94337	N/A
M8_62_Bin_12	d__Archaea;p__Asgardarchaeota;c__Heimdallarchaeia;o__Hodarchaeales;f__Hodarchaeaceae;g__;s__	N/A	N/A	N/A	N/A	N/A	N/A	N/A	N/A	N/A	N/A	d__Archaea;p__Asgardarchaeota;c__Heimdallarchaeia;o__Hodarchaeales;f__;g__;s__	taxonomic novelty determined using RED	N/A	N/A	53.37	11	0.63255	N/A
M8_62_Bin_124_clean	d__Archaea;p__Asgardarchaeota;c__Thorarchaeia;o__Thorarchaeales;f__Thorarchaeaceae;g__SMTZ1-45;s__	N/A	N/A	N/A	N/A	N/A	N/A	N/A	N/A	N/A	N/A	d__Archaea;p__Asgardarchaeota;c__Thorarchaeia;o__Thorarchaeales;f__Thorarchaeaceae;g__SMTZ1-45;s__	taxonomic classification fully defined by topology	N/A	N/A	64.09	11	0.97186	N/A
M8_62_Bin_136_clean	d__Archaea;p__Asgardarchaeota;c__Thorarchaeia;o__Thorarchaeales;f__Thorarchaeaceae;g__JAJRWI01;s__	N/A	N/A	N/A	N/A	N/A	N/A	N/A	N/A	N/A	N/A	d__Archaea;p__Asgardarchaeota;c__Thorarchaeia;o__Thorarchaeales;f__Thorarchaeaceae;g__JAJRWI01;s__	taxonomic classification fully defined by topology	N/A	N/A	80.41	11	0.96851	N/A
M8_62_Bin_151	d__Archaea;p__Asgardarchaeota;c__Thorarchaeia;o__Thorarchaeales;f__Thorarchaeaceae;g__SMTZ1-45;s__	N/A	N/A	N/A	N/A	N/A	N/A	N/A	N/A	N/A	N/A	d__Archaea;p__Asgardarchaeota;c__Thorarchaeia;o__Thorarchaeales;f__Thorarchaeaceae;g__SMTZ1-45;s__	taxonomic classification fully defined by topology	N/A	N/A	89.16	11	0.97213	N/A
M8_62_Bin_212	d__Archaea;p__Asgardarchaeota;c__Heimdallarchaeia;o__Hodarchaeales;f__Hodarchaeaceae;g__Hodarchaeum;s__	N/A	N/A	N/A	N/A	N/A	N/A	N/A	N/A	N/A	N/A	d__Archaea;p__Asgardarchaeota;c__Heimdallarchaeia;o__Hodarchaeales;f__Hodarchaeaceae;g__Hodarchaeum;s__	taxonomic classification fully defined by topology	N/A	N/A	77.18	11	0.98126	N/A
M8_62_Bin_21_clean	d__Archaea;p__Asgardarchaeota;c__Lokiarchaeia;o__Sigynarchaeales;f__SOKP01;g__Loki-b32;s__	N/A	N/A	N/A	N/A	N/A	N/A	N/A	N/A	N/A	N/A	d__Archaea;p__Asgardarchaeota;c__Lokiarchaeia;o__Sigynarchaeales;f__SOKP01;g__Loki-b32;s__	taxonomic classification fully defined by topology	N/A	N/A	48.11	11	0.97311	N/A
M8_62_Bin_225	d__Archaea;p__Asgardarchaeota;c__Heimdallarchaeia;o__Heimdallarchaeales;f__Heimdallarchaeaceae;g__UBA460;s__	N/A	N/A	N/A	N/A	N/A	GCA_023270155.1	95.0	d__Archaea;p__Asgardarchaeota;c__Heimdallarchaeia;o__Heimdallarchaeales;f__Heimdallarchaeaceae;g__UBA460;s__UBA460 sp023270155	91.34	0.502	d__Archaea;p__Asgardarchaeota;c__Heimdallarchaeia;o__Heimdallarchaeales;f__Heimdallarchaeaceae;g__UBA460;s__	taxonomic classification defined by topology and ANI	N/A	GCA_030631995.1, s__UBA460 sp030631995, 95.0, 89.89, 0.588; GCA_013166775.1, s__UBA460 sp013166775, 95.0, 88.48, 0.339	90.21	11	0.9902	Genome not assigned to closest species as it falls outside its pre-defined ANI radius
M8_62_Bin_241	d__Archaea;p__Asgardarchaeota;c__Heimdallarchaeia;o__Hodarchaeales;f__Hodarchaeaceae;g__Hodarchaeum;s__	N/A	N/A	N/A	N/A	N/A	N/A	N/A	N/A	N/A	N/A	d__Archaea;p__Asgardarchaeota;c__Heimdallarchaeia;o__Hodarchaeales;f__Hodarchaeaceae;g__Hodarchaeum;s__	taxonomic classification fully defined by topology	N/A	N/A	47.77	11	0.93923	N/A
M8_62_Bin_273	d__Archaea;p__Asgardarchaeota;c__Thorarchaeia;o__Thorarchaeales;f__Thorarchaeaceae;g__MP5-2226;s__	N/A	N/A	N/A	N/A	N/A	N/A	N/A	N/A	N/A	N/A	d__Archaea;p__Asgardarchaeota;c__Thorarchaeia;o__Thorarchaeales;f__Thorarchaeaceae;g__MP5-2226;s__	taxonomic classification fully defined by topology	N/A	N/A	91.22	11	0.96098	N/A
M8_62_Bin_275	d__Archaea;p__Asgardarchaeota;c__Heimdallarchaeia;o__Hodarchaeales;f__Hodarchaeaceae;g__Hodarchaeum;s__Hodarchaeum sp016839785	GCA_016839785.1	95.0	d__Archaea;p__Asgardarchaeota;c__Heimdallarchaeia;o__Hodarchaeales;f__Hodarchaeaceae;g__Hodarchaeum;s__Hodarchaeum sp016839785	96.67	0.741	GCA_016839785.1	95.0	d__Archaea;p__Asgardarchaeota;c__Heimdallarchaeia;o__Hodarchaeales;f__Hodarchaeaceae;g__Hodarchaeum;s__Hodarchaeum sp016839785	96.67	0.741	d__Archaea;p__Asgardarchaeota;c__Heimdallarchaeia;o__Hodarchaeales;f__Hodarchaeaceae;g__Hodarchaeum;s__	taxonomic classification defined by topology and ANI	topological placement and ANI have congruent species assignments	N/A	88.18	11	N/A	N/A
M8_62_Bin_303	d__Archaea;p__Asgardarchaeota;c__Thorarchaeia;o__Thorarchaeales;f__Thorarchaeaceae;g__SMTZ1-45;s__	N/A	N/A	N/A	N/A	N/A	N/A	N/A	N/A	N/A	N/A	d__Archaea;p__Asgardarchaeota;c__Thorarchaeia;o__Thorarchaeales;f__Thorarchaeaceae;g__SMTZ1-45;s__	taxonomic classification fully defined by topology	N/A	N/A	42.43	11	0.97037	N/A
M8_62_Bin_310	d__Archaea;p__Asgardarchaeota;c__Thorarchaeia;o__Thorarchaeales;f__Thorarchaeaceae;g__SMTZ1-45;s__	N/A	N/A	N/A	N/A	N/A	GCA_001940705.1	95.0	d__Archaea;p__Asgardarchaeota;c__Thorarchaeia;o__Thorarchaeales;f__Thorarchaeaceae;g__SMTZ1-45;s__SMTZ1-45 sp001940705	84.47	0.205	d__Archaea;p__Asgardarchaeota;c__Thorarchaeia;o__Thorarchaeales;f__Thorarchaeaceae;g__SMTZ1-45;s__	taxonomic classification defined by topology and ANI	N/A	GCA_019894665.1, s__SMTZ1-45 sp019894665, 95.0, 84.39, 0.208	87.35	11	0.96947	N/A
M8_62_Bin_312	d__Archaea;p__Asgardarchaeota;c__Thorarchaeia;o__Thorarchaeales;f__Thorarchaeaceae;g__;s__	N/A	N/A	N/A	N/A	N/A	N/A	N/A	N/A	N/A	N/A	d__Archaea;p__Asgardarchaeota;c__Thorarchaeia;o__Thorarchaeales;f__Thorarchaeaceae;g__;s__	taxonomic novelty determined using RED	N/A	N/A	56.87	11	0.86938	N/A
M8_62_Bin_321	d__Archaea;p__Asgardarchaeota;c__Thorarchaeia;o__Thorarchaeales;f__Thorarchaeaceae;g__SMTZ1-83;s__	N/A	N/A	N/A	N/A	N/A	GCA_016839605.1	95.0	d__Archaea;p__Asgardarchaeota;c__Thorarchaeia;o__Thorarchaeales;f__Thorarchaeaceae;g__SMTZ1-83;s__SMTZ1-83 sp016839605	87.81	0.204	d__Archaea;p__Asgardarchaeota;c__Thorarchaeia;o__Thorarchaeales;f__Thorarchaeaceae;g__SMTZ1-83;s__	taxonomic classification defined by topology and ANI	N/A	N/A	44.8	11	0.9873	N/A
M8_62_Bin_362	d__Archaea;p__Asgardarchaeota;c__Heimdallarchaeia;o__Heimdallarchaeales;f__Kariarchaeaceae;g__LC-2;s__	N/A	N/A	N/A	N/A	N/A	N/A	N/A	N/A	N/A	N/A	d__Archaea;p__Asgardarchaeota;c__Heimdallarchaeia;o__Heimdallarchaeales;f__Kariarchaeaceae;g__;s__	taxonomic novelty determined using RED	N/A	N/A	50.29	11	0.89771	N/A
M8_62_Bin_377	d__Archaea;p__Asgardarchaeota;c__Lokiarchaeia;o__Sigynarchaeales;f__SOKP01;g__Loki-b32;s__	N/A	N/A	N/A	N/A	N/A	N/A	N/A	N/A	N/A	N/A	d__Archaea;p__Asgardarchaeota;c__Lokiarchaeia;o__Sigynarchaeales;f__SOKP01;g__Loki-b32;s__	taxonomic classification fully defined by topology	N/A	N/A	86.75	11	0.95369	N/A
M8_62_Bin_56	d__Archaea;p__Asgardarchaeota;c__Thorarchaeia;o__Thorarchaeales;f__Thorarchaeaceae;g__SMTZ1-83;s__	N/A	N/A	N/A	N/A	N/A	GCA_016839605.1	95.0	d__Archaea;p__Asgardarchaeota;c__Thorarchaeia;o__Thorarchaeales;f__Thorarchaeaceae;g__SMTZ1-83;s__SMTZ1-83 sp016839605	93.77	0.448	d__Archaea;p__Asgardarchaeota;c__Thorarchaeia;o__Thorarchaeales;f__Thorarchaeaceae;g__SMTZ1-83;s__	taxonomic classification defined by topology and ANI	N/A	N/A	39.41	11	0.99411	N/A
M8_62_Bin_65	d__Archaea;p__Asgardarchaeota;c__Thorarchaeia;o__Thorarchaeales;f__Thorarchaeaceae;g__;s__	N/A	N/A	N/A	N/A	N/A	N/A	N/A	N/A	N/A	N/A	d__Archaea;p__Asgardarchaeota;c__Thorarchaeia;o__Thorarchaeales;f__Thorarchaeaceae;g__;s__	taxonomic novelty determined using RED	N/A	N/A	64.8	11	0.87219	N/A
M8_62_Bin_8	d__Archaea;p__Asgardarchaeota;c__Lokiarchaeia;o__Sigynarchaeales;f__SOKP01;g__Loki-b32;s__	N/A	N/A	N/A	N/A	N/A	N/A	N/A	N/A	N/A	N/A	d__Archaea;p__Asgardarchaeota;c__Lokiarchaeia;o__Sigynarchaeales;f__SOKP01;g__Loki-b32;s__	taxonomic classification fully defined by topology	N/A	N/A	50.46	11	0.93947	N/A
M8_62_Bin_80_clean	d__Archaea;p__Asgardarchaeota;c__Thorarchaeia;o__Thorarchaeales;f__Thorarchaeaceae;g__SMTZ1-83;s__	N/A	N/A	N/A	N/A	N/A	N/A	N/A	N/A	N/A	N/A	d__Archaea;p__Asgardarchaeota;c__Thorarchaeia;o__Thorarchaeales;f__Thorarchaeaceae;g__SMTZ1-83;s__	taxonomic classification fully defined by topology	N/A	N/A	68.18	11	0.98617	N/A
M8_62_Bin_83	d__Archaea;p__Asgardarchaeota;c__Heimdallarchaeia;o__Hodarchaeales;f__Hodarchaeaceae;g__Hodarchaeum;s__	N/A	N/A	N/A	N/A	N/A	N/A	N/A	N/A	N/A	N/A	d__Archaea;p__Asgardarchaeota;c__Heimdallarchaeia;o__Hodarchaeales;f__Hodarchaeaceae;g__Hodarchaeum;s__	taxonomic classification fully defined by topology	N/A	N/A	47.98	11	0.92975	N/A
Meg19_1012_Bin_106	d__Archaea;p__Asgardarchaeota;c__Thorarchaeia;o__Thorarchaeales;f__Thorarchaeaceae;g__;s__	N/A	N/A	N/A	N/A	N/A	N/A	N/A	N/A	N/A	N/A	d__Archaea;p__Asgardarchaeota;c__Thorarchaeia;o__Thorarchaeales;f__Thorarchaeaceae;g__;s__	taxonomic novelty determined using RED	N/A	N/A	48.83	11	0.8851	N/A
Meg19_1012_Bin_144	d__Archaea;p__Asgardarchaeota;c__Lokiarchaeia;o__Sigynarchaeales;f__SOKP01;g__SOKP01;s__	N/A	N/A	N/A	N/A	N/A	N/A	N/A	N/A	N/A	N/A	d__Archaea;p__Asgardarchaeota;c__Lokiarchaeia;o__Sigynarchaeales;f__SOKP01;g__SOKP01;s__	taxonomic classification defined by topology and ANI	N/A	GCA_016839745.1, s__SOKP01 sp016839745, 95.0, 86.51, 0.16	52.96	11	0.96224	N/A
Meg19_1012_Bin_162	d__Archaea;p__Asgardarchaeota;c__Lokiarchaeia;o__Sigynarchaeales;f__SOKP01;g__SOKP01;s__	N/A	N/A	N/A	N/A	N/A	N/A	N/A	N/A	N/A	N/A	d__Archaea;p__Asgardarchaeota;c__Lokiarchaeia;o__Sigynarchaeales;f__SOKP01;g__SOKP01;s__	taxonomic classification defined by topology and ANI	N/A	GCA_019894815.1, s__SOKP01 sp019894815, 95.0, 92.29, 0.496; GCA_030667705.1, s__SOKP01 sp030667705, 95.0, 91.58, 0.464; GCA_019894955.1, s__SOKP01 sp019894955, 95.0, 85.4, 0.206	67.22	11	0.9811	N/A
Meg19_1012_Bin_170	d__Archaea;p__Asgardarchaeota;c__Thorarchaeia;o__Thorarchaeales;f__Thorarchaeaceae;g__MP8T-1;s__	N/A	N/A	N/A	N/A	N/A	N/A	N/A	N/A	N/A	N/A	d__Archaea;p__Asgardarchaeota;c__Thorarchaeia;o__Thorarchaeales;f__Thorarchaeaceae;g__MP8T-1;s__	taxonomic classification fully defined by topology	N/A	N/A	86.47	11	0.96284	N/A
Meg19_1012_Bin_19	d__Archaea;p__Asgardarchaeota;c__Lokiarchaeia;o__Sigynarchaeales;f__MK-D1;g__AMARA-1;s__	N/A	N/A	N/A	N/A	N/A	N/A	N/A	N/A	N/A	N/A	d__Archaea;p__Asgardarchaeota;c__Lokiarchaeia;o__Sigynarchaeales;f__MK-D1;g__AMARA-1;s__	taxonomic classification fully defined by topology	N/A	N/A	54.4	11	0.97184	N/A
Meg19_1012_Bin_206	d__Archaea;p__Asgardarchaeota;c__Heimdallarchaeia;o__JABLTI01;f__JABLTI01;g__JABLTI01;s__	N/A	N/A	N/A	N/A	N/A	GCA_030667035.1	95.0	d__Archaea;p__Asgardarchaeota;c__Heimdallarchaeia;o__JABLTI01;f__JABLTI01;g__JABLTI01;s__JABLTI01 sp030667035	94.49	0.575	d__Archaea;p__Asgardarchaeota;c__Heimdallarchaeia;o__JABLTI01;f__JABLTI01;g__JABLTI01;s__	taxonomic classification defined by topology and ANI	N/A	GCA_030614005.1, s__JABLTI01 sp030614005, 95.0, 87.64, 0.428; GCA_018238155.1, s__JABLTI01 sp018238155, 95.0, 86.41, 0.355	62.17	11	0.98893	Genome not assigned to closest species as it falls outside its pre-defined ANI radius
Meg19_1012_Bin_225	d__Archaea;p__Asgardarchaeota;c__Heimdallarchaeia;o__Hodarchaeales;f__Hodarchaeaceae;g__Hodarchaeum;s__	N/A	N/A	N/A	N/A	N/A	N/A	N/A	N/A	N/A	N/A	d__Archaea;p__Asgardarchaeota;c__Heimdallarchaeia;o__Hodarchaeales;f__Hodarchaeaceae;g__Hodarchaeum;s__	taxonomic classification fully defined by topology	N/A	N/A	62.81	11	0.93955	N/A
Meg19_1012_Bin_228	d__Archaea;p__Asgardarchaeota;c__Lokiarchaeia;o__Sigynarchaeales;f__SOKP01;g__JAUWRB01;s__	N/A	N/A	N/A	N/A	N/A	GCA_030610785.1	95.0	d__Archaea;p__Asgardarchaeota;c__Lokiarchaeia;o__Sigynarchaeales;f__SOKP01;g__JAUWRB01;s__JAUWRB01 sp030610785	93.25	0.653	d__Archaea;p__Asgardarchaeota;c__Lokiarchaeia;o__Sigynarchaeales;f__SOKP01;g__;s__	taxonomic classification defined by topology and ANI	N/A	N/A	88.9	11	0.97455	Genome not assigned to closest species as it falls outside its pre-defined ANI radius
Meg19_1012_Bin_246	d__Archaea;p__Asgardarchaeota;c__Heimdallarchaeia;o__Heimdallarchaeales;f__Heimdallarchaeaceae;g__UBA460;s__UBA460 sp023139025	GCA_023139025.1	95.0	d__Archaea;p__Asgardarchaeota;c__Heimdallarchaeia;o__Heimdallarchaeales;f__Heimdallarchaeaceae;g__UBA460;s__UBA460 sp023139025	97.83	0.722	GCA_023139025.1	95.0	d__Archaea;p__Asgardarchaeota;c__Heimdallarchaeia;o__Heimdallarchaeales;f__Heimdallarchaeaceae;g__UBA460;s__UBA460 sp023139025	97.83	0.722	d__Archaea;p__Asgardarchaeota;c__Heimdallarchaeia;o__Heimdallarchaeales;f__Heimdallarchaeaceae;g__UBA460;s__	taxonomic classification defined by topology and ANI	topological placement and ANI have congruent species assignments	GCA_030608385.1, s__UBA460 sp030608385, 95.0, 94.55, 0.706; GCA_021399345.1, s__UBA460 sp021399345, 95.0, 93.98, 0.718; GCA_030668825.1, s__UBA460 sp023132955, 95.0, 92.7, 0.607; GCA_019057375.1, s__UBA460 sp002505645, 95.0, 91.95, 0.678; GCA_030607575.1, s__UBA460 sp030607575, 95.0, 91.62, 0.655	89.83	11	N/A	N/A
Meg19_1012_Bin_34	d__Archaea;p__Asgardarchaeota;c__Thorarchaeia;o__Thorarchaeales;f__Thorarchaeaceae;g__WTCK01;s__	N/A	N/A	N/A	N/A	N/A	GCA_013138615.1	95.0	d__Archaea;p__Asgardarchaeota;c__Thorarchaeia;o__Thorarchaeales;f__Thorarchaeaceae;g__WTCK01;s__WTCK01 sp013138615	93.15	0.451	d__Archaea;p__Asgardarchaeota;c__Thorarchaeia;o__Thorarchaeales;f__Thorarchaeaceae;g__WTCK01;s__	taxonomic classification defined by topology and ANI	N/A	GCA_030642465.1, s__WTCK01 sp030642465, 95.0, 90.5, 0.376; GCA_019057475.1, s__WTCK01 sp019057475, 95.0, 89.74, 0.47; GCA_030612365.1, s__WTCK01 sp030612365, 95.0, 89.16, 0.345; GCA_030669595.1, s__WTCK01 sp030669595, 95.0, 89.15, 0.303; GCA_018238375.1, s__WTCK01 sp018238375, 95.0, 89.01, 0.34; GCA_023134215.1, s__WTCK01 sp023134215, 95.0, 88.02, 0.255	48.26	11	0.99197	N/A
Meg19_1012_Bin_417	d__Archaea;p__Asgardarchaeota;c__Heimdallarchaeia;o__Heimdallarchaeales;f__Heimdallarchaeaceae;g__UBA460;s__	N/A	N/A	N/A	N/A	N/A	N/A	N/A	N/A	N/A	N/A	d__Archaea;p__Asgardarchaeota;c__Heimdallarchaeia;o__Heimdallarchaeales;f__Heimdallarchaeaceae;g__UBA460;s__	taxonomic classification defined by topology and ANI	N/A	GCA_023705945.1, s__UBA460 sp023705945, 95.0, 86.13, 0.3; GCA_030668875.1, s__UBA460 sp030668875, 95.0, 85.79, 0.303; GCA_018238545.1, s__UBA460 sp018238545, 95.0, 85.58, 0.332; GCA_030611665.1, s__UBA460 sp030611665, 95.0, 85.23, 0.321; GCA_023705905.1, s__UBA460 sp023705905, 95.0, 84.53, 0.236	91.21	11	0.9631	N/A
Meg19_1012_Bin_444	d__Archaea;p__Asgardarchaeota;c__Heimdallarchaeia;o__Hodarchaeales;f__Hodarchaeaceae;g__;s__	N/A	N/A	N/A	N/A	N/A	N/A	N/A	N/A	N/A	N/A	d__Archaea;p__Asgardarchaeota;c__Heimdallarchaeia;o__Hodarchaeales;f__;g__;s__	taxonomic novelty determined using RED	N/A	N/A	65.75	11	0.63552	N/A
Meg19_1012_Bin_476	d__Archaea;p__Asgardarchaeota;c__Lokiarchaeia;o__Sigynarchaeales;f__MK-D1;g__Prometheoarchaeum;s__	N/A	N/A	N/A	N/A	N/A	GCA_030613185.1	95.0	d__Archaea;p__Asgardarchaeota;c__Lokiarchaeia;o__Sigynarchaeales;f__MK-D1;g__Prometheoarchaeum;s__Prometheoarchaeum sp030613185	86.38	0.189	d__Archaea;p__Asgardarchaeota;c__Lokiarchaeia;o__Sigynarchaeales;f__MK-D1;g__Prometheoarchaeum;s__	taxonomic classification defined by topology and ANI	N/A	GCA_030612265.1, s__Prometheoarchaeum sp030612265, 95.0, 86.11, 0.163	52.39	11	0.97648	N/A
Meg19_1012_Bin_489	d__Archaea;p__Asgardarchaeota;c__Heimdallarchaeia;o__JABLTI01;f__JABLTI01;g__JABLTI01;s__	N/A	N/A	N/A	N/A	N/A	N/A	N/A	N/A	N/A	N/A	d__Archaea;p__Asgardarchaeota;c__Heimdallarchaeia;o__JABLTI01;f__JABLTI01;g__JABLTI01;s__	taxonomic classification fully defined by topology	N/A	N/A	86.24	11	0.92149	N/A
Meg19_1012_Bin_49	d__Archaea;p__Asgardarchaeota;c__Lokiarchaeia;o__Sigynarchaeales;f__SOKP01;g__SOKP01;s__	N/A	N/A	N/A	N/A	N/A	N/A	N/A	N/A	N/A	N/A	d__Archaea;p__Asgardarchaeota;c__Lokiarchaeia;o__Sigynarchaeales;f__SOKP01;g__SOKP01;s__	taxonomic classification defined by topology and ANI	N/A	GCA_030599585.1, s__SOKP01 sp030599585, 95.0, 89.7, 0.547; GCA_004375715.1, s__SOKP01 sp004375715, 95.0, 89.58, 0.355; GCA_029856125.1, s__SOKP01 sp029856125, 95.0, 89.41, 0.438; GCA_019894855.1, s__SOKP01 sp019894855, 95.0, 88.94, 0.335; GCA_035530895.1, s__SOKP01 sp035530895, 95.0, 88.52, 0.232; GCA_030615235.1, s__SOKP01 sp030615235, 95.0, 87.73, 0.238; GCA_019894885.1, s__SOKP01 sp019894885, 95.0, 87.37, 0.236	56.21	11	0.99014	Genome not assigned to closest species as it falls outside its pre-defined ANI radius
Meg19_1012_Bin_504	d__Archaea;p__Asgardarchaeota;c__Lokiarchaeia;o__Helarchaeales;f__RDOG01;g__JALGVI01;s__JALGVI01 sp029838215	GCA_029838215.1	95.0	d__Archaea;p__Asgardarchaeota;c__Lokiarchaeia;o__Helarchaeales;f__RDOG01;g__JALGVI01;s__JALGVI01 sp029838215	100.0	1.0	GCA_029838215.1	95.0	d__Archaea;p__Asgardarchaeota;c__Lokiarchaeia;o__Helarchaeales;f__RDOG01;g__JALGVI01;s__JALGVI01 sp029838215	100.0	1.0	d__Archaea;p__Asgardarchaeota;c__Lokiarchaeia;o__Helarchaeales;f__;g__;s__	taxonomic classification defined by topology and ANI	topological placement and ANI have congruent species assignments	N/A	86.58	11	N/A	N/A
Meg22_02_Bin_102	d__Archaea;p__Asgardarchaeota;c__Lokiarchaeia;o__Sigynarchaeales;f__SOKP01;g__LW40-45;s__	N/A	N/A	N/A	N/A	N/A	N/A	N/A	N/A	N/A	N/A	d__Archaea;p__Asgardarchaeota;c__Lokiarchaeia;o__Sigynarchaeales;f__SOKP01;g__;s__	taxonomic novelty determined using RED	N/A	N/A	57.78	11	0.91903	N/A
Meg22_02_Bin_148	d__Archaea;p__Asgardarchaeota;c__Lokiarchaeia;o__Sigynarchaeales;f__SOKP01;g__SOKP01;s__	N/A	N/A	N/A	N/A	N/A	N/A	N/A	N/A	N/A	N/A	d__Archaea;p__Asgardarchaeota;c__Lokiarchaeia;o__Sigynarchaeales;f__SOKP01;g__SOKP01;s__	taxonomic classification defined by topology and ANI	N/A	GCA_030599585.1, s__SOKP01 sp030599585, 95.0, 89.9, 0.416; GCA_004375715.1, s__SOKP01 sp004375715, 95.0, 89.81, 0.288; GCA_029856125.1, s__SOKP01 sp029856125, 95.0, 89.7, 0.365; GCA_019894855.1, s__SOKP01 sp019894855, 95.0, 89.26, 0.281; GCA_030615235.1, s__SOKP01 sp030615235, 95.0, 88.13, 0.196; GCA_035530895.1, s__SOKP01 sp035530895, 95.0, 87.75, 0.17; GCA_019894885.1, s__SOKP01 sp019894885, 95.0, 87.37, 0.174	63.63	11	0.98983	N/A
Meg22_02_Bin_168	d__Archaea;p__Asgardarchaeota;c__Heimdallarchaeia;o__JABLTI01;f__JABLTI01;g__JABLTI01;s__	N/A	N/A	N/A	N/A	N/A	N/A	N/A	N/A	N/A	N/A	d__Archaea;p__Asgardarchaeota;c__Heimdallarchaeia;o__JABLTI01;f__JABLTI01;g__JABLTI01;s__	taxonomic classification fully defined by topology	N/A	N/A	87.79	11	0.92175	N/A
Meg22_02_Bin_38	d__Archaea;p__Asgardarchaeota;c__Lokiarchaeia;o__Sigynarchaeales;f__MK-D1;g__Prometheoarchaeum;s__	N/A	N/A	N/A	N/A	N/A	N/A	N/A	N/A	N/A	N/A	d__Archaea;p__Asgardarchaeota;c__Lokiarchaeia;o__Sigynarchaeales;f__MK-D1;g__Prometheoarchaeum;s__	taxonomic classification fully defined by topology	N/A	N/A	46.76	11	0.97615	N/A
Meg22_02_Bin_50	d__Archaea;p__Asgardarchaeota;c__Heimdallarchaeia;o__Hodarchaeales;f__Hodarchaeaceae;g__Hodarchaeum;s__	N/A	N/A	N/A	N/A	N/A	N/A	N/A	N/A	N/A	N/A	d__Archaea;p__Asgardarchaeota;c__Heimdallarchaeia;o__Hodarchaeales;f__Hodarchaeaceae;g__Hodarchaeum;s__	taxonomic classification fully defined by topology	N/A	N/A	69.78	11	0.94009	N/A
Meg22_1012_Bin_118	d__Archaea;p__Asgardarchaeota;c__Heimdallarchaeia;o__Heimdallarchaeales;f__Heimdallarchaeaceae;g__Heimdallarchaeum;s__Heimdallarchaeum aukensis	GCA_021513695.1	95.0	d__Archaea;p__Asgardarchaeota;c__Heimdallarchaeia;o__Heimdallarchaeales;f__Heimdallarchaeaceae;g__Heimdallarchaeum;s__Heimdallarchaeum aukensis	98.24	0.857	GCA_021513695.1	95.0	d__Archaea;p__Asgardarchaeota;c__Heimdallarchaeia;o__Heimdallarchaeales;f__Heimdallarchaeaceae;g__Heimdallarchaeum;s__Heimdallarchaeum aukensis	98.24	0.857	d__Archaea;p__Asgardarchaeota;c__Heimdallarchaeia;o__Heimdallarchaeales;f__Heimdallarchaeaceae;g__Heimdallarchaeum;s__	taxonomic classification defined by topology and ANI	topological placement and ANI have congruent species assignments	GCA_021513715.1, s__Heimdallarchaeum endolithica, 95.0, 89.45, 0.517	90.0	11	N/A	N/A
Meg22_1012_Bin_131	d__Archaea;p__Asgardarchaeota;c__Lokiarchaeia;o__Sigynarchaeales;f__SOKP01;g__SOKP01;s__	N/A	N/A	N/A	N/A	N/A	N/A	N/A	N/A	N/A	N/A	d__Archaea;p__Asgardarchaeota;c__Lokiarchaeia;o__Sigynarchaeales;f__SOKP01;g__SOKP01;s__	taxonomic classification defined by topology and ANI	N/A	GCA_019894855.1, s__SOKP01 sp019894855, 95.0, 91.11, 0.442; GCA_029856125.1, s__SOKP01 sp029856125, 95.0, 91.05, 0.566; GCA_030599585.1, s__SOKP01 sp030599585, 95.0, 90.99, 0.574; GCA_004375715.1, s__SOKP01 sp004375715, 95.0, 90.72, 0.424; GCA_030615235.1, s__SOKP01 sp030615235, 95.0, 90.45, 0.29; GCA_035530895.1, s__SOKP01 sp035530895, 95.0, 89.55, 0.29; GCA_019894885.1, s__SOKP01 sp019894885, 95.0, 89.32, 0.281	40.18	11	0.98888	Genome not assigned to closest species as it falls outside its pre-defined ANI radius
Meg22_1012_Bin_145	d__Archaea;p__Asgardarchaeota;c__Lokiarchaeia;o__Sigynarchaeales;f__SOKP01;g__SOKP01;s__	N/A	N/A	N/A	N/A	N/A	N/A	N/A	N/A	N/A	N/A	d__Archaea;p__Asgardarchaeota;c__Lokiarchaeia;o__Sigynarchaeales;f__SOKP01;g__SOKP01;s__	taxonomic classification defined by topology and ANI	N/A	GCA_019894815.1, s__SOKP01 sp019894815, 95.0, 92.79, 0.635; GCA_030667705.1, s__SOKP01 sp030667705, 95.0, 91.99, 0.601; GCA_019894955.1, s__SOKP01 sp019894955, 95.0, 86.31, 0.313	83.19	11	0.98164	Genome not assigned to closest species as it falls outside its pre-defined ANI radius
Meg22_1012_Bin_159	d__Archaea;p__Asgardarchaeota;c__Lokiarchaeia;o__Sigynarchaeales;f__MK-D1;g__WJKO01;s__	N/A	N/A	N/A	N/A	N/A	N/A	N/A	N/A	N/A	N/A	d__Archaea;p__Asgardarchaeota;c__Lokiarchaeia;o__Sigynarchaeales;f__MK-D1;g__;s__	taxonomic novelty determined using RED	N/A	N/A	85.16	11	0.82788	N/A
Meg22_1012_Bin_162	d__Archaea;p__Asgardarchaeota;c__Odinarchaeia;o__Odinarchaeales;f__Odinarchaeaceae;g__;s__	N/A	N/A	N/A	N/A	N/A	N/A	N/A	N/A	N/A	N/A	d__Archaea;p__Asgardarchaeota;c__;o__;f__;g__;s__	taxonomic novelty determined using RED	N/A	N/A	84.81	11	0.66953	N/A
Meg22_1012_Bin_182	d__Archaea;p__Asgardarchaeota;c__Thorarchaeia;o__Thorarchaeales;f__Thorarchaeaceae;g__MP8T-1;s__	N/A	N/A	N/A	N/A	N/A	N/A	N/A	N/A	N/A	N/A	d__Archaea;p__Asgardarchaeota;c__Thorarchaeia;o__Thorarchaeales;f__Thorarchaeaceae;g__MP8T-1;s__	taxonomic classification fully defined by topology	N/A	N/A	82.58	11	0.95948	N/A
Meg22_1012_Bin_214	d__Archaea;p__Asgardarchaeota;c__Lokiarchaeia;o__Helarchaeales;f__JABXJV01;g__JABXJV01;s__	N/A	N/A	N/A	N/A	N/A	N/A	N/A	N/A	N/A	N/A	d__Archaea;p__Asgardarchaeota;c__Lokiarchaeia;o__Helarchaeales;f__;g__;s__	taxonomic novelty determined using RED	N/A	N/A	89.08	11	0.84785	N/A
Meg22_1012_Bin_230	d__Archaea;p__Asgardarchaeota;c__Heimdallarchaeia;o__Heimdallarchaeales;f__Heimdallarchaeaceae;g__Heimdallarchaeum;s__	N/A	N/A	N/A	N/A	N/A	N/A	N/A	N/A	N/A	N/A	d__Archaea;p__Asgardarchaeota;c__Heimdallarchaeia;o__Heimdallarchaeales;f__Heimdallarchaeaceae;g__;s__	taxonomic novelty determined using RED	N/A	N/A	89.21	11	0.87832	N/A
Meg22_1012_Bin_233	d__Archaea;p__Asgardarchaeota;c__Lokiarchaeia;o__Sigynarchaeales;f__SOKP01;g__JALGVJ01;s__JALGVJ01 sp029838195	GCA_029838195.1	95.0	d__Archaea;p__Asgardarchaeota;c__Lokiarchaeia;o__Sigynarchaeales;f__SOKP01;g__JALGVJ01;s__JALGVJ01 sp029838195	100.0	1.0	GCA_029838195.1	95.0	d__Archaea;p__Asgardarchaeota;c__Lokiarchaeia;o__Sigynarchaeales;f__SOKP01;g__JALGVJ01;s__JALGVJ01 sp029838195	100.0	1.0	d__Archaea;p__Asgardarchaeota;c__Lokiarchaeia;o__Sigynarchaeales;f__SOKP01;g__;s__	taxonomic classification defined by topology and ANI	topological placement and ANI have congruent species assignments	N/A	84.37	11	N/A	N/A
Meg22_1012_Bin_249	d__Archaea;p__Asgardarchaeota;c__Lokiarchaeia;o__Sigynarchaeales;f__SOKP01;g__;s__	N/A	N/A	N/A	N/A	N/A	N/A	N/A	N/A	N/A	N/A	d__Archaea;p__Asgardarchaeota;c__Lokiarchaeia;o__Sigynarchaeales;f__SOKP01;g__;s__	taxonomic classification fully defined by topology	N/A	N/A	89.22	11	0.88497	N/A
Meg22_1012_Bin_275	d__Archaea;p__Asgardarchaeota;c__Lokiarchaeia;o__Helarchaeales;f__RDOG01;g__JALGVI01;s__JALGVI01 sp029838215	GCA_029838215.1	95.0	d__Archaea;p__Asgardarchaeota;c__Lokiarchaeia;o__Helarchaeales;f__RDOG01;g__JALGVI01;s__JALGVI01 sp029838215	99.76	0.943	GCA_029838215.1	95.0	d__Archaea;p__Asgardarchaeota;c__Lokiarchaeia;o__Helarchaeales;f__RDOG01;g__JALGVI01;s__JALGVI01 sp029838215	99.76	0.943	d__Archaea;p__Asgardarchaeota;c__Lokiarchaeia;o__Helarchaeales;f__;g__;s__	taxonomic classification defined by topology and ANI	topological placement and ANI have congruent species assignments	N/A	91.08	11	N/A	N/A
Meg22_1012_Bin_281	d__Archaea;p__Asgardarchaeota;c__Lokiarchaeia;o__Helarchaeales;f__HEL-GB-A;g__HEL-GB-A;s__	N/A	N/A	N/A	N/A	N/A	N/A	N/A	N/A	N/A	N/A	d__Archaea;p__Asgardarchaeota;c__Lokiarchaeia;o__Helarchaeales;f__HEL-GB-A;g__;s__	taxonomic novelty determined using RED	N/A	N/A	89.99	11	0.86789	N/A
Meg22_1012_Bin_285	d__Archaea;p__Asgardarchaeota;c__Lokiarchaeia;o__Sigynarchaeales;f__SOKP01;g__SOKP01;s__	N/A	N/A	N/A	N/A	N/A	N/A	N/A	N/A	N/A	N/A	d__Archaea;p__Asgardarchaeota;c__Lokiarchaeia;o__Sigynarchaeales;f__SOKP01;g__SOKP01;s__	taxonomic classification fully defined by topology	N/A	N/A	81.63	11	0.92686	N/A
Meg22_1012_Bin_314	d__Archaea;p__Asgardarchaeota;c__Lokiarchaeia;o__Helarchaeales;f__JABXJV01;g__JABXJV01;s__	N/A	N/A	N/A	N/A	N/A	N/A	N/A	N/A	N/A	N/A	d__Archaea;p__Asgardarchaeota;c__Lokiarchaeia;o__Helarchaeales;f__;g__;s__	taxonomic novelty determined using RED	N/A	N/A	87.76	11	0.84414	N/A
Meg22_1012_Bin_332	d__Archaea;p__Asgardarchaeota;c__Heimdallarchaeia;o__JABLTI01;f__JABLTI01;g__JABLTI01;s__	N/A	N/A	N/A	N/A	N/A	N/A	N/A	N/A	N/A	N/A	d__Archaea;p__Asgardarchaeota;c__Heimdallarchaeia;o__JABLTI01;f__JABLTI01;g__JABLTI01;s__	taxonomic classification fully defined by topology	N/A	N/A	58.24	11	0.918	N/A
Meg22_1012_Bin_344	d__Archaea;p__Asgardarchaeota;c__Heimdallarchaeia;o__Heimdallarchaeales;f__Heimdallarchaeaceae;g__UBA460;s__	N/A	N/A	N/A	N/A	N/A	N/A	N/A	N/A	N/A	N/A	d__Archaea;p__Asgardarchaeota;c__Heimdallarchaeia;o__Heimdallarchaeales;f__Heimdallarchaeaceae;g__UBA460;s__	taxonomic classification defined by topology and ANI	N/A	GCA_023705945.1, s__UBA460 sp023705945, 95.0, 86.57, 0.329; GCA_030611665.1, s__UBA460 sp030611665, 95.0, 85.54, 0.365; GCA_018238545.1, s__UBA460 sp018238545, 95.0, 85.26, 0.33; GCA_030668875.1, s__UBA460 sp030668875, 95.0, 84.81, 0.315; GCA_023705905.1, s__UBA460 sp023705905, 95.0, 84.75, 0.237	91.09	11	0.96213	N/A
Meg22_1012_Bin_354	d__Archaea;p__Asgardarchaeota;c__Lokiarchaeia;o__Sigynarchaeales;f__Sigynarchaeaceae;g__;s__	N/A	N/A	N/A	N/A	N/A	N/A	N/A	N/A	N/A	N/A	d__Archaea;p__Asgardarchaeota;c__Lokiarchaeia;o__Sigynarchaeales;f__;g__;s__	taxonomic novelty determined using RED	N/A	N/A	73.02	11	0.73546	N/A
Meg22_1012_Bin_78	d__Archaea;p__Asgardarchaeota;c__Heimdallarchaeia;o__Heimdallarchaeales;f__Heimdallarchaeaceae;g__;s__	N/A	N/A	N/A	N/A	N/A	N/A	N/A	N/A	N/A	N/A	d__Archaea;p__Asgardarchaeota;c__Heimdallarchaeia;o__Heimdallarchaeales;f__Heimdallarchaeaceae;g__;s__	taxonomic novelty determined using RED	N/A	N/A	92.67	11	0.86528	N/A
Meg22_1012_Bin_83	d__Archaea;p__Asgardarchaeota;c__Heimdallarchaeia;o__JABLTI01;f__JABLTI01;g__JABLTI01;s__	N/A	N/A	N/A	N/A	N/A	N/A	N/A	N/A	N/A	N/A	d__Archaea;p__Asgardarchaeota;c__Heimdallarchaeia;o__JABLTI01;f__JABLTI01;g__JABLTI01;s__	taxonomic classification fully defined by topology	N/A	N/A	84.16	11	0.92187	N/A
Meg22_1012_Bin_95	d__Archaea;p__Asgardarchaeota;c__Jordiarchaeia;o__Jordiarchaeales;f__Jordiarchaeaceae;g__;s__	N/A	N/A	N/A	N/A	N/A	N/A	N/A	N/A	N/A	N/A	d__Archaea;p__Asgardarchaeota;c__Jordiarchaeia;o__Jordiarchaeales;f__;g__;s__	taxonomic novelty determined using RED	N/A	N/A	91.19	11	0.80106	N/A
Meg22_1214_Bin_101	d__Archaea;p__Asgardarchaeota;c__Odinarchaeia;o__Odinarchaeales;f__;g__;s__	N/A	N/A	N/A	N/A	N/A	N/A	N/A	N/A	N/A	N/A	d__Archaea;p__Asgardarchaeota;c__;o__;f__;g__;s__	taxonomic novelty determined using RED	N/A	N/A	94.32	11	0.54608	N/A
Meg22_1214_Bin_132	d__Archaea;p__Asgardarchaeota;c__Jordiarchaeia;o__Jordiarchaeales;f__Jordiarchaeaceae;g__;s__	N/A	N/A	N/A	N/A	N/A	N/A	N/A	N/A	N/A	N/A	d__Archaea;p__Asgardarchaeota;c__Jordiarchaeia;o__Jordiarchaeales;f__;g__;s__	taxonomic novelty determined using RED	N/A	N/A	85.0	11	0.80063	N/A
Meg22_1214_Bin_145	d__Archaea;p__Asgardarchaeota;c__Thorarchaeia;o__Thorarchaeales;f__Thorarchaeaceae;g__MP8T-1;s__	N/A	N/A	N/A	N/A	N/A	N/A	N/A	N/A	N/A	N/A	d__Archaea;p__Asgardarchaeota;c__Thorarchaeia;o__Thorarchaeales;f__Thorarchaeaceae;g__MP8T-1;s__	taxonomic classification fully defined by topology	N/A	N/A	83.23	11	0.96272	N/A
Meg22_1214_Bin_158	d__Archaea;p__Asgardarchaeota;c__Heimdallarchaeia;o__Heimdallarchaeales;f__Heimdallarchaeaceae;g__;s__	N/A	N/A	N/A	N/A	N/A	N/A	N/A	N/A	N/A	N/A	d__Archaea;p__Asgardarchaeota;c__Heimdallarchaeia;o__Heimdallarchaeales;f__Heimdallarchaeaceae;g__;s__	taxonomic novelty determined using RED	N/A	N/A	93.4	11	0.86496	N/A
Meg22_1214_Bin_165	d__Archaea;p__Asgardarchaeota;c__Lokiarchaeia;o__Sigynarchaeales;f__SOKP01;g__SOKP01;s__	N/A	N/A	N/A	N/A	N/A	N/A	N/A	N/A	N/A	N/A	d__Archaea;p__Asgardarchaeota;c__Lokiarchaeia;o__Sigynarchaeales;f__SOKP01;g__SOKP01;s__	taxonomic classification defined by topology and ANI	N/A	GCA_019894815.1, s__SOKP01 sp019894815, 95.0, 92.75, 0.621; GCA_030667705.1, s__SOKP01 sp030667705, 95.0, 92.15, 0.589; GCA_019894955.1, s__SOKP01 sp019894955, 95.0, 86.23, 0.304	84.87	11	0.98157	Genome not assigned to closest species as it falls outside its pre-defined ANI radius
Meg22_1214_Bin_169	d__Archaea;p__Asgardarchaeota;c__Lokiarchaeia;o__Helarchaeales;f__HEL-GB-A;g__HEL-GB-A;s__	N/A	N/A	N/A	N/A	N/A	N/A	N/A	N/A	N/A	N/A	d__Archaea;p__Asgardarchaeota;c__Lokiarchaeia;o__Helarchaeales;f__HEL-GB-A;g__;s__	taxonomic novelty determined using RED	N/A	N/A	91.21	11	0.86877	N/A
Meg22_1214_Bin_179	d__Archaea;p__Asgardarchaeota;c__Heimdallarchaeia;o__Heimdallarchaeales;f__Heimdallarchaeaceae;g__Heimdallarchaeum;s__Heimdallarchaeum aukensis	GCA_021513695.1	95.0	d__Archaea;p__Asgardarchaeota;c__Heimdallarchaeia;o__Heimdallarchaeales;f__Heimdallarchaeaceae;g__Heimdallarchaeum;s__Heimdallarchaeum aukensis	98.44	0.863	GCA_021513695.1	95.0	d__Archaea;p__Asgardarchaeota;c__Heimdallarchaeia;o__Heimdallarchaeales;f__Heimdallarchaeaceae;g__Heimdallarchaeum;s__Heimdallarchaeum aukensis	98.44	0.863	d__Archaea;p__Asgardarchaeota;c__Heimdallarchaeia;o__Heimdallarchaeales;f__Heimdallarchaeaceae;g__Heimdallarchaeum;s__	taxonomic classification defined by topology and ANI	topological placement and ANI have congruent species assignments	GCA_021513715.1, s__Heimdallarchaeum endolithica, 95.0, 89.43, 0.472	88.1	11	N/A	N/A
Meg22_1214_Bin_185	d__Archaea;p__Asgardarchaeota;c__Lokiarchaeia;o__Helarchaeales;f__HEL-GB-B;g__HEL-GB-B;s__HEL-GB-B sp005191425	GCA_005191425.1	95.0	d__Archaea;p__Asgardarchaeota;c__Lokiarchaeia;o__Helarchaeales;f__HEL-GB-B;g__HEL-GB-B;s__HEL-GB-B sp005191425	98.97	0.816	GCA_005191425.1	95.0	d__Archaea;p__Asgardarchaeota;c__Lokiarchaeia;o__Helarchaeales;f__HEL-GB-B;g__HEL-GB-B;s__HEL-GB-B sp005191425	98.97	0.816	d__Archaea;p__Asgardarchaeota;c__Lokiarchaeia;o__Helarchaeales;f__;g__;s__	taxonomic classification defined by topology and ANI	topological placement and ANI have congruent species assignments	N/A	62.29	11	N/A	N/A
Meg22_1214_Bin_186	d__Archaea;p__Asgardarchaeota;c__Heimdallarchaeia;o__JABLTI01;f__JABLTI01;g__;s__	N/A	N/A	N/A	N/A	N/A	N/A	N/A	N/A	N/A	N/A	d__Archaea;p__Asgardarchaeota;c__Heimdallarchaeia;o__JABLTI01;f__JABLTI01;g__;s__	taxonomic novelty determined using RED	N/A	N/A	57.16	11	0.81115	N/A
Meg22_1214_Bin_189	d__Archaea;p__Asgardarchaeota;c__Lokiarchaeia;o__Sigynarchaeales;f__SOKP01;g__JALGVJ01;s__	N/A	N/A	N/A	N/A	N/A	N/A	N/A	N/A	N/A	N/A	d__Archaea;p__Asgardarchaeota;c__Lokiarchaeia;o__Sigynarchaeales;f__SOKP01;g__;s__	taxonomic novelty determined using RED	N/A	N/A	89.95	11	0.86947	N/A
Meg22_1214_Bin_191	d__Archaea;p__Asgardarchaeota;c__Lokiarchaeia;o__Sigynarchaeales;f__SOKP01;g__JALGVJ01;s__JALGVJ01 sp029838195	GCA_029838195.1	95.0	d__Archaea;p__Asgardarchaeota;c__Lokiarchaeia;o__Sigynarchaeales;f__SOKP01;g__JALGVJ01;s__JALGVJ01 sp029838195	99.97	0.959	GCA_029838195.1	95.0	d__Archaea;p__Asgardarchaeota;c__Lokiarchaeia;o__Sigynarchaeales;f__SOKP01;g__JALGVJ01;s__JALGVJ01 sp029838195	99.97	0.959	d__Archaea;p__Asgardarchaeota;c__Lokiarchaeia;o__Sigynarchaeales;f__SOKP01;g__;s__	taxonomic classification defined by topology and ANI	topological placement and ANI have congruent species assignments	N/A	86.43	11	N/A	N/A
Meg22_1214_Bin_20	d__Archaea;p__Asgardarchaeota;c__Lokiarchaeia;o__Helarchaeales;f__RDOG01;g__JALGVI01;s__JALGVI01 sp029838215	GCA_029838215.1	95.0	d__Archaea;p__Asgardarchaeota;c__Lokiarchaeia;o__Helarchaeales;f__RDOG01;g__JALGVI01;s__JALGVI01 sp029838215	99.76	0.961	GCA_029838215.1	95.0	d__Archaea;p__Asgardarchaeota;c__Lokiarchaeia;o__Helarchaeales;f__RDOG01;g__JALGVI01;s__JALGVI01 sp029838215	99.76	0.961	d__Archaea;p__Asgardarchaeota;c__Lokiarchaeia;o__Helarchaeales;f__;g__;s__	taxonomic classification defined by topology and ANI	topological placement and ANI have congruent species assignments	N/A	92.06	11	N/A	N/A
Meg22_1214_Bin_213	d__Archaea;p__Asgardarchaeota;c__Lokiarchaeia;o__Sigynarchaeales;f__SOKP01;g__SOKP01;s__	N/A	N/A	N/A	N/A	N/A	N/A	N/A	N/A	N/A	N/A	d__Archaea;p__Asgardarchaeota;c__Lokiarchaeia;o__Sigynarchaeales;f__SOKP01;g__SOKP01;s__	taxonomic classification fully defined by topology	N/A	N/A	74.19	11	0.92773	N/A
Meg22_1214_Bin_22	d__Archaea;p__Asgardarchaeota;c__Lokiarchaeia;o__Sigynarchaeales;f__SOKP01;g__SOKP01;s__	N/A	N/A	N/A	N/A	N/A	N/A	N/A	N/A	N/A	N/A	d__Archaea;p__Asgardarchaeota;c__Lokiarchaeia;o__Sigynarchaeales;f__SOKP01;g__SOKP01;s__	taxonomic classification defined by topology and ANI	N/A	GCA_004375715.1, s__SOKP01 sp004375715, 95.0, 90.52, 0.369; GCA_029856125.1, s__SOKP01 sp029856125, 95.0, 90.51, 0.487; GCA_030599585.1, s__SOKP01 sp030599585, 95.0, 90.48, 0.53; GCA_019894855.1, s__SOKP01 sp019894855, 95.0, 90.21, 0.378; GCA_030615235.1, s__SOKP01 sp030615235, 95.0, 89.62, 0.245; GCA_035530895.1, s__SOKP01 sp035530895, 95.0, 89.44, 0.245; GCA_019894885.1, s__SOKP01 sp019894885, 95.0, 88.49, 0.244	40.97	11	0.98896	Genome not assigned to closest species as it falls outside its pre-defined ANI radius
Meg22_1214_Bin_223	d__Archaea;p__Asgardarchaeota;c__Lokiarchaeia;o__Sigynarchaeales;f__SOKP01;g__SOKP01;s__	N/A	N/A	N/A	N/A	N/A	N/A	N/A	N/A	N/A	N/A	d__Archaea;p__Asgardarchaeota;c__Lokiarchaeia;o__Sigynarchaeales;f__SOKP01;g__SOKP01;s__	taxonomic classification defined by topology and ANI	N/A	GCA_030599585.1, s__SOKP01 sp030599585, 95.0, 91.34, 0.612; GCA_004375715.1, s__SOKP01 sp004375715, 95.0, 90.6, 0.415; GCA_029856125.1, s__SOKP01 sp029856125, 95.0, 88.7, 0.431; GCA_019894855.1, s__SOKP01 sp019894855, 95.0, 88.31, 0.391; GCA_030615235.1, s__SOKP01 sp030615235, 95.0, 87.24, 0.26; GCA_035530895.1, s__SOKP01 sp035530895, 95.0, 86.68, 0.258; GCA_019894885.1, s__SOKP01 sp019894885, 95.0, 86.13, 0.25	67.33	11	0.99151	Genome not assigned to closest species as it falls outside its pre-defined ANI radius
Meg22_1214_Bin_226	d__Archaea;p__Asgardarchaeota;c__Lokiarchaeia;o__Sigynarchaeales;f__MK-D1;g__WJKO01;s__	N/A	N/A	N/A	N/A	N/A	N/A	N/A	N/A	N/A	N/A	d__Archaea;p__Asgardarchaeota;c__Lokiarchaeia;o__Sigynarchaeales;f__MK-D1;g__;s__	taxonomic novelty determined using RED	N/A	N/A	86.23	11	0.82751	N/A
Meg22_1214_Bin_228	d__Archaea;p__Asgardarchaeota;c__Lokiarchaeia;o__Helarchaeales;f__HEL-GB-A;g__;s__	N/A	N/A	N/A	N/A	N/A	N/A	N/A	N/A	N/A	N/A	d__Archaea;p__Asgardarchaeota;c__Lokiarchaeia;o__Helarchaeales;f__;g__;s__	taxonomic novelty determined using RED	N/A	N/A	90.75	11	0.78569	N/A
Meg22_1214_Bin_23	d__Archaea;p__Asgardarchaeota;c__Heimdallarchaeia;o__JABLTI01;f__JABLTI01;g__JABLTI01;s__	N/A	N/A	N/A	N/A	N/A	N/A	N/A	N/A	N/A	N/A	d__Archaea;p__Asgardarchaeota;c__Heimdallarchaeia;o__JABLTI01;f__JABLTI01;g__JABLTI01;s__	taxonomic classification fully defined by topology	N/A	N/A	88.86	11	0.9219	N/A
Meg22_1214_Bin_256	d__Archaea;p__Asgardarchaeota;c__Lokiarchaeia;o__Helarchaeales;f__HEL-GB-B;g__HEL-GB-B;s__	N/A	N/A	N/A	N/A	N/A	N/A	N/A	N/A	N/A	N/A	d__Archaea;p__Asgardarchaeota;c__Lokiarchaeia;o__Helarchaeales;f__;g__;s__	taxonomic novelty determined using RED	N/A	N/A	84.87	11	0.86584	N/A
Meg22_1214_Bin_318	d__Archaea;p__Asgardarchaeota;c__Heimdallarchaeia;o__Heimdallarchaeales;f__Heimdallarchaeaceae;g__Heimdallarchaeum;s__	N/A	N/A	N/A	N/A	N/A	N/A	N/A	N/A	N/A	N/A	d__Archaea;p__Asgardarchaeota;c__Heimdallarchaeia;o__Heimdallarchaeales;f__Heimdallarchaeaceae;g__;s__	taxonomic novelty determined using RED	N/A	N/A	86.7	11	0.87472	N/A
Meg22_1214_Bin_40	d__Archaea;p__Asgardarchaeota;c__Lokiarchaeia;o__Sigynarchaeales;f__SOKP01;g__;s__	N/A	N/A	N/A	N/A	N/A	N/A	N/A	N/A	N/A	N/A	d__Archaea;p__Asgardarchaeota;c__Lokiarchaeia;o__Sigynarchaeales;f__SOKP01;g__;s__	taxonomic classification fully defined by topology	N/A	N/A	83.56	11	0.88482	N/A
Meg22_1214_Bin_408	d__Archaea;p__Asgardarchaeota;c__Heimdallarchaeia;o__Heimdallarchaeales;f__Heimdallarchaeaceae;g__UBA460;s__	N/A	N/A	N/A	N/A	N/A	N/A	N/A	N/A	N/A	N/A	d__Archaea;p__Asgardarchaeota;c__Heimdallarchaeia;o__Heimdallarchaeales;f__Heimdallarchaeaceae;g__UBA460;s__	taxonomic classification defined by topology and ANI	N/A	GCA_023705945.1, s__UBA460 sp023705945, 95.0, 86.28, 0.308; GCA_018238545.1, s__UBA460 sp018238545, 95.0, 86.01, 0.303; GCA_030668875.1, s__UBA460 sp030668875, 95.0, 85.84, 0.307; GCA_030611665.1, s__UBA460 sp030611665, 95.0, 85.53, 0.329; GCA_023705905.1, s__UBA460 sp023705905, 95.0, 84.38, 0.217	94.46	11	0.96303	N/A
Meg22_1214_Bin_5	d__Archaea;p__Asgardarchaeota;c__Lokiarchaeia;o__Helarchaeales;f__JABXJV01;g__JABXJV01;s__	N/A	N/A	N/A	N/A	N/A	N/A	N/A	N/A	N/A	N/A	d__Archaea;p__Asgardarchaeota;c__Lokiarchaeia;o__Helarchaeales;f__;g__;s__	taxonomic novelty determined using RED	N/A	N/A	84.99	11	0.84505	N/A
Meg22_1214_Bin_97	d__Archaea;p__Asgardarchaeota;c__Heimdallarchaeia;o__Hodarchaeales;f__Hodarchaeaceae;g__Hodarchaeum;s__	N/A	N/A	N/A	N/A	N/A	N/A	N/A	N/A	N/A	N/A	d__Archaea;p__Asgardarchaeota;c__Heimdallarchaeia;o__Hodarchaeales;f__Hodarchaeaceae;g__Hodarchaeum;s__	taxonomic classification fully defined by topology	N/A	N/A	65.06	11	0.91531	N/A
Meg22_1416_Bin_13	d__Archaea;p__Asgardarchaeota;c__Lokiarchaeia;o__Sigynarchaeales;f__SOKP01;g__SOKP01;s__	N/A	N/A	N/A	N/A	N/A	N/A	N/A	N/A	N/A	N/A	d__Archaea;p__Asgardarchaeota;c__Lokiarchaeia;o__Sigynarchaeales;f__SOKP01;g__SOKP01;s__	taxonomic classification fully defined by topology	N/A	N/A	73.23	11	0.9273	N/A
Meg22_1416_Bin_130	d__Archaea;p__Asgardarchaeota;c__Lokiarchaeia;o__Helarchaeales;f__HEL-GB-A;g__HEL-GB-A;s__	N/A	N/A	N/A	N/A	N/A	N/A	N/A	N/A	N/A	N/A	d__Archaea;p__Asgardarchaeota;c__Lokiarchaeia;o__Helarchaeales;f__HEL-GB-A;g__;s__	taxonomic novelty determined using RED	N/A	N/A	89.56	11	0.87019	N/A
Meg22_1416_Bin_151	d__Archaea;p__Asgardarchaeota;c__Lokiarchaeia;o__Sigynarchaeales;f__SOKP01;g__JALGVJ01;s__JALGVJ01 sp029838195	GCA_029838195.1	95.0	d__Archaea;p__Asgardarchaeota;c__Lokiarchaeia;o__Sigynarchaeales;f__SOKP01;g__JALGVJ01;s__JALGVJ01 sp029838195	99.64	0.911	GCA_029838195.1	95.0	d__Archaea;p__Asgardarchaeota;c__Lokiarchaeia;o__Sigynarchaeales;f__SOKP01;g__JALGVJ01;s__JALGVJ01 sp029838195	99.64	0.911	d__Archaea;p__Asgardarchaeota;c__Lokiarchaeia;o__Sigynarchaeales;f__SOKP01;g__;s__	taxonomic classification defined by topology and ANI	topological placement and ANI have congruent species assignments	N/A	84.38	11	N/A	N/A
Meg22_1416_Bin_16	d__Archaea;p__Asgardarchaeota;c__Heimdallarchaeia;o__Heimdallarchaeales;f__Heimdallarchaeaceae;g__Heimdallarchaeum;s__Heimdallarchaeum aukensis	GCA_021513695.1	95.0	d__Archaea;p__Asgardarchaeota;c__Heimdallarchaeia;o__Heimdallarchaeales;f__Heimdallarchaeaceae;g__Heimdallarchaeum;s__Heimdallarchaeum aukensis	98.6	0.9	GCA_021513695.1	95.0	d__Archaea;p__Asgardarchaeota;c__Heimdallarchaeia;o__Heimdallarchaeales;f__Heimdallarchaeaceae;g__Heimdallarchaeum;s__Heimdallarchaeum aukensis	98.6	0.9	d__Archaea;p__Asgardarchaeota;c__Heimdallarchaeia;o__Heimdallarchaeales;f__Heimdallarchaeaceae;g__Heimdallarchaeum;s__	taxonomic classification defined by topology and ANI	topological placement and ANI have congruent species assignments	GCA_021513715.1, s__Heimdallarchaeum endolithica, 95.0, 88.82, 0.494	86.94	11	N/A	N/A
Meg22_1416_Bin_161	d__Archaea;p__Asgardarchaeota;c__Lokiarchaeia;o__Sigynarchaeales;f__SOKP01;g__;s__	N/A	N/A	N/A	N/A	N/A	N/A	N/A	N/A	N/A	N/A	d__Archaea;p__Asgardarchaeota;c__Lokiarchaeia;o__Sigynarchaeales;f__SOKP01;g__;s__	taxonomic classification fully defined by topology	N/A	N/A	76.13	11	0.80738	N/A
Meg22_1416_Bin_171	d__Archaea;p__Asgardarchaeota;c__Odinarchaeia;o__Odinarchaeales;f__;g__;s__	N/A	N/A	N/A	N/A	N/A	N/A	N/A	N/A	N/A	N/A	d__Archaea;p__Asgardarchaeota;c__;o__;f__;g__;s__	taxonomic novelty determined using RED	N/A	N/A	73.51	11	0.53939	N/A
Meg22_1416_Bin_173	d__Archaea;p__Asgardarchaeota;c__Lokiarchaeia;o__Sigynarchaeales;f__SOKP01;g__;s__	N/A	N/A	N/A	N/A	N/A	N/A	N/A	N/A	N/A	N/A	d__Archaea;p__Asgardarchaeota;c__Lokiarchaeia;o__Sigynarchaeales;f__SOKP01;g__;s__	taxonomic classification fully defined by topology	N/A	N/A	47.0	11	0.88557	N/A
Meg22_1416_Bin_184	d__Archaea;p__Asgardarchaeota;c__Thorarchaeia;o__Thorarchaeales;f__Thorarchaeaceae;g__MP8T-1;s__	N/A	N/A	N/A	N/A	N/A	N/A	N/A	N/A	N/A	N/A	d__Archaea;p__Asgardarchaeota;c__Thorarchaeia;o__Thorarchaeales;f__Thorarchaeaceae;g__MP8T-1;s__	taxonomic classification fully defined by topology	N/A	N/A	55.61	11	0.96768	N/A
Meg22_1416_Bin_186	d__Archaea;p__Asgardarchaeota;c__Thorarchaeia;o__Thorarchaeales;f__Thorarchaeaceae;g__B65-G9;s__B65-G9 sp003662765	GCA_003662765.1	95.0	d__Archaea;p__Asgardarchaeota;c__Thorarchaeia;o__Thorarchaeales;f__Thorarchaeaceae;g__B65-G9;s__B65-G9 sp003662765	96.17	0.555	GCA_003662765.1	95.0	d__Archaea;p__Asgardarchaeota;c__Thorarchaeia;o__Thorarchaeales;f__Thorarchaeaceae;g__B65-G9;s__B65-G9 sp003662765	96.17	0.555	d__Archaea;p__Asgardarchaeota;c__Thorarchaeia;o__Thorarchaeales;f__Thorarchaeaceae;g__B65-G9;s__	taxonomic classification defined by topology and ANI	topological placement and ANI have congruent species assignments	N/A	55.14	11	N/A	N/A
Meg22_1416_Bin_21_NC	d__Archaea;p__Asgardarchaeota;c__Jordiarchaeia;o__Jordiarchaeales;f__Jordiarchaeaceae;g__;s__	N/A	N/A	N/A	N/A	N/A	N/A	N/A	N/A	N/A	N/A	d__Archaea;p__Asgardarchaeota;c__Jordiarchaeia;o__Jordiarchaeales;f__;g__;s__	taxonomic novelty determined using RED	N/A	N/A	58.57	11	0.80129	N/A
Meg22_1416_Bin_36	d__Archaea;p__Asgardarchaeota;c__Heimdallarchaeia;o__Heimdallarchaeales;f__Heimdallarchaeaceae;g__;s__	N/A	N/A	N/A	N/A	N/A	N/A	N/A	N/A	N/A	N/A	d__Archaea;p__Asgardarchaeota;c__Heimdallarchaeia;o__Heimdallarchaeales;f__Heimdallarchaeaceae;g__;s__	taxonomic novelty determined using RED	N/A	N/A	74.1	11	0.86571	N/A
Meg22_1416_Bin_67	d__Archaea;p__Asgardarchaeota;c__Lokiarchaeia;o__Helarchaeales;f__HEL-GB-A;g__;s__	N/A	N/A	N/A	N/A	N/A	N/A	N/A	N/A	N/A	N/A	d__Archaea;p__Asgardarchaeota;c__Lokiarchaeia;o__Helarchaeales;f__;g__;s__	taxonomic novelty determined using RED	N/A	N/A	86.33	11	0.78466	N/A
Meg22_1416_Bin_72	d__Archaea;p__Asgardarchaeota;c__Lokiarchaeia;o__Helarchaeales;f__HEL-GB-B;g__HEL-GB-B;s__	N/A	N/A	N/A	N/A	N/A	N/A	N/A	N/A	N/A	N/A	d__Archaea;p__Asgardarchaeota;c__Lokiarchaeia;o__Helarchaeales;f__;g__;s__	taxonomic novelty determined using RED	N/A	N/A	86.17	11	0.84053	N/A
Meg22_1416_Bin_92_2_1	d__Archaea;p__Asgardarchaeota;c__Heimdallarchaeia;o__Hodarchaeales;f__Hodarchaeaceae;g__Hodarchaeum;s__	N/A	N/A	N/A	N/A	N/A	N/A	N/A	N/A	N/A	N/A	d__Archaea;p__Asgardarchaeota;c__Heimdallarchaeia;o__Hodarchaeales;f__Hodarchaeaceae;g__Hodarchaeum;s__	taxonomic classification fully defined by topology	N/A	N/A	63.32	11	0.92011	N/A
Meg22_1618_Bin_103	d__Archaea;p__Asgardarchaeota;c__Lokiarchaeia;o__Sigynarchaeales;f__SOKP01;g__JALGVJ01;s__	N/A	N/A	N/A	N/A	N/A	N/A	N/A	N/A	N/A	N/A	d__Archaea;p__Asgardarchaeota;c__Lokiarchaeia;o__Sigynarchaeales;f__SOKP01;g__;s__	taxonomic novelty determined using RED	N/A	N/A	88.24	11	0.87076	N/A
Meg22_1618_Bin_122	d__Archaea;p__Asgardarchaeota;c__Odinarchaeia;o__Odinarchaeales;f__;g__;s__	N/A	N/A	N/A	N/A	N/A	N/A	N/A	N/A	N/A	N/A	d__Archaea;p__Asgardarchaeota;c__;o__;f__;g__;s__	taxonomic novelty determined using RED	N/A	N/A	94.32	11	0.5461	N/A
Meg22_1618_Bin_136	d__Archaea;p__Asgardarchaeota;c__Jordiarchaeia;o__Jordiarchaeales;f__Jordiarchaeaceae;g__;s__	N/A	N/A	N/A	N/A	N/A	N/A	N/A	N/A	N/A	N/A	d__Archaea;p__Asgardarchaeota;c__Jordiarchaeia;o__Jordiarchaeales;f__;g__;s__	taxonomic novelty determined using RED	N/A	N/A	84.95	11	0.80252	N/A
Meg22_1618_Bin_161	d__Archaea;p__Asgardarchaeota;c__Lokiarchaeia;o__Helarchaeales;f__HEL-GB-B;g__HEL-GB-B;s__	N/A	N/A	N/A	N/A	N/A	N/A	N/A	N/A	N/A	N/A	d__Archaea;p__Asgardarchaeota;c__Lokiarchaeia;o__Helarchaeales;f__;g__;s__	taxonomic novelty determined using RED	N/A	N/A	83.85	11	0.82916	N/A
Meg22_1618_Bin_17	d__Archaea;p__Asgardarchaeota;c__Lokiarchaeia;o__Sigynarchaeales;f__SOKP01;g__SOKP01;s__	N/A	N/A	N/A	N/A	N/A	N/A	N/A	N/A	N/A	N/A	d__Archaea;p__Asgardarchaeota;c__Lokiarchaeia;o__Sigynarchaeales;f__SOKP01;g__SOKP01;s__	taxonomic classification fully defined by topology	N/A	N/A	62.91	11	0.92716	N/A
Meg22_1618_Bin_30	d__Archaea;p__Asgardarchaeota;c__Heimdallarchaeia;o__Heimdallarchaeales;f__Heimdallarchaeaceae;g__UBA460;s__	N/A	N/A	N/A	N/A	N/A	N/A	N/A	N/A	N/A	N/A	d__Archaea;p__Asgardarchaeota;c__Heimdallarchaeia;o__Heimdallarchaeales;f__Heimdallarchaeaceae;g__UBA460;s__	taxonomic classification fully defined by topology	N/A	N/A	61.97	11	0.91011	N/A
Meg22_1618_Bin_45	d__Archaea;p__Asgardarchaeota;c__Thorarchaeia;o__Thorarchaeales;f__Thorarchaeaceae;g__B65-G9;s__	N/A	N/A	N/A	N/A	N/A	GCA_003662765.1	95.0	d__Archaea;p__Asgardarchaeota;c__Thorarchaeia;o__Thorarchaeales;f__Thorarchaeaceae;g__B65-G9;s__B65-G9 sp003662765	94.38	0.804	d__Archaea;p__Asgardarchaeota;c__Thorarchaeia;o__Thorarchaeales;f__Thorarchaeaceae;g__B65-G9;s__	taxonomic classification defined by topology and ANI	N/A	N/A	90.31	11	0.98447	Genome not assigned to closest species as it falls outside its pre-defined ANI radius
Meg22_1618_Bin_62	d__Archaea;p__Asgardarchaeota;c__Heimdallarchaeia;o__Heimdallarchaeales;f__Heimdallarchaeaceae;g__Heimdallarchaeum;s__Heimdallarchaeum aukensis	GCA_021513695.1	95.0	d__Archaea;p__Asgardarchaeota;c__Heimdallarchaeia;o__Heimdallarchaeales;f__Heimdallarchaeaceae;g__Heimdallarchaeum;s__Heimdallarchaeum aukensis	98.37	0.857	GCA_021513695.1	95.0	d__Archaea;p__Asgardarchaeota;c__Heimdallarchaeia;o__Heimdallarchaeales;f__Heimdallarchaeaceae;g__Heimdallarchaeum;s__Heimdallarchaeum aukensis	98.37	0.857	d__Archaea;p__Asgardarchaeota;c__Heimdallarchaeia;o__Heimdallarchaeales;f__Heimdallarchaeaceae;g__Heimdallarchaeum;s__	taxonomic classification defined by topology and ANI	topological placement and ANI have congruent species assignments	GCA_021513715.1, s__Heimdallarchaeum endolithica, 95.0, 89.04, 0.473	87.31	11	N/A	N/A
Meg22_1618_Bin_74	d__Archaea;p__Asgardarchaeota;c__Heimdallarchaeia;o__Hodarchaeales;f__Hodarchaeaceae;g__Hodarchaeum;s__	N/A	N/A	N/A	N/A	N/A	N/A	N/A	N/A	N/A	N/A	d__Archaea;p__Asgardarchaeota;c__Heimdallarchaeia;o__Hodarchaeales;f__Hodarchaeaceae;g__Hodarchaeum;s__	taxonomic classification fully defined by topology	N/A	N/A	77.41	11	0.91518	N/A
Meg22_24_Bin_100	d__Archaea;p__Asgardarchaeota;c__Heimdallarchaeia;o__JABLTI01;f__JABLTI01;g__JABLTI01;s__	N/A	N/A	N/A	N/A	N/A	N/A	N/A	N/A	N/A	N/A	d__Archaea;p__Asgardarchaeota;c__Heimdallarchaeia;o__JABLTI01;f__JABLTI01;g__JABLTI01;s__	taxonomic classification fully defined by topology	N/A	N/A	79.91	11	0.92155	N/A
Meg22_24_Bin_104	d__Archaea;p__Asgardarchaeota;c__Heimdallarchaeia;o__Hodarchaeales;f__Hodarchaeaceae;g__Hodarchaeum;s__	N/A	N/A	N/A	N/A	N/A	N/A	N/A	N/A	N/A	N/A	d__Archaea;p__Asgardarchaeota;c__Heimdallarchaeia;o__Hodarchaeales;f__Hodarchaeaceae;g__Hodarchaeum;s__	taxonomic classification fully defined by topology	N/A	N/A	50.74	11	0.94077	N/A
Meg22_24_Bin_122	d__Archaea;p__Asgardarchaeota;c__Lokiarchaeia;o__Sigynarchaeales;f__SOKP01;g__SOKP01;s__	N/A	N/A	N/A	N/A	N/A	N/A	N/A	N/A	N/A	N/A	d__Archaea;p__Asgardarchaeota;c__Lokiarchaeia;o__Sigynarchaeales;f__SOKP01;g__SOKP01;s__	taxonomic classification defined by topology and ANI	N/A	GCA_029856125.1, s__SOKP01 sp029856125, 95.0, 89.58, 0.356; GCA_004375715.1, s__SOKP01 sp004375715, 95.0, 89.46, 0.278; GCA_030599585.1, s__SOKP01 sp030599585, 95.0, 89.35, 0.419; GCA_019894855.1, s__SOKP01 sp019894855, 95.0, 88.54, 0.265; GCA_035530895.1, s__SOKP01 sp035530895, 95.0, 88.21, 0.171; GCA_030615235.1, s__SOKP01 sp030615235, 95.0, 87.87, 0.18; GCA_019894885.1, s__SOKP01 sp019894885, 95.0, 87.21, 0.168	60.61	11	0.99044	N/A
Meg22_24_Bin_138	d__Archaea;p__Asgardarchaeota;c__Lokiarchaeia;o__Sigynarchaeales;f__SOKP01;g__SOKP01;s__	N/A	N/A	N/A	N/A	N/A	GCA_030599585.1	95.0	d__Archaea;p__Asgardarchaeota;c__Lokiarchaeia;o__Sigynarchaeales;f__SOKP01;g__SOKP01;s__SOKP01 sp030599585	90.93	0.469	d__Archaea;p__Asgardarchaeota;c__Lokiarchaeia;o__Sigynarchaeales;f__SOKP01;g__SOKP01;s__	taxonomic classification defined by topology and ANI	N/A	GCA_004375715.1, s__SOKP01 sp004375715, 95.0, 90.48, 0.349; GCA_029856125.1, s__SOKP01 sp029856125, 95.0, 88.62, 0.314; GCA_019894855.1, s__SOKP01 sp019894855, 95.0, 88.25, 0.335; GCA_035530895.1, s__SOKP01 sp035530895, 95.0, 86.87, 0.209; GCA_030615235.1, s__SOKP01 sp030615235, 95.0, 86.77, 0.201; GCA_019894885.1, s__SOKP01 sp019894885, 95.0, 86.08, 0.184	39.2	11	0.99535	N/A
Meg22_24_Bin_167	d__Archaea;p__Asgardarchaeota;c__Heimdallarchaeia;o__JABLTI01;f__JABLTI01;g__JABLTI01;s__	N/A	N/A	N/A	N/A	N/A	N/A	N/A	N/A	N/A	N/A	d__Archaea;p__Asgardarchaeota;c__Heimdallarchaeia;o__JABLTI01;f__JABLTI01;g__JABLTI01;s__	taxonomic classification fully defined by topology	N/A	N/A	39.79	11	0.91039	N/A
Meg22_24_Bin_17	d__Archaea;p__Asgardarchaeota;c__Lokiarchaeia;o__Sigynarchaeales;f__SOKP01;g__LW40-45;s__	N/A	N/A	N/A	N/A	N/A	N/A	N/A	N/A	N/A	N/A	d__Archaea;p__Asgardarchaeota;c__Lokiarchaeia;o__Sigynarchaeales;f__SOKP01;g__;s__	taxonomic novelty determined using RED	N/A	N/A	54.18	11	0.92112	N/A
Meg22_24_Bin_77	d__Archaea;p__Asgardarchaeota;c__Heimdallarchaeia;o__JABLTI01;f__JABLTI01;g__JABLTI01;s__JABLTI01 sp030629105	GCA_030629105.1	95.0	d__Archaea;p__Asgardarchaeota;c__Heimdallarchaeia;o__JABLTI01;f__JABLTI01;g__JABLTI01;s__JABLTI01 sp030629105	97.22	0.686	GCA_030629105.1	95.0	d__Archaea;p__Asgardarchaeota;c__Heimdallarchaeia;o__JABLTI01;f__JABLTI01;g__JABLTI01;s__JABLTI01 sp030629105	97.22	0.686	d__Archaea;p__Asgardarchaeota;c__Heimdallarchaeia;o__JABLTI01;f__JABLTI01;g__JABLTI01;s__	taxonomic classification defined by topology and ANI	topological placement and ANI have congruent species assignments	GCA_030671945.1, s__JABLTI01 sp030671945, 95.0, 92.43, 0.375; GCA_013166835.1, s__JABLTI01 sp013166835, 95.0, 91.38, 0.443; GCA_019058165.1, s__JABLTI01 sp019058165, 95.0, 91.28, 0.387	70.39	11	N/A	N/A
Meg22_46_Bin_151	d__Archaea;p__Asgardarchaeota;c__Heimdallarchaeia;o__JABLTI01;f__JABLTI01;g__JABLTI01;s__	N/A	N/A	N/A	N/A	N/A	N/A	N/A	N/A	N/A	N/A	d__Archaea;p__Asgardarchaeota;c__Heimdallarchaeia;o__JABLTI01;f__JABLTI01;g__JABLTI01;s__	taxonomic classification fully defined by topology	N/A	N/A	46.75	11	0.91016	N/A
Meg22_46_Bin_152	d__Archaea;p__Asgardarchaeota;c__Heimdallarchaeia;o__Hodarchaeales;f__Hodarchaeaceae;g__Hodarchaeum;s__	N/A	N/A	N/A	N/A	N/A	N/A	N/A	N/A	N/A	N/A	d__Archaea;p__Asgardarchaeota;c__Heimdallarchaeia;o__Hodarchaeales;f__Hodarchaeaceae;g__Hodarchaeum;s__	taxonomic classification fully defined by topology	N/A	N/A	53.51	11	0.93881	N/A
Meg22_46_Bin_158	d__Archaea;p__Asgardarchaeota;c__Heimdallarchaeia;o__Heimdallarchaeales;f__Heimdallarchaeaceae;g__UBA460;s__	N/A	N/A	N/A	N/A	N/A	GCA_018238545.1	95.0	d__Archaea;p__Asgardarchaeota;c__Heimdallarchaeia;o__Heimdallarchaeales;f__Heimdallarchaeaceae;g__UBA460;s__UBA460 sp018238545	91.9	0.733	d__Archaea;p__Asgardarchaeota;c__Heimdallarchaeia;o__Heimdallarchaeales;f__Heimdallarchaeaceae;g__UBA460;s__	taxonomic classification defined by topology and ANI	N/A	GCA_023705945.1, s__UBA460 sp023705945, 95.0, 88.6, 0.46; GCA_030611665.1, s__UBA460 sp030611665, 95.0, 87.84, 0.483; GCA_030668875.1, s__UBA460 sp030668875, 95.0, 87.07, 0.454; GCA_023705905.1, s__UBA460 sp023705905, 95.0, 85.1, 0.316	75.4	11	0.98802	Genome has more than 11.3% of markers with multiple hits;Genome not assigned to closest species as it falls outside its pre-defined ANI radius
Meg22_46_Bin_198	d__Archaea;p__Asgardarchaeota;c__Lokiarchaeia;o__Sigynarchaeales;f__SOKP01;g__SOKP01;s__	N/A	N/A	N/A	N/A	N/A	N/A	N/A	N/A	N/A	N/A	d__Archaea;p__Asgardarchaeota;c__Lokiarchaeia;o__Sigynarchaeales;f__SOKP01;g__SOKP01;s__	taxonomic classification defined by topology and ANI	N/A	GCA_019894815.1, s__SOKP01 sp019894815, 95.0, 92.01, 0.537; GCA_030667705.1, s__SOKP01 sp030667705, 95.0, 90.91, 0.532; GCA_019894955.1, s__SOKP01 sp019894955, 95.0, 85.9, 0.255	74.98	11	0.98027	Genome not assigned to closest species as it falls outside its pre-defined ANI radius
Meg22_46_Bin_212	d__Archaea;p__Asgardarchaeota;c__Heimdallarchaeia;o__Heimdallarchaeales;f__Heimdallarchaeaceae;g__UBA460;s__UBA460 sp023139025	GCA_023139025.1	95.0	d__Archaea;p__Asgardarchaeota;c__Heimdallarchaeia;o__Heimdallarchaeales;f__Heimdallarchaeaceae;g__UBA460;s__UBA460 sp023139025	97.61	0.758	GCA_023139025.1	95.0	d__Archaea;p__Asgardarchaeota;c__Heimdallarchaeia;o__Heimdallarchaeales;f__Heimdallarchaeaceae;g__UBA460;s__UBA460 sp023139025	97.61	0.758	d__Archaea;p__Asgardarchaeota;c__Heimdallarchaeia;o__Heimdallarchaeales;f__Heimdallarchaeaceae;g__UBA460;s__	taxonomic classification defined by topology and ANI	topological placement and ANI have congruent species assignments	GCA_030608385.1, s__UBA460 sp030608385, 95.0, 94.27, 0.731; GCA_021399345.1, s__UBA460 sp021399345, 95.0, 93.35, 0.682; GCA_030607575.1, s__UBA460 sp030607575, 95.0, 91.77, 0.707; GCA_019057375.1, s__UBA460 sp002505645, 95.0, 91.64, 0.652; GCA_030668825.1, s__UBA460 sp023132955, 95.0, 91.6, 0.64	89.79	11	N/A	N/A
Meg22_46_Bin_234	d__Archaea;p__Asgardarchaeota;c__Heimdallarchaeia;o__Heimdallarchaeales;f__Heimdallarchaeaceae;g__UBA460;s__	N/A	N/A	N/A	N/A	N/A	GCA_021399395.1	95.0	d__Archaea;p__Asgardarchaeota;c__Heimdallarchaeia;o__Heimdallarchaeales;f__Heimdallarchaeaceae;g__UBA460;s__UBA460 sp021399395	87.69	0.347	d__Archaea;p__Asgardarchaeota;c__Heimdallarchaeia;o__Heimdallarchaeales;f__Heimdallarchaeaceae;g__UBA460;s__	taxonomic classification defined by topology and ANI	N/A	N/A	68.15	11	0.98127	N/A
Meg22_46_Bin_243	d__Archaea;p__Asgardarchaeota;c__Lokiarchaeia;o__Sigynarchaeales;f__MK-D1;g__AMARA-1;s__	N/A	N/A	N/A	N/A	N/A	N/A	N/A	N/A	N/A	N/A	d__Archaea;p__Asgardarchaeota;c__Lokiarchaeia;o__Sigynarchaeales;f__MK-D1;g__AMARA-1;s__	taxonomic classification fully defined by topology	N/A	N/A	79.05	11	0.97274	N/A
Meg22_46_Bin_83	d__Archaea;p__Asgardarchaeota;c__Heimdallarchaeia;o__JABLTI01;f__JABLTI01;g__JABLTI01;s__	N/A	N/A	N/A	N/A	N/A	GCA_030667035.1	95.0	d__Archaea;p__Asgardarchaeota;c__Heimdallarchaeia;o__JABLTI01;f__JABLTI01;g__JABLTI01;s__JABLTI01 sp030667035	94.04	0.544	d__Archaea;p__Asgardarchaeota;c__Heimdallarchaeia;o__JABLTI01;f__JABLTI01;g__JABLTI01;s__	taxonomic classification defined by topology and ANI	N/A	GCA_030614005.1, s__JABLTI01 sp030614005, 95.0, 87.59, 0.339; GCA_018238155.1, s__JABLTI01 sp018238155, 95.0, 86.6, 0.27	63.76	11	0.99133	Genome not assigned to closest species as it falls outside its pre-defined ANI radius
Meg22_46_Bin_92	d__Archaea;p__Asgardarchaeota;c__Heimdallarchaeia;o__JABLTI01;f__JABLTI01;g__JABLTI01;s__JABLTI01 sp030629105	GCA_030629105.1	95.0	d__Archaea;p__Asgardarchaeota;c__Heimdallarchaeia;o__JABLTI01;f__JABLTI01;g__JABLTI01;s__JABLTI01 sp030629105	96.73	0.669	GCA_030629105.1	95.0	d__Archaea;p__Asgardarchaeota;c__Heimdallarchaeia;o__JABLTI01;f__JABLTI01;g__JABLTI01;s__JABLTI01 sp030629105	96.73	0.669	d__Archaea;p__Asgardarchaeota;c__Heimdallarchaeia;o__JABLTI01;f__JABLTI01;g__JABLTI01;s__	taxonomic classification defined by topology and ANI	topological placement and ANI have congruent species assignments	GCA_030671945.1, s__JABLTI01 sp030671945, 95.0, 90.93, 0.432; GCA_013166835.1, s__JABLTI01 sp013166835, 95.0, 90.31, 0.473; GCA_019058165.1, s__JABLTI01 sp019058165, 95.0, 90.02, 0.459	36.83	11	N/A	N/A
Meg22_810_Bin_115	d__Archaea;p__Asgardarchaeota;c__Heimdallarchaeia;o__JABLTI01;f__JABLTI01;g__;s__	N/A	N/A	N/A	N/A	N/A	N/A	N/A	N/A	N/A	N/A	d__Archaea;p__Asgardarchaeota;c__Heimdallarchaeia;o__JABLTI01;f__JABLTI01;g__;s__	taxonomic novelty determined using RED	N/A	N/A	65.17	11	0.81673	N/A
Meg22_810_Bin_118	d__Archaea;p__Asgardarchaeota;c__Thorarchaeia;o__Thorarchaeales;f__Thorarchaeaceae;g__MP8T-1;s__	N/A	N/A	N/A	N/A	N/A	N/A	N/A	N/A	N/A	N/A	d__Archaea;p__Asgardarchaeota;c__Thorarchaeia;o__Thorarchaeales;f__Thorarchaeaceae;g__MP8T-1;s__	taxonomic classification fully defined by topology	N/A	N/A	86.65	11	0.96275	N/A
Meg22_810_Bin_168	d__Archaea;p__Asgardarchaeota;c__Lokiarchaeia;o__Helarchaeales;f__RDOG01;g__JALGVI01;s__JALGVI01 sp029838215	GCA_029838215.1	95.0	d__Archaea;p__Asgardarchaeota;c__Lokiarchaeia;o__Helarchaeales;f__RDOG01;g__JALGVI01;s__JALGVI01 sp029838215	99.75	0.918	GCA_029838215.1	95.0	d__Archaea;p__Asgardarchaeota;c__Lokiarchaeia;o__Helarchaeales;f__RDOG01;g__JALGVI01;s__JALGVI01 sp029838215	99.75	0.918	d__Archaea;p__Asgardarchaeota;c__Lokiarchaeia;o__Helarchaeales;f__;g__;s__	taxonomic classification defined by topology and ANI	topological placement and ANI have congruent species assignments	N/A	90.85	11	N/A	N/A
Meg22_810_Bin_213	d__Archaea;p__Asgardarchaeota;c__Heimdallarchaeia;o__Hodarchaeales;f__;g__;s__	N/A	N/A	N/A	N/A	N/A	N/A	N/A	N/A	N/A	N/A	d__Archaea;p__Asgardarchaeota;c__Heimdallarchaeia;o__Hodarchaeales;f__;g__;s__	taxonomic novelty determined using RED	N/A	N/A	58.52	11	0.62726	N/A
Meg22_810_Bin_230	d__Archaea;p__Asgardarchaeota;c__Lokiarchaeia;o__Sigynarchaeales;f__SOKP01;g__SOKP01;s__	N/A	N/A	N/A	N/A	N/A	N/A	N/A	N/A	N/A	N/A	d__Archaea;p__Asgardarchaeota;c__Lokiarchaeia;o__Sigynarchaeales;f__SOKP01;g__SOKP01;s__	taxonomic classification defined by topology and ANI	N/A	GCA_019894815.1, s__SOKP01 sp019894815, 95.0, 92.83, 0.551; GCA_030667705.1, s__SOKP01 sp030667705, 95.0, 91.53, 0.523; GCA_019894955.1, s__SOKP01 sp019894955, 95.0, 85.55, 0.249	68.93	11	0.98205	Genome not assigned to closest species as it falls outside its pre-defined ANI radius
Meg22_810_Bin_25	d__Archaea;p__Asgardarchaeota;c__Heimdallarchaeia;o__Heimdallarchaeales;f__Heimdallarchaeaceae;g__Heimdallarchaeum;s__Heimdallarchaeum aukensis	GCA_021513695.1	95.0	d__Archaea;p__Asgardarchaeota;c__Heimdallarchaeia;o__Heimdallarchaeales;f__Heimdallarchaeaceae;g__Heimdallarchaeum;s__Heimdallarchaeum aukensis	98.29	0.95	GCA_021513695.1	95.0	d__Archaea;p__Asgardarchaeota;c__Heimdallarchaeia;o__Heimdallarchaeales;f__Heimdallarchaeaceae;g__Heimdallarchaeum;s__Heimdallarchaeum aukensis	98.29	0.95	d__Archaea;p__Asgardarchaeota;c__Heimdallarchaeia;o__Heimdallarchaeales;f__Heimdallarchaeaceae;g__Heimdallarchaeum;s__	taxonomic classification defined by topology and ANI	topological placement and ANI have congruent species assignments	GCA_021513715.1, s__Heimdallarchaeum endolithica, 95.0, 88.76, 0.535	79.3	11	N/A	N/A
Meg22_810_Bin_250	d__Archaea;p__Asgardarchaeota;c__Lokiarchaeia;o__Sigynarchaeales;f__SOKP01;g__;s__	N/A	N/A	N/A	N/A	N/A	N/A	N/A	N/A	N/A	N/A	d__Archaea;p__Asgardarchaeota;c__Lokiarchaeia;o__Sigynarchaeales;f__SOKP01;g__;s__	taxonomic classification fully defined by topology	N/A	N/A	84.16	11	0.88738	N/A
Meg22_810_Bin_9	d__Archaea;p__Asgardarchaeota;c__Heimdallarchaeia;o__JABLTI01;f__JABLTI01;g__;s__	N/A	N/A	N/A	N/A	N/A	N/A	N/A	N/A	N/A	N/A	d__Archaea;p__Asgardarchaeota;c__Heimdallarchaeia;o__JABLTI01;f__JABLTI01;g__;s__	taxonomic novelty determined using RED	N/A	N/A	70.94	11	0.81926	N/A
Meg22_810_Bin_92	d__Archaea;p__Asgardarchaeota;c__Lokiarchaeia;o__Helarchaeales;f__HEL-GB-A;g__HEL-GB-A;s__	N/A	N/A	N/A	N/A	N/A	N/A	N/A	N/A	N/A	N/A	d__Archaea;p__Asgardarchaeota;c__Lokiarchaeia;o__Helarchaeales;f__HEL-GB-A;g__;s__	taxonomic novelty determined using RED	N/A	N/A	72.64	11	0.8664	N/A
OWC_Bin2	d__Archaea;p__Asgardarchaeota;c__Thorarchaeia;o__Thorarchaeales;f__Thorarchaeaceae;g__MP8T-1;s__MP8T-1 sp003345545	GCA_003345545.1	95.0	d__Archaea;p__Asgardarchaeota;c__Thorarchaeia;o__Thorarchaeales;f__Thorarchaeaceae;g__MP8T-1;s__MP8T-1 sp003345545	100.0	1.0	GCA_003345545.1	95.0	d__Archaea;p__Asgardarchaeota;c__Thorarchaeia;o__Thorarchaeales;f__Thorarchaeaceae;g__MP8T-1;s__MP8T-1 sp003345545	100.0	1.0	d__Archaea;p__Asgardarchaeota;c__Thorarchaeia;o__Thorarchaeales;f__Thorarchaeaceae;g__MP8T-1;s__	taxonomic classification defined by topology and ANI	topological placement and ANI have congruent species assignments	N/A	82.32	11	N/A	N/A
OWC_Bin3	d__Archaea;p__Asgardarchaeota;c__Thorarchaeia;o__Thorarchaeales;f__Thorarchaeaceae;g__OWC5;s__OWC5 sp003345595	GCA_003345595.1	95.0	d__Archaea;p__Asgardarchaeota;c__Thorarchaeia;o__Thorarchaeales;f__Thorarchaeaceae;g__OWC5;s__OWC5 sp003345595	100.0	0.999	GCA_003345595.1	95.0	d__Archaea;p__Asgardarchaeota;c__Thorarchaeia;o__Thorarchaeales;f__Thorarchaeaceae;g__OWC5;s__OWC5 sp003345595	100.0	0.999	d__Archaea;p__Asgardarchaeota;c__Thorarchaeia;o__Thorarchaeales;f__Thorarchaeaceae;g__OWC5;s__	taxonomic classification defined by topology and ANI	topological placement and ANI have congruent species assignments	N/A	73.47	11	N/A	N/A
OWC_Bin5	d__Archaea;p__Asgardarchaeota;c__Thorarchaeia;o__Thorarchaeales;f__Thorarchaeaceae;g__OWC5;s__OWC5 sp003345555	GCA_003345555.1	95.0	d__Archaea;p__Asgardarchaeota;c__Thorarchaeia;o__Thorarchaeales;f__Thorarchaeaceae;g__OWC5;s__OWC5 sp003345555	100.0	1.0	GCA_003345555.1	95.0	d__Archaea;p__Asgardarchaeota;c__Thorarchaeia;o__Thorarchaeales;f__Thorarchaeaceae;g__OWC5;s__OWC5 sp003345555	100.0	1.0	d__Archaea;p__Asgardarchaeota;c__Thorarchaeia;o__Thorarchaeales;f__Thorarchaeaceae;g__OWC5;s__	taxonomic classification defined by topology and ANI	topological placement and ANI have congruent species assignments	N/A	86.59	11	N/A	N/A
QC4_bin_49	d__Archaea;p__Asgardarchaeota;c__Jordiarchaeia;o__Jordiarchaeales;f__Freyrarchaeaceae;g__DTBI01;s__DTBI01 sp018383835	GCA_018383835.1	95.0	d__Archaea;p__Asgardarchaeota;c__Jordiarchaeia;o__Jordiarchaeales;f__Freyrarchaeaceae;g__DTBI01;s__DTBI01 sp018383835	100.0	0.997	GCA_018383835.1	95.0	d__Archaea;p__Asgardarchaeota;c__Jordiarchaeia;o__Jordiarchaeales;f__Freyrarchaeaceae;g__DTBI01;s__DTBI01 sp018383835	100.0	0.997	d__Archaea;p__Asgardarchaeota;c__Jordiarchaeia;o__Jordiarchaeales;f__Freyrarchaeaceae;g__DTBI01;s__	taxonomic classification defined by topology and ANI	topological placement and ANI have congruent species assignments	N/A	67.2	11	N/A	N/A
QZM_A2_3_bin_3	d__Archaea;p__Asgardarchaeota;c__Jordiarchaeia;o__Jordiarchaeales;f__Jordiarchaeaceae;g__Jordiarchaeum;s__Jordiarchaeum sp018383815	GCA_018383815.1	95.0	d__Archaea;p__Asgardarchaeota;c__Jordiarchaeia;o__Jordiarchaeales;f__Jordiarchaeaceae;g__Jordiarchaeum;s__Jordiarchaeum sp018383815	99.91	0.917	GCA_018383815.1	95.0	d__Archaea;p__Asgardarchaeota;c__Jordiarchaeia;o__Jordiarchaeales;f__Jordiarchaeaceae;g__Jordiarchaeum;s__Jordiarchaeum sp018383815	99.91	0.917	d__Archaea;p__Asgardarchaeota;c__Jordiarchaeia;o__Jordiarchaeales;f__Jordiarchaeaceae;g__Jordiarchaeum;s__	taxonomic classification defined by topology and ANI	topological placement and ANI have congruent species assignments	GCA_030587365.2, s__Jordiarchaeum sp030587365, 95.0, 93.46, 0.665; GCA_029856435.1, s__Jordiarchaeum sp029856435, 95.0, 90.14, 0.583	84.66	11	N/A	N/A
QZM_A2_bin_5	d__Archaea;p__Asgardarchaeota;c__Jordiarchaeia;o__Jordiarchaeales;f__Jordiarchaeaceae;g__Jordiarchaeum;s__Jordiarchaeum sp018383815	GCA_018383815.1	95.0	d__Archaea;p__Asgardarchaeota;c__Jordiarchaeia;o__Jordiarchaeales;f__Jordiarchaeaceae;g__Jordiarchaeum;s__Jordiarchaeum sp018383815	99.9	0.956	GCA_018383815.1	95.0	d__Archaea;p__Asgardarchaeota;c__Jordiarchaeia;o__Jordiarchaeales;f__Jordiarchaeaceae;g__Jordiarchaeum;s__Jordiarchaeum sp018383815	99.9	0.956	d__Archaea;p__Asgardarchaeota;c__Jordiarchaeia;o__Jordiarchaeales;f__Jordiarchaeaceae;g__Jordiarchaeum;s__	taxonomic classification defined by topology and ANI	topological placement and ANI have congruent species assignments	GCA_030587365.2, s__Jordiarchaeum sp030587365, 95.0, 93.61, 0.707; GCA_029856435.1, s__Jordiarchaeum sp029856435, 95.0, 90.02, 0.612	94.74	11	N/A	N/A
QZM_A3_bin_5	d__Archaea;p__Asgardarchaeota;c__Jordiarchaeia;o__Jordiarchaeales;f__Jordiarchaeaceae;g__Jordiarchaeum;s__Jordiarchaeum sp018383815	GCA_018383815.1	95.0	d__Archaea;p__Asgardarchaeota;c__Jordiarchaeia;o__Jordiarchaeales;f__Jordiarchaeaceae;g__Jordiarchaeum;s__Jordiarchaeum sp018383815	100.0	0.998	GCA_018383815.1	95.0	d__Archaea;p__Asgardarchaeota;c__Jordiarchaeia;o__Jordiarchaeales;f__Jordiarchaeaceae;g__Jordiarchaeum;s__Jordiarchaeum sp018383815	100.0	0.998	d__Archaea;p__Asgardarchaeota;c__Jordiarchaeia;o__Jordiarchaeales;f__Jordiarchaeaceae;g__Jordiarchaeum;s__	taxonomic classification defined by topology and ANI	topological placement and ANI have congruent species assignments	GCA_030587365.2, s__Jordiarchaeum sp030587365, 95.0, 93.61, 0.712; GCA_029856435.1, s__Jordiarchaeum sp029856435, 95.0, 90.04, 0.619	95.04	11	N/A	N/A
RPA3	d__Archaea;p__Asgardarchaeota;c__Odinarchaeia;o__Odinarchaeales;f__Odinarchaeaceae;g__Odinarchaeum;s__Odinarchaeum sp029856525	GCA_029856525.1	95.0	d__Archaea;p__Asgardarchaeota;c__Odinarchaeia;o__Odinarchaeales;f__Odinarchaeaceae;g__Odinarchaeum;s__Odinarchaeum sp029856525	100.0	0.998	GCA_029856525.1	95.0	d__Archaea;p__Asgardarchaeota;c__Odinarchaeia;o__Odinarchaeales;f__Odinarchaeaceae;g__Odinarchaeum;s__Odinarchaeum sp029856525	100.0	0.998	d__Archaea;p__Asgardarchaeota;c__Odinarchaeia;o__Odinarchaeales;f__Odinarchaeaceae;g__Odinarchaeum;s__	taxonomic classification defined by topology and ANI	topological placement and ANI have congruent species assignments	GCA_016839265.1, s__Odinarchaeum sp016839265, 95.0, 82.6, 0.181	87.21	11	N/A	N/A
RPD1	d__Archaea;p__Asgardarchaeota;c__Jordiarchaeia;o__Jordiarchaeales;f__Freyrarchaeaceae;g__;s__	N/A	N/A	N/A	N/A	N/A	N/A	N/A	N/A	N/A	N/A	d__Archaea;p__Asgardarchaeota;c__Jordiarchaeia;o__Jordiarchaeales;f__Freyrarchaeaceae;g__;s__	taxonomic novelty determined using RED	N/A	N/A	51.51	11	0.85561	N/A
RPF2	d__Archaea;p__Asgardarchaeota;c__Jordiarchaeia;o__Jordiarchaeales;f__Jordiarchaeaceae;g__Jordiarchaeum;s__Jordiarchaeum sp029856435	GCA_029856435.1	95.0	d__Archaea;p__Asgardarchaeota;c__Jordiarchaeia;o__Jordiarchaeales;f__Jordiarchaeaceae;g__Jordiarchaeum;s__Jordiarchaeum sp029856435	100.0	0.999	GCA_029856435.1	95.0	d__Archaea;p__Asgardarchaeota;c__Jordiarchaeia;o__Jordiarchaeales;f__Jordiarchaeaceae;g__Jordiarchaeum;s__Jordiarchaeum sp029856435	100.0	0.999	d__Archaea;p__Asgardarchaeota;c__Jordiarchaeia;o__Jordiarchaeales;f__Jordiarchaeaceae;g__Jordiarchaeum;s__	taxonomic classification defined by topology and ANI	topological placement and ANI have congruent species assignments	GCA_030587365.2, s__Jordiarchaeum sp030587365, 95.0, 91.1, 0.55; GCA_018383815.1, s__Jordiarchaeum sp018383815, 95.0, 90.06, 0.591	94.11	11	N/A	N/A
S2_bin16	d__Archaea;p__Asgardarchaeota;c__Lokiarchaeia;o__Sigynarchaeales;f__MK-D1;g__Prometheoarchaeum;s__Prometheoarchaeum sp030613185	GCA_030613185.1	95.0	d__Archaea;p__Asgardarchaeota;c__Lokiarchaeia;o__Sigynarchaeales;f__MK-D1;g__Prometheoarchaeum;s__Prometheoarchaeum sp030613185	99.93	0.923	GCA_030613185.1	95.0	d__Archaea;p__Asgardarchaeota;c__Lokiarchaeia;o__Sigynarchaeales;f__MK-D1;g__Prometheoarchaeum;s__Prometheoarchaeum sp030613185	99.93	0.923	d__Archaea;p__Asgardarchaeota;c__Lokiarchaeia;o__Sigynarchaeales;f__MK-D1;g__Prometheoarchaeum;s__	taxonomic classification defined by topology and ANI	topological placement and ANI have congruent species assignments	GCA_030611625.1, s__Prometheoarchaeum sp030611625, 95.0, 87.76, 0.275; GCA_030612265.1, s__Prometheoarchaeum sp030612265, 95.0, 86.04, 0.231	78.33	11	N/A	N/A
S2_bin19	d__Archaea;p__Asgardarchaeota;c__Thorarchaeia;o__Thorarchaeales;f__Thorarchaeaceae;g__MP8T-1;s__	N/A	N/A	N/A	N/A	N/A	N/A	N/A	N/A	N/A	N/A	d__Archaea;p__Asgardarchaeota;c__Thorarchaeia;o__Thorarchaeales;f__Thorarchaeaceae;g__MP8T-1;s__	taxonomic classification fully defined by topology	N/A	N/A	29.16	11	0.98309	N/A
S2_bin51	d__Archaea;p__Asgardarchaeota;c__Heimdallarchaeia;o__Heimdallarchaeales;f__Heimdallarchaeaceae;g__UBA460;s__UBA460 sp030607575	GCA_030607575.1	95.0	d__Archaea;p__Asgardarchaeota;c__Heimdallarchaeia;o__Heimdallarchaeales;f__Heimdallarchaeaceae;g__UBA460;s__UBA460 sp030607575	95.89	0.765	GCA_030607575.1	95.0	d__Archaea;p__Asgardarchaeota;c__Heimdallarchaeia;o__Heimdallarchaeales;f__Heimdallarchaeaceae;g__UBA460;s__UBA460 sp030607575	95.89	0.765	d__Archaea;p__Asgardarchaeota;c__Heimdallarchaeia;o__Heimdallarchaeales;f__Heimdallarchaeaceae;g__UBA460;s__	taxonomic classification defined by topology and ANI	topological placement and ANI have congruent species assignments	GCA_030608385.1, s__UBA460 sp030608385, 95.0, 91.97, 0.655; GCA_023139025.1, s__UBA460 sp023139025, 95.0, 91.95, 0.58; GCA_030668825.1, s__UBA460 sp023132955, 95.0, 91.85, 0.61; GCA_021399345.1, s__UBA460 sp021399345, 95.0, 91.7, 0.599; GCA_019057375.1, s__UBA460 sp002505645, 95.0, 91.6, 0.583	88.68	11	N/A	N/A
S4_bin14	d__Archaea;p__Asgardarchaeota;c__Lokiarchaeia;o__Sigynarchaeales;f__SOKP01;g__SOKP01;s__SOKP01 sp030612905	GCA_030612905.1	95.0	d__Archaea;p__Asgardarchaeota;c__Lokiarchaeia;o__Sigynarchaeales;f__SOKP01;g__SOKP01;s__SOKP01 sp030612905	99.02	0.737	GCA_030612905.1	95.0	d__Archaea;p__Asgardarchaeota;c__Lokiarchaeia;o__Sigynarchaeales;f__SOKP01;g__SOKP01;s__SOKP01 sp030612905	99.02	0.737	d__Archaea;p__Asgardarchaeota;c__Lokiarchaeia;o__Sigynarchaeales;f__SOKP01;g__SOKP01;s__	taxonomic classification defined by topology and ANI	topological placement and ANI have congruent species assignments	GCA_005222975.1, s__SOKP01 sp005222975, 95.0, 93.55, 0.551; GCA_019057795.1, s__SOKP01 sp019057795, 95.0, 93.42, 0.649; GCA_029856105.1, s__SOKP01 sp029856105, 95.0, 92.35, 0.575; GCA_018238625.1, s__SOKP01 sp018238625, 95.0, 92.33, 0.632; GCA_030615145.1, s__SOKP01 sp030615145, 95.0, 92.3, 0.421; GCA_030606095.1, s__SOKP01 sp030606095, 95.0, 91.63, 0.4	83.13	11	N/A	N/A
S5_bin18	d__Archaea;p__Asgardarchaeota;c__Thorarchaeia;o__Thorarchaeales;f__Thorarchaeaceae;g__MP8T-1;s__MP8T-1 sp030612005	GCA_030612005.1	95.0	d__Archaea;p__Asgardarchaeota;c__Thorarchaeia;o__Thorarchaeales;f__Thorarchaeaceae;g__MP8T-1;s__MP8T-1 sp030612005	99.91	0.9	GCA_030612005.1	95.0	d__Archaea;p__Asgardarchaeota;c__Thorarchaeia;o__Thorarchaeales;f__Thorarchaeaceae;g__MP8T-1;s__MP8T-1 sp030612005	99.91	0.9	d__Archaea;p__Asgardarchaeota;c__Thorarchaeia;o__Thorarchaeales;f__Thorarchaeaceae;g__MP8T-1;s__	taxonomic classification defined by topology and ANI	topological placement and ANI have congruent species assignments	GCA_018238825.1, s__MP8T-1 sp018238825, 95.0, 89.88, 0.417; GCA_018238205.1, s__MP8T-1 sp018238205, 95.0, 89.5, 0.416	87.37	11	N/A	N/A
S5_bin29	d__Archaea;p__Asgardarchaeota;c__Lokiarchaeia;o__Sigynarchaeales;f__SOKP01;g__SOKP01;s__SOKP01 sp030612905	GCA_030612905.1	95.0	d__Archaea;p__Asgardarchaeota;c__Lokiarchaeia;o__Sigynarchaeales;f__SOKP01;g__SOKP01;s__SOKP01 sp030612905	98.64	0.736	GCA_030612905.1	95.0	d__Archaea;p__Asgardarchaeota;c__Lokiarchaeia;o__Sigynarchaeales;f__SOKP01;g__SOKP01;s__SOKP01 sp030612905	98.64	0.736	d__Archaea;p__Asgardarchaeota;c__Lokiarchaeia;o__Sigynarchaeales;f__SOKP01;g__SOKP01;s__	taxonomic classification defined by topology and ANI	topological placement and ANI have congruent species assignments	GCA_005222975.1, s__SOKP01 sp005222975, 95.0, 94.18, 0.616; GCA_019057795.1, s__SOKP01 sp019057795, 95.0, 93.94, 0.727; GCA_030615145.1, s__SOKP01 sp030615145, 95.0, 93.55, 0.471; GCA_030606095.1, s__SOKP01 sp030606095, 95.0, 93.15, 0.456; GCA_029856105.1, s__SOKP01 sp029856105, 95.0, 93.02, 0.621; GCA_018238625.1, s__SOKP01 sp018238625, 95.0, 92.77, 0.65	65.08	11	N/A	N/A
S6_bin33	d__Archaea;p__Asgardarchaeota;c__Thorarchaeia;o__Thorarchaeales;f__Thorarchaeaceae;g__MP8T-1;s__MP8T-1 sp030612005	GCA_030612005.1	95.0	d__Archaea;p__Asgardarchaeota;c__Thorarchaeia;o__Thorarchaeales;f__Thorarchaeaceae;g__MP8T-1;s__MP8T-1 sp030612005	99.17	0.817	GCA_030612005.1	95.0	d__Archaea;p__Asgardarchaeota;c__Thorarchaeia;o__Thorarchaeales;f__Thorarchaeaceae;g__MP8T-1;s__MP8T-1 sp030612005	99.17	0.817	d__Archaea;p__Asgardarchaeota;c__Thorarchaeia;o__Thorarchaeales;f__Thorarchaeaceae;g__MP8T-1;s__	taxonomic classification defined by topology and ANI	topological placement and ANI have congruent species assignments	GCA_018238205.1, s__MP8T-1 sp018238205, 95.0, 92.07, 0.451; GCA_018238825.1, s__MP8T-1 sp018238825, 95.0, 92.01, 0.363	67.42	11	N/A	N/A
S7_bin1	d__Archaea;p__Asgardarchaeota;c__Thorarchaeia;o__Thorarchaeales;f__Thorarchaeaceae;g__WTCK01;s__WTCK01 sp030612365	GCA_030612365.1	95.0	d__Archaea;p__Asgardarchaeota;c__Thorarchaeia;o__Thorarchaeales;f__Thorarchaeaceae;g__WTCK01;s__WTCK01 sp030612365	98.68	0.769	GCA_030612365.1	95.0	d__Archaea;p__Asgardarchaeota;c__Thorarchaeia;o__Thorarchaeales;f__Thorarchaeaceae;g__WTCK01;s__WTCK01 sp030612365	98.68	0.769	d__Archaea;p__Asgardarchaeota;c__Thorarchaeia;o__Thorarchaeales;f__Thorarchaeaceae;g__WTCK01;s__	taxonomic classification defined by topology and ANI	topological placement and ANI have congruent species assignments	GCA_019057475.1, s__WTCK01 sp019057475, 95.0, 90.9, 0.675; GCA_023134215.1, s__WTCK01 sp023134215, 95.0, 90.55, 0.555; GCA_013138615.1, s__WTCK01 sp013138615, 95.0, 89.9, 0.314; GCA_018238375.1, s__WTCK01 sp018238375, 95.0, 89.74, 0.618; GCA_030669595.1, s__WTCK01 sp030669595, 95.0, 89.56, 0.535; GCA_030642465.1, s__WTCK01 sp030642465, 95.0, 88.41, 0.387	82.88	11	N/A	N/A
S7_bin6	d__Archaea;p__Asgardarchaeota;c__Thorarchaeia;o__Thorarchaeales;f__Thorarchaeaceae;g__MP8T-1;s__	N/A	N/A	N/A	N/A	N/A	GCA_030612005.1	95.0	d__Archaea;p__Asgardarchaeota;c__Thorarchaeia;o__Thorarchaeales;f__Thorarchaeaceae;g__MP8T-1;s__MP8T-1 sp030612005	98.66	0.416	d__Archaea;p__Asgardarchaeota;c__Thorarchaeia;o__Thorarchaeales;f__Thorarchaeaceae;g__MP8T-1;s__	taxonomic classification defined by topology and ANI	N/A	GCA_018238205.1, s__MP8T-1 sp018238205, 95.0, 93.28, 0.189; GCA_018238825.1, s__MP8T-1 sp018238825, 95.0, 92.92, 0.158	50.69	11	0.9967	N/A
S8_bin41	d__Archaea;p__Asgardarchaeota;c__Lokiarchaeia;o__Sigynarchaeales;f__SOKP01;g__SOKP01;s__	N/A	N/A	N/A	N/A	N/A	GCA_030612905.1	95.0	d__Archaea;p__Asgardarchaeota;c__Lokiarchaeia;o__Sigynarchaeales;f__SOKP01;g__SOKP01;s__SOKP01 sp030612905	98.6	0.453	d__Archaea;p__Asgardarchaeota;c__Lokiarchaeia;o__Sigynarchaeales;f__SOKP01;g__SOKP01;s__	taxonomic classification defined by topology and ANI	N/A	GCA_019057795.1, s__SOKP01 sp019057795, 95.0, 94.62, 0.384; GCA_005222975.1, s__SOKP01 sp005222975, 95.0, 94.61, 0.335; GCA_030615145.1, s__SOKP01 sp030615145, 95.0, 94.22, 0.247; GCA_030606095.1, s__SOKP01 sp030606095, 95.0, 93.9, 0.252; GCA_029856105.1, s__SOKP01 sp029856105, 95.0, 93.84, 0.319; GCA_018238625.1, s__SOKP01 sp018238625, 95.0, 93.55, 0.346	35.95	11	0.99599	N/A
SHR11	d__Archaea;p__Asgardarchaeota;c__Heimdallarchaeia;o__Heimdallarchaeales;f__Heimdallarchaeaceae;g__18H4-34;s__18H4-34 sp023705985	GCA_023705985.1	95.0	d__Archaea;p__Asgardarchaeota;c__Heimdallarchaeia;o__Heimdallarchaeales;f__Heimdallarchaeaceae;g__18H4-34;s__18H4-34 sp023705985	97.47	0.746	GCA_023705985.1	95.0	d__Archaea;p__Asgardarchaeota;c__Heimdallarchaeia;o__Heimdallarchaeales;f__Heimdallarchaeaceae;g__18H4-34;s__18H4-34 sp023705985	97.47	0.746	d__Archaea;p__Asgardarchaeota;c__Heimdallarchaeia;o__Heimdallarchaeales;f__Heimdallarchaeaceae;g__18H4-34;s__	taxonomic classification defined by topology and ANI	topological placement and ANI have congruent species assignments	GCA_019057815.1, s__18H4-34 sp019057815, 95.0, 92.38, 0.608	91.79	11	N/A	N/A
SMTZ1_45_clean	d__Archaea;p__Asgardarchaeota;c__Thorarchaeia;o__Thorarchaeales;f__Thorarchaeaceae;g__SMTZ1-45;s__SMTZ1-45 sp001563335	GCA_001563335.1	95.0	d__Archaea;p__Asgardarchaeota;c__Thorarchaeia;o__Thorarchaeales;f__Thorarchaeaceae;g__SMTZ1-45;s__SMTZ1-45 sp001563335	99.93	0.911	GCA_001563335.1	95.0	d__Archaea;p__Asgardarchaeota;c__Thorarchaeia;o__Thorarchaeales;f__Thorarchaeaceae;g__SMTZ1-45;s__SMTZ1-45 sp001563335	99.93	0.911	d__Archaea;p__Asgardarchaeota;c__Thorarchaeia;o__Thorarchaeales;f__Thorarchaeaceae;g__SMTZ1-45;s__	taxonomic classification defined by topology and ANI	topological placement and ANI have congruent species assignments	N/A	51.15	11	N/A	N/A
SMTZ1_83_clean	d__Archaea;p__Asgardarchaeota;c__Thorarchaeia;o__Thorarchaeales;f__Thorarchaeaceae;g__SMTZ1-83;s__SMTZ1-83 sp016840795	GCA_016840795.1	95.0	d__Archaea;p__Asgardarchaeota;c__Thorarchaeia;o__Thorarchaeales;f__Thorarchaeaceae;g__SMTZ1-83;s__SMTZ1-83 sp016840795	99.72	0.758	GCA_016840795.1	95.0	d__Archaea;p__Asgardarchaeota;c__Thorarchaeia;o__Thorarchaeales;f__Thorarchaeaceae;g__SMTZ1-83;s__SMTZ1-83 sp016840795	99.72	0.758	d__Archaea;p__Asgardarchaeota;c__Thorarchaeia;o__Thorarchaeales;f__Thorarchaeaceae;g__SMTZ1-83;s__	taxonomic classification defined by topology and ANI	topological placement and ANI have congruent species assignments	GCA_029856425.1, s__SMTZ1-83 sp029856425, 95.0, 99.61, 0.212; GCA_020355105.1, s__SMTZ1-83 sp020355105, 95.0, 83.91, 0.17	66.1	11	N/A	Genome has more than 15.1% of markers with multiple hits
SMTZ_45	d__Archaea;p__Asgardarchaeota;c__Thorarchaeia;o__Thorarchaeales;f__Thorarchaeaceae;g__SMTZ1-45;s__SMTZ1-45 sp001563335	GCA_001563335.1	95.0	d__Archaea;p__Asgardarchaeota;c__Thorarchaeia;o__Thorarchaeales;f__Thorarchaeaceae;g__SMTZ1-45;s__SMTZ1-45 sp001563335	99.91	0.561	GCA_001563335.1	95.0	d__Archaea;p__Asgardarchaeota;c__Thorarchaeia;o__Thorarchaeales;f__Thorarchaeaceae;g__SMTZ1-45;s__SMTZ1-45 sp001563335	99.91	0.561	d__Archaea;p__Asgardarchaeota;c__Thorarchaeia;o__Thorarchaeales;f__Thorarchaeaceae;g__SMTZ1-45;s__	taxonomic classification defined by topology and ANI	topological placement and ANI have congruent species assignments	N/A	53.25	11	N/A	N/A
SRVP18_trench_6_60cm_Atabeya_1_Complete_Final	d__Archaea;p__Asgardarchaeota;c__Atabeyarchaeia;o__Atabeyarchaeales;f__Atabeyarchaeaceae;g__JAHPYV01;s__JAHPYV01 sp037308085	GCA_037308085.1	95.0	d__Archaea;p__Asgardarchaeota;c__Atabeyarchaeia;o__Atabeyarchaeales;f__Atabeyarchaeaceae;g__JAHPYV01;s__JAHPYV01 sp037308085	100.0	1.0	GCA_037308085.1	95.0	d__Archaea;p__Asgardarchaeota;c__Atabeyarchaeia;o__Atabeyarchaeales;f__Atabeyarchaeaceae;g__JAHPYV01;s__JAHPYV01 sp037308085	100.0	1.0	d__Archaea;p__Asgardarchaeota;c__Atabeyarchaeia;o__Atabeyarchaeales;f__Atabeyarchaeaceae;g__JAHPYV01;s__	taxonomic classification defined by topology and ANI	topological placement and ANI have congruent species assignments	N/A	98.54	11	N/A	N/A
SRVP_Freyarchaeota_final_genome	d__Archaea;p__Asgardarchaeota;c__Jordiarchaeia;o__Jordiarchaeales;f__Jordiarchaeaceae;g__Jordiarchaeum;s__Jordiarchaeum deiterrae	GCA_037305845.1	95.0	d__Archaea;p__Asgardarchaeota;c__Jordiarchaeia;o__Jordiarchaeales;f__Jordiarchaeaceae;g__Jordiarchaeum;s__Jordiarchaeum deiterrae	100.0	1.0	GCA_037305845.1	95.0	d__Archaea;p__Asgardarchaeota;c__Jordiarchaeia;o__Jordiarchaeales;f__Jordiarchaeaceae;g__Jordiarchaeum;s__Jordiarchaeum deiterrae	100.0	1.0	d__Archaea;p__Asgardarchaeota;c__Jordiarchaeia;o__Jordiarchaeales;f__Jordiarchaeaceae;g__Jordiarchaeum;s__	taxonomic classification defined by topology and ANI	topological placement and ANI have congruent species assignments	N/A	94.42	11	N/A	N/A
WORA1	d__Archaea;p__Asgardarchaeota;c__Sifarchaeia;o__Borrarchaeales;f__Borrarchaeaceae;g__Borrarchaeum;s__Borrarchaeum yapensis	GCA_016840515.1	95.0	d__Archaea;p__Asgardarchaeota;c__Sifarchaeia;o__Borrarchaeales;f__Borrarchaeaceae;g__Borrarchaeum;s__Borrarchaeum yapensis	98.9	0.886	GCA_016840515.1	95.0	d__Archaea;p__Asgardarchaeota;c__Sifarchaeia;o__Borrarchaeales;f__Borrarchaeaceae;g__Borrarchaeum;s__Borrarchaeum yapensis	98.9	0.886	d__Archaea;p__Asgardarchaeota;c__Sifarchaeia;o__Borrarchaeales;f__Borrarchaeaceae;g__Borrarchaeum;s__	taxonomic classification defined by topology and ANI	topological placement and ANI have congruent species assignments	GCA_019057385.1, s__Borrarchaeum weybense, 95.0, 91.31, 0.528	79.69	11	N/A	N/A
WORB2	d__Archaea;p__Asgardarchaeota;c__Hermodarchaeia;o__Hermodarchaeales;f__Hermodarchaeaceae;g__Hermodarchaeum;s__Hermodarchaeum yapensis	GCA_016840405.1	95.0	d__Archaea;p__Asgardarchaeota;c__Hermodarchaeia;o__Hermodarchaeales;f__Hermodarchaeaceae;g__Hermodarchaeum;s__Hermodarchaeum yapensis	99.97	0.981	GCA_016840405.1	95.0	d__Archaea;p__Asgardarchaeota;c__Hermodarchaeia;o__Hermodarchaeales;f__Hermodarchaeaceae;g__Hermodarchaeum;s__Hermodarchaeum yapensis	99.97	0.981	d__Archaea;p__Asgardarchaeota;c__Hermodarchaeia;o__Hermodarchaeales;f__Hermodarchaeaceae;g__Hermodarchaeum;s__	taxonomic classification defined by topology and ANI	topological placement and ANI have congruent species assignments	N/A	88.79	11	N/A	N/A
WORB4	d__Archaea;p__Asgardarchaeota;c__Lokiarchaeia;o__Sigynarchaeales;f__SOKP01;g__6H3-1;s__6H3-1 sp029856375	GCA_029856375.1	95.0	d__Archaea;p__Asgardarchaeota;c__Lokiarchaeia;o__Sigynarchaeales;f__SOKP01;g__6H3-1;s__6H3-1 sp029856375	100.0	0.999	GCA_029856375.1	95.0	d__Archaea;p__Asgardarchaeota;c__Lokiarchaeia;o__Sigynarchaeales;f__SOKP01;g__6H3-1;s__6H3-1 sp029856375	100.0	0.999	d__Archaea;p__Asgardarchaeota;c__Lokiarchaeia;o__Sigynarchaeales;f__SOKP01;g__6H3-1;s__	taxonomic classification defined by topology and ANI	topological placement and ANI have congruent species assignments	N/A	60.54	11	N/A	N/A
WORC5	d__Archaea;p__Asgardarchaeota;c__Lokiarchaeia;o__Sigynarchaeales;f__SOKP01;g__Loki-b32;s__Loki-b32 sp029856445	GCA_029856445.1	95.0	d__Archaea;p__Asgardarchaeota;c__Lokiarchaeia;o__Sigynarchaeales;f__SOKP01;g__Loki-b32;s__Loki-b32 sp029856445	100.0	0.999	GCA_029856445.1	95.0	d__Archaea;p__Asgardarchaeota;c__Lokiarchaeia;o__Sigynarchaeales;f__SOKP01;g__Loki-b32;s__Loki-b32 sp029856445	100.0	0.999	d__Archaea;p__Asgardarchaeota;c__Lokiarchaeia;o__Sigynarchaeales;f__SOKP01;g__Loki-b32;s__	taxonomic classification defined by topology and ANI	topological placement and ANI have congruent species assignments	GCA_029856085.1, s__Loki-b32 sp029856085, 95.0, 84.45, 0.162	79.09	11	N/A	N/A
WORE3	d__Archaea;p__Asgardarchaeota;c__Heimdallarchaeia;o__Hodarchaeales;f__Hodarchaeaceae;g__Hodarchaeum;s__Hodarchaeum sp029856365	GCA_029856365.1	95.0	d__Archaea;p__Asgardarchaeota;c__Heimdallarchaeia;o__Hodarchaeales;f__Hodarchaeaceae;g__Hodarchaeum;s__Hodarchaeum sp029856365	100.0	0.999	GCA_029856365.1	95.0	d__Archaea;p__Asgardarchaeota;c__Heimdallarchaeia;o__Hodarchaeales;f__Hodarchaeaceae;g__Hodarchaeum;s__Hodarchaeum sp029856365	100.0	0.999	d__Archaea;p__Asgardarchaeota;c__Heimdallarchaeia;o__Hodarchaeales;f__Hodarchaeaceae;g__Hodarchaeum;s__	taxonomic classification defined by topology and ANI	topological placement and ANI have congruent species assignments	GCA_020351745.1, s__Hodarchaeum sp020351745, 95.0, 83.5, 0.345	81.29	11	N/A	N/A
WORH6	d__Archaea;p__Asgardarchaeota;c__Thorarchaeia;o__Thorarchaeales;f__Thorarchaeaceae;g__SMTZ1-83;s__SMTZ1-83 sp029856425	GCA_029856425.1	95.0	d__Archaea;p__Asgardarchaeota;c__Thorarchaeia;o__Thorarchaeales;f__Thorarchaeaceae;g__SMTZ1-83;s__SMTZ1-83 sp029856425	100.0	0.999	GCA_029856425.1	95.0	d__Archaea;p__Asgardarchaeota;c__Thorarchaeia;o__Thorarchaeales;f__Thorarchaeaceae;g__SMTZ1-83;s__SMTZ1-83 sp029856425	100.0	0.999	d__Archaea;p__Asgardarchaeota;c__Thorarchaeia;o__Thorarchaeales;f__Thorarchaeaceae;g__SMTZ1-83;s__	taxonomic classification defined by topology and ANI	topological placement and ANI have congruent species assignments	N/A	57.23	11	N/A	N/A
ex4484_83	d__Archaea;p__Asgardarchaeota;c__Heimdallarchaeia;o__JABLTI01;f__JABLTI01;g__JABLTI01;s__JABLTI01 sp019056785	GCA_019056785.1	95.0	d__Archaea;p__Asgardarchaeota;c__Heimdallarchaeia;o__JABLTI01;f__JABLTI01;g__JABLTI01;s__JABLTI01 sp019056785	99.79	0.932	GCA_019056785.1	95.0	d__Archaea;p__Asgardarchaeota;c__Heimdallarchaeia;o__JABLTI01;f__JABLTI01;g__JABLTI01;s__JABLTI01 sp019056785	99.79	0.932	d__Archaea;p__Asgardarchaeota;c__Heimdallarchaeia;o__JABLTI01;f__JABLTI01;g__JABLTI01;s__	taxonomic classification defined by topology and ANI	topological placement and ANI have congruent species assignments	N/A	77.21	11	N/A	N/A
